Mar  6 11:35:30 aascedu kernel: Linux version 6.16.1aascedu (root@aascedu) (gcc (GCC) 15.2.0, GNU ld (GNU Binutils) 2.45) #1 SMP PREEMPT_DYNAMIC Fri Mar  6 09:31:47 CET 2026
Mar  6 11:35:30 aascedu kernel: Command line: BOOT_IMAGE=/vmlinuz-6.16.1-lfs-12.4 root=PARTUUID=88408a23-622f-46c6-96b4-4c40c536478e ro
Mar  6 11:35:30 aascedu kernel: BIOS-provided physical RAM map:
Mar  6 11:35:30 aascedu kernel: BIOS-e820: [mem 0x0000000000000000-0x000000000009fbff] usable
Mar  6 11:35:30 aascedu kernel: BIOS-e820: [mem 0x000000000009fc00-0x000000000009ffff] reserved
Mar  6 11:35:30 aascedu kernel: BIOS-e820: [mem 0x00000000000f0000-0x00000000000fffff] reserved
Mar  6 11:35:30 aascedu kernel: BIOS-e820: [mem 0x0000000000100000-0x00000000bffdffff] usable
Mar  6 11:35:30 aascedu kernel: BIOS-e820: [mem 0x00000000bffe0000-0x00000000bfffffff] reserved
Mar  6 11:35:30 aascedu kernel: BIOS-e820: [mem 0x00000000feffc000-0x00000000feffffff] reserved
Mar  6 11:35:30 aascedu kernel: BIOS-e820: [mem 0x00000000fffc0000-0x00000000ffffffff] reserved
Mar  6 11:35:30 aascedu kernel: BIOS-e820: [mem 0x0000000100000000-0x000000023fffffff] usable
Mar  6 11:35:30 aascedu kernel: NX (Execute Disable) protection: active
Mar  6 11:35:30 aascedu kernel: APIC: Static calls initialized
Mar  6 11:35:30 aascedu kernel: SMBIOS 2.8 present.
Mar  6 11:35:30 aascedu kernel: DMI: QEMU Standard PC (i440FX + PIIX, 1996), BIOS 1.15.0-1 04/01/2014
Mar  6 11:35:30 aascedu kernel: DMI: Memory slots populated: 1/1
Mar  6 11:35:30 aascedu kernel: Hypervisor detected: KVM
Mar  6 11:35:30 aascedu kernel: kvm-clock: Using msrs 4b564d01 and 4b564d00
Mar  6 11:35:30 aascedu kernel: kvm-clock: using sched offset of 2461730442 cycles
Mar  6 11:35:30 aascedu kernel: clocksource: kvm-clock: mask: 0xffffffffffffffff max_cycles: 0x1cd42e4dffb, max_idle_ns: 881590591483 ns
Mar  6 11:35:30 aascedu kernel: tsc: Detected 2112.000 MHz processor
Mar  6 11:35:30 aascedu kernel: e820: update [mem 0x00000000-0x00000fff] usable ==> reserved
Mar  6 11:35:30 aascedu kernel: e820: remove [mem 0x000a0000-0x000fffff] usable
Mar  6 11:35:30 aascedu kernel: last_pfn = 0x240000 max_arch_pfn = 0x400000000
Mar  6 11:35:30 aascedu kernel: MTRR map: 4 entries (3 fixed + 1 variable; max 19), built from 8 variable MTRRs
Mar  6 11:35:30 aascedu kernel: x86/PAT: Configuration [0-7]: WB  WC  UC- UC  WB  WP  UC- WT  
Mar  6 11:35:30 aascedu kernel: last_pfn = 0xbffe0 max_arch_pfn = 0x400000000
Mar  6 11:35:30 aascedu kernel: found SMP MP-table at [mem 0x000f5b90-0x000f5b9f]
Mar  6 11:35:30 aascedu kernel: Using GB pages for direct mapping
Mar  6 11:35:30 aascedu kernel: ACPI: Early table checksum verification disabled
Mar  6 11:35:30 aascedu kernel: ACPI: RSDP 0x00000000000F59B0 000014 (v00 BOCHS )
Mar  6 11:35:30 aascedu kernel: ACPI: RSDT 0x00000000BFFE1FFD 000034 (v01 BOCHS  BXPC     00000001 BXPC 00000001)
Mar  6 11:35:30 aascedu kernel: ACPI: FACP 0x00000000BFFE1E19 000074 (v01 BOCHS  BXPC     00000001 BXPC 00000001)
Mar  6 11:35:30 aascedu kernel: ACPI: DSDT 0x00000000BFFE0040 001DD9 (v01 BOCHS  BXPC     00000001 BXPC 00000001)
Mar  6 11:35:30 aascedu kernel: ACPI: FACS 0x00000000BFFE0000 000040
Mar  6 11:35:30 aascedu kernel: ACPI: APIC 0x00000000BFFE1E8D 000110 (v01 BOCHS  BXPC     00000001 BXPC 00000001)
Mar  6 11:35:30 aascedu kernel: ACPI: HPET 0x00000000BFFE1F9D 000038 (v01 BOCHS  BXPC     00000001 BXPC 00000001)
Mar  6 11:35:30 aascedu kernel: ACPI: WAET 0x00000000BFFE1FD5 000028 (v01 BOCHS  BXPC     00000001 BXPC 00000001)
Mar  6 11:35:30 aascedu kernel: ACPI: Reserving FACP table memory at [mem 0xbffe1e19-0xbffe1e8c]
Mar  6 11:35:30 aascedu kernel: ACPI: Reserving DSDT table memory at [mem 0xbffe0040-0xbffe1e18]
Mar  6 11:35:30 aascedu kernel: ACPI: Reserving FACS table memory at [mem 0xbffe0000-0xbffe003f]
Mar  6 11:35:30 aascedu kernel: ACPI: Reserving APIC table memory at [mem 0xbffe1e8d-0xbffe1f9c]
Mar  6 11:35:30 aascedu kernel: ACPI: Reserving HPET table memory at [mem 0xbffe1f9d-0xbffe1fd4]
Mar  6 11:35:30 aascedu kernel: ACPI: Reserving WAET table memory at [mem 0xbffe1fd5-0xbffe1ffc]
Mar  6 11:35:30 aascedu kernel: No NUMA configuration found
Mar  6 11:35:30 aascedu kernel: Faking a node at [mem 0x0000000000000000-0x000000023fffffff]
Mar  6 11:35:30 aascedu kernel: NODE_DATA(0) allocated [mem 0x23fffa900-0x23fffdfff]
Mar  6 11:35:30 aascedu kernel: Zone ranges:
Mar  6 11:35:30 aascedu kernel:   DMA      [mem 0x0000000000001000-0x0000000000ffffff]
Mar  6 11:35:30 aascedu kernel:   DMA32    [mem 0x0000000001000000-0x00000000ffffffff]
Mar  6 11:35:30 aascedu kernel:   Normal   [mem 0x0000000100000000-0x000000023fffffff]
Mar  6 11:35:30 aascedu kernel: Movable zone start for each node
Mar  6 11:35:30 aascedu kernel: Early memory node ranges
Mar  6 11:35:30 aascedu kernel:   node   0: [mem 0x0000000000001000-0x000000000009efff]
Mar  6 11:35:30 aascedu kernel:   node   0: [mem 0x0000000000100000-0x00000000bffdffff]
Mar  6 11:35:30 aascedu kernel:   node   0: [mem 0x0000000100000000-0x000000023fffffff]
Mar  6 11:35:30 aascedu kernel: Initmem setup node 0 [mem 0x0000000000001000-0x000000023fffffff]
Mar  6 11:35:30 aascedu kernel: On node 0, zone DMA: 1 pages in unavailable ranges
Mar  6 11:35:30 aascedu kernel: On node 0, zone DMA: 97 pages in unavailable ranges
Mar  6 11:35:30 aascedu kernel: On node 0, zone Normal: 32 pages in unavailable ranges
Mar  6 11:35:30 aascedu kernel: ACPI: PM-Timer IO Port: 0x608
Mar  6 11:35:30 aascedu kernel: ACPI: LAPIC_NMI (acpi_id[0xff] dfl dfl lint[0x1])
Mar  6 11:35:30 aascedu kernel: IOAPIC[0]: apic_id 0, version 17, address 0xfec00000, GSI 0-23
Mar  6 11:35:30 aascedu kernel: ACPI: INT_SRC_OVR (bus 0 bus_irq 0 global_irq 2 dfl dfl)
Mar  6 11:35:30 aascedu kernel: ACPI: INT_SRC_OVR (bus 0 bus_irq 5 global_irq 5 high level)
Mar  6 11:35:30 aascedu kernel: ACPI: INT_SRC_OVR (bus 0 bus_irq 9 global_irq 9 high level)
Mar  6 11:35:30 aascedu kernel: ACPI: INT_SRC_OVR (bus 0 bus_irq 10 global_irq 10 high level)
Mar  6 11:35:30 aascedu kernel: ACPI: INT_SRC_OVR (bus 0 bus_irq 11 global_irq 11 high level)
Mar  6 11:35:30 aascedu kernel: ACPI: Using ACPI (MADT) for SMP configuration information
Mar  6 11:35:30 aascedu kernel: ACPI: HPET id: 0x8086a201 base: 0xfed00000
Mar  6 11:35:30 aascedu kernel: TSC deadline timer available
Mar  6 11:35:30 aascedu kernel: CPU topo: Max. logical packages:   1
Mar  6 11:35:30 aascedu kernel: CPU topo: Max. logical dies:       1
Mar  6 11:35:30 aascedu kernel: CPU topo: Max. dies per package:   1
Mar  6 11:35:30 aascedu kernel: CPU topo: Max. threads per core:   1
Mar  6 11:35:30 aascedu kernel: CPU topo: Num. cores per package:    20
Mar  6 11:35:30 aascedu kernel: CPU topo: Num. threads per package:  20
Mar  6 11:35:30 aascedu kernel: CPU topo: Allowing 20 present CPUs plus 0 hotplug CPUs
Mar  6 11:35:30 aascedu kernel: kvm-guest: APIC: eoi() replaced with kvm_guest_apic_eoi_write()
Mar  6 11:35:30 aascedu kernel: kvm-guest: KVM setup pv remote TLB flush
Mar  6 11:35:30 aascedu kernel: kvm-guest: setup PV sched yield
Mar  6 11:35:30 aascedu kernel: PM: hibernation: Registered nosave memory: [mem 0x00000000-0x00000fff]
Mar  6 11:35:30 aascedu kernel: PM: hibernation: Registered nosave memory: [mem 0x0009f000-0x000fffff]
Mar  6 11:35:30 aascedu kernel: PM: hibernation: Registered nosave memory: [mem 0xbffe0000-0xffffffff]
Mar  6 11:35:30 aascedu kernel: [mem 0xc0000000-0xfeffbfff] available for PCI devices
Mar  6 11:35:30 aascedu kernel: Booting paravirtualized kernel on KVM
Mar  6 11:35:30 aascedu kernel: clocksource: refined-jiffies: mask: 0xffffffff max_cycles: 0xffffffff, max_idle_ns: 1910969940391419 ns
Mar  6 11:35:30 aascedu kernel: setup_percpu: NR_CPUS:64 nr_cpumask_bits:20 nr_cpu_ids:20 nr_node_ids:1
Mar  6 11:35:30 aascedu kernel: percpu: Embedded 52 pages/cpu s172760 r8192 d32040 u262144
Mar  6 11:35:30 aascedu kernel: pcpu-alloc: s172760 r8192 d32040 u262144 alloc=1*2097152
Mar  6 11:35:30 aascedu kernel: pcpu-alloc: [0] 00 01 02 03 04 05 06 07 [0] 08 09 10 11 12 13 14 15 
Mar  6 11:35:30 aascedu kernel: pcpu-alloc: [0] 16 17 18 19 -- -- -- -- 
Mar  6 11:35:30 aascedu kernel: Kernel command line: BOOT_IMAGE=/vmlinuz-6.16.1-lfs-12.4 root=PARTUUID=88408a23-622f-46c6-96b4-4c40c536478e ro
Mar  6 11:35:30 aascedu kernel: Unknown kernel command line parameters "BOOT_IMAGE=/vmlinuz-6.16.1-lfs-12.4", will be passed to user space.
Mar  6 11:35:30 aascedu kernel: random: crng init done
Mar  6 11:35:30 aascedu kernel: printk: log buffer data + meta data: 262144 + 917504 = 1179648 bytes
Mar  6 11:35:30 aascedu kernel: Dentry cache hash table entries: 1048576 (order: 11, 8388608 bytes, linear)
Mar  6 11:35:30 aascedu kernel: Inode-cache hash table entries: 524288 (order: 10, 4194304 bytes, linear)
Mar  6 11:35:30 aascedu kernel: software IO TLB: area num 32.
Mar  6 11:35:30 aascedu kernel: Fallback order for Node 0: 0 
Mar  6 11:35:30 aascedu kernel: Built 1 zonelists, mobility grouping on.  Total pages: 2097022
Mar  6 11:35:30 aascedu kernel: Policy zone: Normal
Mar  6 11:35:30 aascedu kernel: mem auto-init: stack:all(zero), heap alloc:off, heap free:off
Mar  6 11:35:30 aascedu kernel: SLUB: HWalign=64, Order=0-3, MinObjects=0, CPUs=20, Nodes=1
Mar  6 11:35:30 aascedu kernel: Dynamic Preempt: voluntary
Mar  6 11:35:30 aascedu kernel: rcu: Preemptible hierarchical RCU implementation.
Mar  6 11:35:30 aascedu kernel: rcu: \x09RCU event tracing is enabled.
Mar  6 11:35:30 aascedu kernel: rcu: \x09RCU restricting CPUs from NR_CPUS=64 to nr_cpu_ids=20.
Mar  6 11:35:30 aascedu kernel: \x09Trampoline variant of Tasks RCU enabled.
Mar  6 11:35:30 aascedu kernel: \x09Tracing variant of Tasks RCU enabled.
Mar  6 11:35:30 aascedu kernel: rcu: RCU calculated value of scheduler-enlistment delay is 100 jiffies.
Mar  6 11:35:30 aascedu kernel: rcu: Adjusting geometry for rcu_fanout_leaf=16, nr_cpu_ids=20
Mar  6 11:35:30 aascedu kernel: RCU Tasks: Setting shift to 5 and lim to 1 rcu_task_cb_adjust=1 rcu_task_cpu_ids=20.
Mar  6 11:35:30 aascedu kernel: RCU Tasks Trace: Setting shift to 5 and lim to 1 rcu_task_cb_adjust=1 rcu_task_cpu_ids=20.
Mar  6 11:35:30 aascedu kernel: NR_IRQS: 4352, nr_irqs: 584, preallocated irqs: 16
Mar  6 11:35:30 aascedu kernel: rcu: srcu_init: Setting srcu_struct sizes based on contention.
Mar  6 11:35:30 aascedu kernel: Console: colour dummy device 80x25
Mar  6 11:35:30 aascedu kernel: printk: legacy console [tty0] enabled
Mar  6 11:35:30 aascedu kernel: ACPI: Core revision 20250404
Mar  6 11:35:30 aascedu kernel: clocksource: hpet: mask: 0xffffffff max_cycles: 0xffffffff, max_idle_ns: 19112604467 ns
Mar  6 11:35:30 aascedu kernel: APIC: Switch to symmetric I/O mode setup
Mar  6 11:35:30 aascedu kernel: x2apic enabled
Mar  6 11:35:30 aascedu kernel: APIC: Switched APIC routing to: physical x2apic
Mar  6 11:35:30 aascedu kernel: kvm-guest: APIC: send_IPI_mask() replaced with kvm_send_ipi_mask()
Mar  6 11:35:30 aascedu kernel: kvm-guest: APIC: send_IPI_mask_allbutself() replaced with kvm_send_ipi_mask_allbutself()
Mar  6 11:35:30 aascedu kernel: kvm-guest: setup PV IPIs
Mar  6 11:35:30 aascedu kernel: ..TIMER: vector=0x30 apic1=0 pin1=2 apic2=-1 pin2=-1
Mar  6 11:35:30 aascedu kernel: clocksource: tsc-early: mask: 0xffffffffffffffff max_cycles: 0x1e71785e5dd, max_idle_ns: 440795244814 ns
Mar  6 11:35:30 aascedu kernel: Calibrating delay loop (skipped) preset value.. 4224.00 BogoMIPS (lpj=2112000)
Mar  6 11:35:30 aascedu kernel: x86/cpu: User Mode Instruction Prevention (UMIP) activated
Mar  6 11:35:30 aascedu kernel: Last level iTLB entries: 4KB 0, 2MB 0, 4MB 0
Mar  6 11:35:30 aascedu kernel: Last level dTLB entries: 4KB 0, 2MB 0, 4MB 0, 1GB 0
Mar  6 11:35:30 aascedu kernel: Speculative Store Bypass: Mitigation: Speculative Store Bypass disabled via prctl
Mar  6 11:35:30 aascedu kernel: Spectre V2 : Mitigation: Enhanced / Automatic IBRS
Mar  6 11:35:30 aascedu kernel: ITS: Mitigation: Aligned branch/return thunks
Mar  6 11:35:30 aascedu kernel: Spectre V1 : Mitigation: usercopy/swapgs barriers and __user pointer sanitization
Mar  6 11:35:30 aascedu kernel: Spectre V2 : Spectre v2 / PBRSB-eIBRS: Retire a single CALL on VMEXIT
Mar  6 11:35:30 aascedu kernel: Spectre V2 : mitigation: Enabling conditional Indirect Branch Prediction Barrier
Mar  6 11:35:30 aascedu kernel: Spectre V2 : Spectre BHI mitigation: SW BHB clearing on syscall and VM exit
Mar  6 11:35:30 aascedu kernel: x86/fpu: Supporting XSAVE feature 0x001: 'x87 floating point registers'
Mar  6 11:35:30 aascedu kernel: x86/fpu: Supporting XSAVE feature 0x002: 'SSE registers'
Mar  6 11:35:30 aascedu kernel: x86/fpu: Supporting XSAVE feature 0x004: 'AVX registers'
Mar  6 11:35:30 aascedu kernel: x86/fpu: Supporting XSAVE feature 0x200: 'Protection Keys User registers'
Mar  6 11:35:30 aascedu kernel: x86/fpu: xstate_offset[2]:  576, xstate_sizes[2]:  256
Mar  6 11:35:30 aascedu kernel: x86/fpu: xstate_offset[9]:  832, xstate_sizes[9]:    8
Mar  6 11:35:30 aascedu kernel: x86/fpu: Enabled xstate features 0x207, context size is 840 bytes, using 'compacted' format.
Mar  6 11:35:30 aascedu kernel: Freeing SMP alternatives memory: 56K
Mar  6 11:35:30 aascedu kernel: pid_max: default: 32768 minimum: 301
Mar  6 11:35:30 aascedu kernel: LSM: initializing lsm=capability,selinux
Mar  6 11:35:30 aascedu kernel: SELinux:  Initializing.
Mar  6 11:35:30 aascedu kernel: Mount-cache hash table entries: 16384 (order: 5, 131072 bytes, linear)
Mar  6 11:35:30 aascedu kernel: Mountpoint-cache hash table entries: 16384 (order: 5, 131072 bytes, linear)
Mar  6 11:35:30 aascedu kernel: smpboot: CPU0: 12th Gen Intel(R) Core(TM) i7-12700 (family: 0x6, model: 0x97, stepping: 0x2)
Mar  6 11:35:30 aascedu kernel: Performance Events: Alderlake Hybrid events, full-width counters, Intel PMU driver.
Mar  6 11:35:30 aascedu kernel: core: cpu_core PMU driver: 
Mar  6 11:35:30 aascedu kernel: ... version:                2
Mar  6 11:35:30 aascedu kernel: ... bit width:              48
Mar  6 11:35:30 aascedu kernel: ... generic registers:      6
Mar  6 11:35:30 aascedu kernel: ... value mask:             0000ffffffffffff
Mar  6 11:35:30 aascedu kernel: ... max period:             00007fffffffffff
Mar  6 11:35:30 aascedu kernel: ... fixed-purpose events:   3
Mar  6 11:35:30 aascedu kernel: ... event mask:             000100070000003f
Mar  6 11:35:30 aascedu kernel: signal: max sigframe size: 3632
Mar  6 11:35:30 aascedu kernel: rcu: Hierarchical SRCU implementation.
Mar  6 11:35:30 aascedu kernel: rcu: \x09Max phase no-delay instances is 400.
Mar  6 11:35:30 aascedu kernel: Timer migration: 2 hierarchy levels; 8 children per group; 2 crossnode level
Mar  6 11:35:30 aascedu kernel: smp: Bringing up secondary CPUs ...
Mar  6 11:35:30 aascedu kernel: smpboot: x86: Booting SMP configuration:
Mar  6 11:35:30 aascedu kernel: .... node  #0, CPUs:        #1  #2  #3  #4  #5  #6  #7  #8  #9 #10 #11 #12 #13 #14 #15 #16 #17 #18 #19
Mar  6 11:35:30 aascedu kernel: smp: Brought up 1 node, 20 CPUs
Mar  6 11:35:30 aascedu kernel: smpboot: Total of 20 processors activated (84480.00 BogoMIPS)
Mar  6 11:35:30 aascedu kernel: Memory: 8121692K/8388088K available (18814K kernel code, 2901K rwdata, 7392K rodata, 2812K init, 968K bss, 255672K reserved, 0K cma-reserved)
Mar  6 11:35:30 aascedu kernel: devtmpfs: initialized
Mar  6 11:35:30 aascedu kernel: clocksource: jiffies: mask: 0xffffffff max_cycles: 0xffffffff, max_idle_ns: 1911260446275000 ns
Mar  6 11:35:30 aascedu kernel: posixtimers hash table entries: 16384 (order: 6, 262144 bytes, linear)
Mar  6 11:35:30 aascedu kernel: futex hash table entries: 8192 (524288 bytes on 1 NUMA nodes, total 512 KiB, linear).
Mar  6 11:35:30 aascedu kernel: PM: RTC time: 10:35:30, date: 2026-03-06
Mar  6 11:35:30 aascedu kernel: NET: Registered PF_NETLINK/PF_ROUTE protocol family
Mar  6 11:35:30 aascedu kernel: audit: initializing netlink subsys (disabled)
Mar  6 11:35:30 aascedu kernel: audit: type=2000 audit(1772793331.421:1): state=initialized audit_enabled=0 res=1
Mar  6 11:35:30 aascedu kernel: thermal_sys: Registered thermal governor 'step_wise'
Mar  6 11:35:30 aascedu kernel: cpuidle: using governor menu
Mar  6 11:35:30 aascedu kernel: PCI: Using configuration type 1 for base access
Mar  6 11:35:30 aascedu kernel: kprobes: kprobe jump-optimization is enabled. All kprobes are optimized if possible.
Mar  6 11:35:30 aascedu kernel: HugeTLB: allocation took 0ms with hugepage_allocation_threads=5
Mar  6 11:35:30 aascedu kernel: HugeTLB: registered 2.00 MiB page size, pre-allocated 0 pages
Mar  6 11:35:30 aascedu kernel: HugeTLB: 28 KiB vmemmap can be freed for a 2.00 MiB page
Mar  6 11:35:30 aascedu kernel: ACPI: Added _OSI(Module Device)
Mar  6 11:35:30 aascedu kernel: ACPI: Added _OSI(Processor Device)
Mar  6 11:35:30 aascedu kernel: ACPI: Added _OSI(Processor Aggregator Device)
Mar  6 11:35:30 aascedu kernel: ACPI: 1 ACPI AML tables successfully acquired and loaded
Mar  6 11:35:30 aascedu kernel: ACPI: Interpreter enabled
Mar  6 11:35:30 aascedu kernel: ACPI: PM: (supports S0 S3 S4 S5)
Mar  6 11:35:30 aascedu kernel: ACPI: Using IOAPIC for interrupt routing
Mar  6 11:35:30 aascedu kernel: PCI: Using host bridge windows from ACPI; if necessary, use "pci=nocrs" and report a bug
Mar  6 11:35:30 aascedu kernel: PCI: Using E820 reservations for host bridge windows
Mar  6 11:35:30 aascedu kernel: ACPI: Enabled 2 GPEs in block 00 to 0F
Mar  6 11:35:30 aascedu kernel: ACPI: PCI Root Bridge [PCI0] (domain 0000 [bus 00-ff])
Mar  6 11:35:30 aascedu kernel: acpi PNP0A03:00: _OSC: OS supports [ASPM ClockPM Segments MSI HPX-Type3]
Mar  6 11:35:30 aascedu kernel: acpi PNP0A03:00: _OSC: not requesting OS control; OS requires [ExtendedConfig ASPM ClockPM MSI]
Mar  6 11:35:30 aascedu kernel: acpi PNP0A03:00: fail to add MMCONFIG information, can't access extended configuration space under this bridge
Mar  6 11:35:30 aascedu kernel: PCI host bridge to bus 0000:00
Mar  6 11:35:30 aascedu kernel: pci_bus 0000:00: root bus resource [io  0x0000-0x0cf7 window]
Mar  6 11:35:30 aascedu kernel: pci_bus 0000:00: root bus resource [io  0x0d00-0xffff window]
Mar  6 11:35:30 aascedu kernel: pci_bus 0000:00: root bus resource [mem 0x000a0000-0x000bffff window]
Mar  6 11:35:30 aascedu kernel: pci_bus 0000:00: root bus resource [mem 0xc0000000-0xfebfffff window]
Mar  6 11:35:30 aascedu kernel: pci_bus 0000:00: root bus resource [mem 0x240000000-0x2bfffffff window]
Mar  6 11:35:30 aascedu kernel: pci_bus 0000:00: root bus resource [bus 00-ff]
Mar  6 11:35:30 aascedu kernel: pci 0000:00:00.0: [8086:1237] type 00 class 0x060000 conventional PCI endpoint
Mar  6 11:35:30 aascedu kernel: pci 0000:00:01.0: [8086:7000] type 00 class 0x060100 conventional PCI endpoint
Mar  6 11:35:30 aascedu kernel: pci 0000:00:01.1: [8086:7010] type 00 class 0x010180 conventional PCI endpoint
Mar  6 11:35:30 aascedu kernel: pci 0000:00:01.1: BAR 4 [io  0xc040-0xc04f]
Mar  6 11:35:30 aascedu kernel: pci 0000:00:01.1: BAR 0 [io  0x01f0-0x01f7]: legacy IDE quirk
Mar  6 11:35:30 aascedu kernel: pci 0000:00:01.1: BAR 1 [io  0x03f6]: legacy IDE quirk
Mar  6 11:35:30 aascedu kernel: pci 0000:00:01.1: BAR 2 [io  0x0170-0x0177]: legacy IDE quirk
Mar  6 11:35:30 aascedu kernel: pci 0000:00:01.1: BAR 3 [io  0x0376]: legacy IDE quirk
Mar  6 11:35:30 aascedu kernel: pci 0000:00:01.3: [8086:7113] type 00 class 0x068000 conventional PCI endpoint
Mar  6 11:35:30 aascedu kernel: pci 0000:00:01.3: quirk: [io  0x0600-0x063f] claimed by PIIX4 ACPI
Mar  6 11:35:30 aascedu kernel: pci 0000:00:01.3: quirk: [io  0x0700-0x070f] claimed by PIIX4 SMB
Mar  6 11:35:30 aascedu kernel: pci 0000:00:02.0: [1af4:1050] type 00 class 0x030000 conventional PCI endpoint
Mar  6 11:35:30 aascedu kernel: pci 0000:00:02.0: BAR 0 [mem 0xfe000000-0xfe7fffff pref]
Mar  6 11:35:30 aascedu kernel: pci 0000:00:02.0: BAR 2 [mem 0xfe800000-0xfe803fff 64bit pref]
Mar  6 11:35:30 aascedu kernel: pci 0000:00:02.0: BAR 4 [mem 0xfebb0000-0xfebb0fff]
Mar  6 11:35:30 aascedu kernel: pci 0000:00:02.0: ROM [mem 0xfeba0000-0xfebaffff pref]
Mar  6 11:35:30 aascedu kernel: pci 0000:00:02.0: Video device with shadowed ROM at [mem 0x000c0000-0x000dffff]
Mar  6 11:35:30 aascedu kernel: pci 0000:00:03.0: [8086:100e] type 00 class 0x020000 conventional PCI endpoint
Mar  6 11:35:30 aascedu kernel: pci 0000:00:03.0: BAR 0 [mem 0xfeb80000-0xfeb9ffff]
Mar  6 11:35:30 aascedu kernel: pci 0000:00:03.0: BAR 1 [io  0xc000-0xc03f]
Mar  6 11:35:30 aascedu kernel: pci 0000:00:03.0: ROM [mem 0xfeb00000-0xfeb7ffff pref]
Mar  6 11:35:30 aascedu kernel: ACPI: PCI: Interrupt link LNKA configured for IRQ 10
Mar  6 11:35:30 aascedu kernel: ACPI: PCI: Interrupt link LNKB configured for IRQ 10
Mar  6 11:35:30 aascedu kernel: ACPI: PCI: Interrupt link LNKC configured for IRQ 11
Mar  6 11:35:30 aascedu kernel: ACPI: PCI: Interrupt link LNKD configured for IRQ 11
Mar  6 11:35:30 aascedu kernel: ACPI: PCI: Interrupt link LNKS configured for IRQ 9
Mar  6 11:35:30 aascedu kernel: iommu: Default domain type: Translated
Mar  6 11:35:30 aascedu kernel: iommu: DMA domain TLB invalidation policy: lazy mode
Mar  6 11:35:30 aascedu kernel: SCSI subsystem initialized
Mar  6 11:35:30 aascedu kernel: libata version 3.00 loaded.
Mar  6 11:35:30 aascedu kernel: ACPI: bus type USB registered
Mar  6 11:35:30 aascedu kernel: usbcore: registered new interface driver usbfs
Mar  6 11:35:30 aascedu kernel: usbcore: registered new interface driver hub
Mar  6 11:35:30 aascedu kernel: usbcore: registered new device driver usb
Mar  6 11:35:30 aascedu kernel: pps_core: LinuxPPS API ver. 1 registered
Mar  6 11:35:30 aascedu kernel: pps_core: Software ver. 5.3.6 - Copyright 2005-2007 Rodolfo Giometti <giometti@linux.it>
Mar  6 11:35:30 aascedu kernel: PTP clock support registered
Mar  6 11:35:30 aascedu kernel: Advanced Linux Sound Architecture Driver Initialized.
Mar  6 11:35:30 aascedu kernel: NetLabel: Initializing
Mar  6 11:35:30 aascedu kernel: NetLabel:  domain hash size = 128
Mar  6 11:35:30 aascedu kernel: NetLabel:  protocols = UNLABELED CIPSOv4 CALIPSO
Mar  6 11:35:30 aascedu kernel: NetLabel:  unlabeled traffic allowed by default
Mar  6 11:35:30 aascedu kernel: PCI: Using ACPI for IRQ routing
Mar  6 11:35:30 aascedu kernel: PCI: pci_cache_line_size set to 64 bytes
Mar  6 11:35:30 aascedu kernel: e820: reserve RAM buffer [mem 0x0009fc00-0x0009ffff]
Mar  6 11:35:30 aascedu kernel: e820: reserve RAM buffer [mem 0xbffe0000-0xbfffffff]
Mar  6 11:35:30 aascedu kernel: pci 0000:00:02.0: vgaarb: setting as boot VGA device
Mar  6 11:35:30 aascedu kernel: pci 0000:00:02.0: vgaarb: bridge control possible
Mar  6 11:35:30 aascedu kernel: pci 0000:00:02.0: vgaarb: VGA device added: decodes=io+mem,owns=io+mem,locks=none
Mar  6 11:35:30 aascedu kernel: vgaarb: loaded
Mar  6 11:35:30 aascedu kernel: hpet0: at MMIO 0xfed00000, IRQs 2, 8, 0
Mar  6 11:35:30 aascedu kernel: hpet0: 3 comparators, 64-bit 100.000000 MHz counter
Mar  6 11:35:30 aascedu kernel: clocksource: Switched to clocksource kvm-clock
Mar  6 11:35:30 aascedu kernel: VFS: Disk quotas dquot_6.6.0
Mar  6 11:35:30 aascedu kernel: VFS: Dquot-cache hash table entries: 512 (order 0, 4096 bytes)
Mar  6 11:35:30 aascedu kernel: pnp: PnP ACPI init
Mar  6 11:35:30 aascedu kernel: pnp 00:02: [dma 2]
Mar  6 11:35:30 aascedu kernel: pnp: PnP ACPI: found 6 devices
Mar  6 11:35:30 aascedu kernel: clocksource: acpi_pm: mask: 0xffffff max_cycles: 0xffffff, max_idle_ns: 2085701024 ns
Mar  6 11:35:30 aascedu kernel: NET: Registered PF_INET protocol family
Mar  6 11:35:30 aascedu kernel: IP idents hash table entries: 131072 (order: 8, 1048576 bytes, linear)
Mar  6 11:35:30 aascedu kernel: tcp_listen_portaddr_hash hash table entries: 4096 (order: 4, 65536 bytes, linear)
Mar  6 11:35:30 aascedu kernel: Table-perturb hash table entries: 65536 (order: 6, 262144 bytes, linear)
Mar  6 11:35:30 aascedu kernel: TCP established hash table entries: 65536 (order: 7, 524288 bytes, linear)
Mar  6 11:35:30 aascedu kernel: TCP bind hash table entries: 65536 (order: 9, 2097152 bytes, linear)
Mar  6 11:35:30 aascedu kernel: TCP: Hash tables configured (established 65536 bind 65536)
Mar  6 11:35:30 aascedu kernel: UDP hash table entries: 4096 (order: 6, 262144 bytes, linear)
Mar  6 11:35:30 aascedu kernel: UDP-Lite hash table entries: 4096 (order: 6, 262144 bytes, linear)
Mar  6 11:35:30 aascedu kernel: NET: Registered PF_UNIX/PF_LOCAL protocol family
Mar  6 11:35:30 aascedu kernel: RPC: Registered named UNIX socket transport module.
Mar  6 11:35:30 aascedu kernel: RPC: Registered udp transport module.
Mar  6 11:35:30 aascedu kernel: RPC: Registered tcp transport module.
Mar  6 11:35:30 aascedu kernel: RPC: Registered tcp-with-tls transport module.
Mar  6 11:35:30 aascedu kernel: RPC: Registered tcp NFSv4.1 backchannel transport module.
Mar  6 11:35:30 aascedu kernel: pci_bus 0000:00: resource 4 [io  0x0000-0x0cf7 window]
Mar  6 11:35:30 aascedu kernel: pci_bus 0000:00: resource 5 [io  0x0d00-0xffff window]
Mar  6 11:35:30 aascedu kernel: pci_bus 0000:00: resource 6 [mem 0x000a0000-0x000bffff window]
Mar  6 11:35:30 aascedu kernel: pci_bus 0000:00: resource 7 [mem 0xc0000000-0xfebfffff window]
Mar  6 11:35:30 aascedu kernel: pci_bus 0000:00: resource 8 [mem 0x240000000-0x2bfffffff window]
Mar  6 11:35:30 aascedu kernel: pci 0000:00:01.0: PIIX3: Enabling Passive Release
Mar  6 11:35:30 aascedu kernel: pci 0000:00:00.0: Limiting direct PCI/PCI transfers
Mar  6 11:35:30 aascedu kernel: PCI: CLS 0 bytes, default 64
Mar  6 11:35:30 aascedu kernel: PCI-DMA: Using software bounce buffering for IO (SWIOTLB)
Mar  6 11:35:30 aascedu kernel: software IO TLB: mapped [mem 0x00000000bbfe0000-0x00000000bffe0000] (64MB)
Mar  6 11:35:30 aascedu kernel: RAPL PMU: API unit is 2^-32 Joules, 0 fixed counters, 10737418240 ms ovfl timer
Mar  6 11:35:30 aascedu kernel: clocksource: tsc: mask: 0xffffffffffffffff max_cycles: 0x1e71785e5dd, max_idle_ns: 440795244814 ns
Mar  6 11:35:30 aascedu kernel: Initialise system trusted keyrings
Mar  6 11:35:30 aascedu kernel: workingset: timestamp_bits=40 max_order=21 bucket_order=0
Mar  6 11:35:30 aascedu kernel: NFS: Registering the id_resolver key type
Mar  6 11:35:30 aascedu kernel: Key type id_resolver registered
Mar  6 11:35:30 aascedu kernel: Key type id_legacy registered
Mar  6 11:35:30 aascedu kernel: 9p: Installing v9fs 9p2000 file system support
Mar  6 11:35:30 aascedu kernel: Key type asymmetric registered
Mar  6 11:35:30 aascedu kernel: Asymmetric key parser 'x509' registered
Mar  6 11:35:30 aascedu kernel: Block layer SCSI generic (bsg) driver version 0.4 loaded (major 251)
Mar  6 11:35:30 aascedu kernel: io scheduler mq-deadline registered
Mar  6 11:35:30 aascedu kernel: io scheduler kyber registered
Mar  6 11:35:30 aascedu kernel: input: Power Button as /devices/LNXSYSTM:00/LNXPWRBN:00/input/input0
Mar  6 11:35:30 aascedu kernel: ACPI: button: Power Button [PWRF]
Mar  6 11:35:30 aascedu kernel: ACPI: \x5c_SB_.LNKB: Enabled at IRQ 10
Mar  6 11:35:30 aascedu kernel: Serial: 8250/16550 driver, 4 ports, IRQ sharing enabled
Mar  6 11:35:30 aascedu kernel: 00:04: ttyS0 at I/O 0x3f8 (irq = 4, base_baud = 115200) is a 16550A
Mar  6 11:35:30 aascedu kernel: Non-volatile memory driver v1.3
Mar  6 11:35:30 aascedu kernel: Linux agpgart interface v0.103
Mar  6 11:35:30 aascedu kernel: ACPI: bus type drm_connector registered
Mar  6 11:35:30 aascedu kernel: [drm] pci: virtio-vga detected at 0000:00:02.0
Mar  6 11:35:30 aascedu kernel: virtio-pci 0000:00:02.0: vgaarb: deactivate vga console
Mar  6 11:35:30 aascedu kernel: [drm] features: -virgl +edid -resource_blob -host_visible
Mar  6 11:35:30 aascedu kernel: [drm] features: -context_init
Mar  6 11:35:30 aascedu kernel: [drm] number of scanouts: 1
Mar  6 11:35:30 aascedu kernel: [drm] number of cap sets: 0
Mar  6 11:35:30 aascedu kernel: virtio-pci 0000:00:02.0: [drm] Registered 1 planes with drm panic
Mar  6 11:35:30 aascedu kernel: [drm] Initialized virtio_gpu 0.1.0 for 0000:00:02.0 on minor 0
Mar  6 11:35:30 aascedu kernel: fbcon: virtio_gpudrmfb (fb0) is primary device
Mar  6 11:35:30 aascedu kernel: Console: switching to colour frame buffer device 80x30
Mar  6 11:35:30 aascedu kernel: virtio-pci 0000:00:02.0: [drm] fb0: virtio_gpudrmfb frame buffer device
Mar  6 11:35:30 aascedu kernel: loop: module loaded
Mar  6 11:35:30 aascedu kernel: scsi host0: ata_piix
Mar  6 11:35:30 aascedu kernel: scsi host1: ata_piix
Mar  6 11:35:30 aascedu kernel: ata1: PATA max MWDMA2 cmd 0x1f0 ctl 0x3f6 bmdma 0xc040 irq 14 lpm-pol 0
Mar  6 11:35:30 aascedu kernel: ata2: PATA max MWDMA2 cmd 0x170 ctl 0x376 bmdma 0xc048 irq 15 lpm-pol 0
Mar  6 11:35:30 aascedu kernel: e100: Intel(R) PRO/100 Network Driver
Mar  6 11:35:30 aascedu kernel: e100: Copyright(c) 1999-2006 Intel Corporation
Mar  6 11:35:30 aascedu kernel: e1000: Intel(R) PRO/1000 Network Driver
Mar  6 11:35:30 aascedu kernel: e1000: Copyright (c) 1999-2006 Intel Corporation.
Mar  6 11:35:30 aascedu kernel: ACPI: \x5c_SB_.LNKC: Enabled at IRQ 11
Mar  6 11:35:30 aascedu kernel: ata1: found unknown device (class 0)
Mar  6 11:35:30 aascedu kernel: ata2: found unknown device (class 0)
Mar  6 11:35:30 aascedu kernel: ata1.00: ATA-7: QEMU HARDDISK, 2.5+, max UDMA/100
Mar  6 11:35:30 aascedu kernel: ata1.00: 83886080 sectors, multi 16: LBA48 
Mar  6 11:35:30 aascedu kernel: ata2.00: ATAPI: QEMU DVD-ROM, 2.5+, max UDMA/100
Mar  6 11:35:30 aascedu kernel: scsi 0:0:0:0: Direct-Access     ATA      QEMU HARDDISK    2.5+ PQ: 0 ANSI: 5
Mar  6 11:35:30 aascedu kernel: sd 0:0:0:0: Attached scsi generic sg0 type 0
Mar  6 11:35:30 aascedu kernel: sd 0:0:0:0: [sda] 83886080 512-byte logical blocks: (42.9 GB/40.0 GiB)
Mar  6 11:35:30 aascedu kernel: sd 0:0:0:0: [sda] Write Protect is off
Mar  6 11:35:30 aascedu kernel: sd 0:0:0:0: [sda] Mode Sense: 00 3a 00 00
Mar  6 11:35:30 aascedu kernel: sd 0:0:0:0: [sda] Write cache: enabled, read cache: enabled, doesn't support DPO or FUA
Mar  6 11:35:30 aascedu kernel: sd 0:0:0:0: [sda] Preferred minimum I/O size 512 bytes
Mar  6 11:35:30 aascedu kernel: scsi 1:0:0:0: CD-ROM            QEMU     QEMU DVD-ROM     2.5+ PQ: 0 ANSI: 5
Mar  6 11:35:30 aascedu kernel:  sda: sda1 sda3 sda4 sda5
Mar  6 11:35:30 aascedu kernel: sd 0:0:0:0: [sda] Attached SCSI disk
Mar  6 11:35:30 aascedu kernel: sr 1:0:0:0: [sr0] scsi3-mmc drive: 4x/4x cd/rw xa/form2 tray
Mar  6 11:35:30 aascedu kernel: cdrom: Uniform CD-ROM driver Revision: 3.20
Mar  6 11:35:30 aascedu kernel: sr 1:0:0:0: Attached scsi CD-ROM sr0
Mar  6 11:35:30 aascedu kernel: sr 1:0:0:0: Attached scsi generic sg1 type 5
Mar  6 11:35:30 aascedu kernel: e1000 0000:00:03.0 eth0: (PCI:33MHz:32-bit) 52:54:00:12:34:56
Mar  6 11:35:30 aascedu kernel: e1000 0000:00:03.0 eth0: Intel(R) PRO/1000 Network Connection
Mar  6 11:35:30 aascedu kernel: e1000e: Intel(R) PRO/1000 Network Driver
Mar  6 11:35:30 aascedu kernel: e1000e: Copyright(c) 1999 - 2015 Intel Corporation.
Mar  6 11:35:30 aascedu kernel: sky2: driver version 1.30
Mar  6 11:35:30 aascedu kernel: usbcore: registered new interface driver usblp
Mar  6 11:35:30 aascedu kernel: usbcore: registered new interface driver usb-storage
Mar  6 11:35:30 aascedu kernel: i8042: PNP: PS/2 Controller [PNP0303:KBD,PNP0f13:MOU] at 0x60,0x64 irq 1,12
Mar  6 11:35:30 aascedu kernel: serio: i8042 KBD port at 0x60,0x64 irq 1
Mar  6 11:35:30 aascedu kernel: serio: i8042 AUX port at 0x60,0x64 irq 12
Mar  6 11:35:30 aascedu kernel: rtc_cmos 00:05: RTC can wake from S4
Mar  6 11:35:30 aascedu kernel: input: AT Translated Set 2 keyboard as /devices/platform/i8042/serio0/input/input1
Mar  6 11:35:30 aascedu kernel: rtc_cmos 00:05: registered as rtc0
Mar  6 11:35:30 aascedu kernel: rtc_cmos 00:05: alarms up to one day, y3k, 242 bytes nvram, hpet irqs
Mar  6 11:35:30 aascedu kernel: device-mapper: ioctl: 4.50.0-ioctl (2025-04-28) initialised: dm-devel@lists.linux.dev
Mar  6 11:35:30 aascedu kernel: intel_pstate: CPU model not supported
Mar  6 11:35:30 aascedu kernel: hid: raw HID events driver (C) Jiri Kosina
Mar  6 11:35:30 aascedu kernel: usbcore: registered new interface driver usbhid
Mar  6 11:35:30 aascedu kernel: usbhid: USB HID core driver
Mar  6 11:35:30 aascedu kernel: Initializing XFRM netlink socket
Mar  6 11:35:30 aascedu kernel: NET: Registered PF_INET6 protocol family
Mar  6 11:35:30 aascedu kernel: Segment Routing with IPv6
Mar  6 11:35:30 aascedu kernel: In-situ OAM (IOAM) with IPv6
Mar  6 11:35:30 aascedu kernel: sit: IPv6, IPv4 and MPLS over IPv4 tunneling driver
Mar  6 11:35:30 aascedu kernel: NET: Registered PF_PACKET protocol family
Mar  6 11:35:30 aascedu kernel: 9pnet: Installing 9P2000 support
Mar  6 11:35:30 aascedu kernel: Key type dns_resolver registered
Mar  6 11:35:30 aascedu kernel: IPI shorthand broadcast: enabled
Mar  6 11:35:30 aascedu kernel: sched_clock: Marking stable (467001658, 400045)->(469059130, -1657427)
Mar  6 11:35:30 aascedu kernel: registered taskstats version 1
Mar  6 11:35:30 aascedu kernel: Loading compiled-in X.509 certificates
Mar  6 11:35:30 aascedu kernel: Demotion targets for Node 0: null
Mar  6 11:35:30 aascedu kernel: PM:   Magic number: 2:520:577
Mar  6 11:35:30 aascedu kernel: netconsole: network logging started
Mar  6 11:35:30 aascedu kernel: cfg80211: Loading compiled-in X.509 certificates for regulatory database
Mar  6 11:35:30 aascedu kernel: kworker/u80:0 (158) used greatest stack depth: 13952 bytes left
Mar  6 11:35:30 aascedu kernel: Loaded X.509 cert 'sforshee: 00b28ddf47aef9cea7'
Mar  6 11:35:30 aascedu kernel: Loaded X.509 cert 'wens: 61c038651aabdcf94bd0ac7ff06c7248db18c600'
Mar  6 11:35:30 aascedu kernel: ALSA device list:
Mar  6 11:35:30 aascedu kernel:   No soundcards found.
Mar  6 11:35:30 aascedu kernel: platform regulatory.0: Direct firmware load for regulatory.db failed with error -2
Mar  6 11:35:30 aascedu kernel: cfg80211: failed to load regulatory.db
Mar  6 11:35:30 aascedu kernel: input: ImExPS/2 Generic Explorer Mouse as /devices/platform/i8042/serio1/input/input3
Mar  6 11:35:30 aascedu kernel: md: Waiting for all devices to be available before autodetect
Mar  6 11:35:30 aascedu kernel: md: If you don't use raid, use raid=noautodetect
Mar  6 11:35:30 aascedu kernel: md: Autodetecting RAID arrays.
Mar  6 11:35:30 aascedu kernel: md: autorun ...
Mar  6 11:35:30 aascedu kernel: md: ... autorun DONE.
Mar  6 11:35:30 aascedu kernel: EXT4-fs (sda5): mounted filesystem b4d7eb2a-b4ac-4ed8-99e4-9064ea766d25 ro with ordered data mode. Quota mode: none.
Mar  6 11:35:30 aascedu kernel: VFS: Mounted root (ext4 filesystem) readonly on device 8:5.
Mar  6 11:35:30 aascedu kernel: devtmpfs: mounted
Mar  6 11:35:30 aascedu kernel: Freeing unused kernel image (initmem) memory: 2812K
Mar  6 11:35:30 aascedu kernel: Write protecting the kernel read-only data: 28672k
Mar  6 11:35:30 aascedu kernel: Freeing unused kernel image (text/rodata gap) memory: 1664K
Mar  6 11:35:30 aascedu kernel: Freeing unused kernel image (rodata/data gap) memory: 800K
Mar  6 11:35:30 aascedu kernel: x86/mm: Checked W+X mappings: passed, no W+X pages found.
Mar  6 11:35:30 aascedu kernel: Run /sbin/init as init process
Mar  6 11:35:30 aascedu kernel:   with arguments:
Mar  6 11:35:30 aascedu kernel:     /sbin/init
Mar  6 11:35:30 aascedu kernel:   with environment:
Mar  6 11:35:30 aascedu kernel:     HOME=/
Mar  6 11:35:30 aascedu kernel:     TERM=linux
Mar  6 11:35:30 aascedu kernel:     BOOT_IMAGE=/vmlinuz-6.16.1-lfs-12.4
Mar  6 11:35:30 aascedu kernel: stty (170) used greatest stack depth: 12328 bytes left
Mar  6 11:35:30 aascedu kernel: sed (185) used greatest stack depth: 12280 bytes left
Mar  6 11:35:31 aascedu kernel: e1000 0000:00:03.0 ens3: renamed from eth0
Mar  6 11:35:31 aascedu kernel: Adding 2097148k swap on /dev/sda4.  Priority:1 extents:1 across:2097148k 
Mar  6 11:35:31 aascedu kernel: EXT4-fs (sda5): re-mounted b4d7eb2a-b4ac-4ed8-99e4-9064ea766d25.
Mar  6 11:35:31 aascedu kernel: EXT4-fs (sda5): re-mounted b4d7eb2a-b4ac-4ed8-99e4-9064ea766d25 r/w.
Mar  6 11:35:31 aascedu kernel: EXT4-fs (sda3): mounting ext2 file system using the ext4 subsystem
Mar  6 11:35:31 aascedu kernel: EXT4-fs (sda3): mounted filesystem 625a4ecc-c41c-46bf-bba8-be9d697adec1 r/w without journal. Quota mode: none.
Mar  6 13:49:13 aascedu kernel: Linux version 6.16.1aascedu (root@aascedu) (gcc (GCC) 15.2.0, GNU ld (GNU Binutils) 2.45) #1 SMP PREEMPT_DYNAMIC Fri Mar  6 09:31:47 CET 2026
Mar  6 13:49:13 aascedu kernel: Command line: BOOT_IMAGE=/vmlinuz-6.16.1-lfs-12.4 root=PARTUUID=88408a23-622f-46c6-96b4-4c40c536478e ro
Mar  6 13:49:13 aascedu kernel: BIOS-provided physical RAM map:
Mar  6 13:49:13 aascedu kernel: BIOS-e820: [mem 0x0000000000000000-0x000000000009fbff] usable
Mar  6 13:49:13 aascedu kernel: BIOS-e820: [mem 0x000000000009fc00-0x000000000009ffff] reserved
Mar  6 13:49:13 aascedu kernel: BIOS-e820: [mem 0x00000000000f0000-0x00000000000fffff] reserved
Mar  6 13:49:13 aascedu kernel: BIOS-e820: [mem 0x0000000000100000-0x00000000bffdffff] usable
Mar  6 13:49:13 aascedu kernel: BIOS-e820: [mem 0x00000000bffe0000-0x00000000bfffffff] reserved
Mar  6 13:49:13 aascedu kernel: BIOS-e820: [mem 0x00000000feffc000-0x00000000feffffff] reserved
Mar  6 13:49:13 aascedu kernel: BIOS-e820: [mem 0x00000000fffc0000-0x00000000ffffffff] reserved
Mar  6 13:49:13 aascedu kernel: BIOS-e820: [mem 0x0000000100000000-0x000000023fffffff] usable
Mar  6 13:49:13 aascedu kernel: NX (Execute Disable) protection: active
Mar  6 13:49:13 aascedu kernel: APIC: Static calls initialized
Mar  6 13:49:13 aascedu kernel: SMBIOS 2.8 present.
Mar  6 13:49:13 aascedu kernel: DMI: QEMU Standard PC (i440FX + PIIX, 1996), BIOS 1.15.0-1 04/01/2014
Mar  6 13:49:13 aascedu kernel: DMI: Memory slots populated: 1/1
Mar  6 13:49:13 aascedu kernel: Hypervisor detected: KVM
Mar  6 13:49:13 aascedu kernel: kvm-clock: Using msrs 4b564d01 and 4b564d00
Mar  6 13:49:13 aascedu kernel: kvm-clock: using sched offset of 2001645571 cycles
Mar  6 13:49:13 aascedu kernel: clocksource: kvm-clock: mask: 0xffffffffffffffff max_cycles: 0x1cd42e4dffb, max_idle_ns: 881590591483 ns
Mar  6 13:49:13 aascedu kernel: tsc: Detected 2112.000 MHz processor
Mar  6 13:49:13 aascedu kernel: e820: update [mem 0x00000000-0x00000fff] usable ==> reserved
Mar  6 13:49:13 aascedu kernel: e820: remove [mem 0x000a0000-0x000fffff] usable
Mar  6 13:49:13 aascedu kernel: last_pfn = 0x240000 max_arch_pfn = 0x400000000
Mar  6 13:49:13 aascedu kernel: MTRR map: 4 entries (3 fixed + 1 variable; max 19), built from 8 variable MTRRs
Mar  6 13:49:13 aascedu kernel: x86/PAT: Configuration [0-7]: WB  WC  UC- UC  WB  WP  UC- WT  
Mar  6 13:49:13 aascedu kernel: last_pfn = 0xbffe0 max_arch_pfn = 0x400000000
Mar  6 13:49:13 aascedu kernel: found SMP MP-table at [mem 0x000f5b90-0x000f5b9f]
Mar  6 13:49:13 aascedu kernel: Using GB pages for direct mapping
Mar  6 13:49:13 aascedu kernel: ACPI: Early table checksum verification disabled
Mar  6 13:49:13 aascedu kernel: ACPI: RSDP 0x00000000000F59B0 000014 (v00 BOCHS )
Mar  6 13:49:13 aascedu kernel: ACPI: RSDT 0x00000000BFFE1FFD 000034 (v01 BOCHS  BXPC     00000001 BXPC 00000001)
Mar  6 13:49:13 aascedu kernel: ACPI: FACP 0x00000000BFFE1E19 000074 (v01 BOCHS  BXPC     00000001 BXPC 00000001)
Mar  6 13:49:13 aascedu kernel: ACPI: DSDT 0x00000000BFFE0040 001DD9 (v01 BOCHS  BXPC     00000001 BXPC 00000001)
Mar  6 13:49:13 aascedu kernel: ACPI: FACS 0x00000000BFFE0000 000040
Mar  6 13:49:13 aascedu kernel: ACPI: APIC 0x00000000BFFE1E8D 000110 (v01 BOCHS  BXPC     00000001 BXPC 00000001)
Mar  6 13:49:13 aascedu kernel: ACPI: HPET 0x00000000BFFE1F9D 000038 (v01 BOCHS  BXPC     00000001 BXPC 00000001)
Mar  6 13:49:13 aascedu kernel: ACPI: WAET 0x00000000BFFE1FD5 000028 (v01 BOCHS  BXPC     00000001 BXPC 00000001)
Mar  6 13:49:13 aascedu kernel: ACPI: Reserving FACP table memory at [mem 0xbffe1e19-0xbffe1e8c]
Mar  6 13:49:13 aascedu kernel: ACPI: Reserving DSDT table memory at [mem 0xbffe0040-0xbffe1e18]
Mar  6 13:49:13 aascedu kernel: ACPI: Reserving FACS table memory at [mem 0xbffe0000-0xbffe003f]
Mar  6 13:49:13 aascedu kernel: ACPI: Reserving APIC table memory at [mem 0xbffe1e8d-0xbffe1f9c]
Mar  6 13:49:13 aascedu kernel: ACPI: Reserving HPET table memory at [mem 0xbffe1f9d-0xbffe1fd4]
Mar  6 13:49:13 aascedu kernel: ACPI: Reserving WAET table memory at [mem 0xbffe1fd5-0xbffe1ffc]
Mar  6 13:49:13 aascedu kernel: No NUMA configuration found
Mar  6 13:49:13 aascedu kernel: Faking a node at [mem 0x0000000000000000-0x000000023fffffff]
Mar  6 13:49:13 aascedu kernel: NODE_DATA(0) allocated [mem 0x23fffc900-0x23fffffff]
Mar  6 13:49:13 aascedu kernel: Zone ranges:
Mar  6 13:49:13 aascedu kernel:   DMA      [mem 0x0000000000001000-0x0000000000ffffff]
Mar  6 13:49:13 aascedu kernel:   DMA32    [mem 0x0000000001000000-0x00000000ffffffff]
Mar  6 13:49:13 aascedu kernel:   Normal   [mem 0x0000000100000000-0x000000023fffffff]
Mar  6 13:49:13 aascedu kernel: Movable zone start for each node
Mar  6 13:49:13 aascedu kernel: Early memory node ranges
Mar  6 13:49:13 aascedu kernel:   node   0: [mem 0x0000000000001000-0x000000000009efff]
Mar  6 13:49:13 aascedu kernel:   node   0: [mem 0x0000000000100000-0x00000000bffdffff]
Mar  6 13:49:13 aascedu kernel:   node   0: [mem 0x0000000100000000-0x000000023fffffff]
Mar  6 13:49:13 aascedu kernel: Initmem setup node 0 [mem 0x0000000000001000-0x000000023fffffff]
Mar  6 13:49:13 aascedu kernel: On node 0, zone DMA: 1 pages in unavailable ranges
Mar  6 13:49:13 aascedu kernel: On node 0, zone DMA: 97 pages in unavailable ranges
Mar  6 13:49:13 aascedu kernel: On node 0, zone Normal: 32 pages in unavailable ranges
Mar  6 13:49:13 aascedu kernel: ACPI: PM-Timer IO Port: 0x608
Mar  6 13:49:13 aascedu kernel: ACPI: LAPIC_NMI (acpi_id[0xff] dfl dfl lint[0x1])
Mar  6 13:49:13 aascedu kernel: IOAPIC[0]: apic_id 0, version 17, address 0xfec00000, GSI 0-23
Mar  6 13:49:13 aascedu kernel: ACPI: INT_SRC_OVR (bus 0 bus_irq 0 global_irq 2 dfl dfl)
Mar  6 13:49:13 aascedu kernel: ACPI: INT_SRC_OVR (bus 0 bus_irq 5 global_irq 5 high level)
Mar  6 13:49:13 aascedu kernel: ACPI: INT_SRC_OVR (bus 0 bus_irq 9 global_irq 9 high level)
Mar  6 13:49:13 aascedu kernel: ACPI: INT_SRC_OVR (bus 0 bus_irq 10 global_irq 10 high level)
Mar  6 13:49:13 aascedu kernel: ACPI: INT_SRC_OVR (bus 0 bus_irq 11 global_irq 11 high level)
Mar  6 13:49:13 aascedu kernel: ACPI: Using ACPI (MADT) for SMP configuration information
Mar  6 13:49:13 aascedu kernel: ACPI: HPET id: 0x8086a201 base: 0xfed00000
Mar  6 13:49:13 aascedu kernel: TSC deadline timer available
Mar  6 13:49:13 aascedu kernel: CPU topo: Max. logical packages:   1
Mar  6 13:49:13 aascedu kernel: CPU topo: Max. logical dies:       1
Mar  6 13:49:13 aascedu kernel: CPU topo: Max. dies per package:   1
Mar  6 13:49:13 aascedu kernel: CPU topo: Max. threads per core:   1
Mar  6 13:49:13 aascedu kernel: CPU topo: Num. cores per package:    20
Mar  6 13:49:13 aascedu kernel: CPU topo: Num. threads per package:  20
Mar  6 13:49:13 aascedu kernel: CPU topo: Allowing 20 present CPUs plus 0 hotplug CPUs
Mar  6 13:49:13 aascedu kernel: kvm-guest: APIC: eoi() replaced with kvm_guest_apic_eoi_write()
Mar  6 13:49:13 aascedu kernel: kvm-guest: KVM setup pv remote TLB flush
Mar  6 13:49:13 aascedu kernel: kvm-guest: setup PV sched yield
Mar  6 13:49:13 aascedu kernel: PM: hibernation: Registered nosave memory: [mem 0x00000000-0x00000fff]
Mar  6 13:49:13 aascedu kernel: PM: hibernation: Registered nosave memory: [mem 0x0009f000-0x000fffff]
Mar  6 13:49:13 aascedu kernel: PM: hibernation: Registered nosave memory: [mem 0xbffe0000-0xffffffff]
Mar  6 13:49:13 aascedu kernel: [mem 0xc0000000-0xfeffbfff] available for PCI devices
Mar  6 13:49:13 aascedu kernel: Booting paravirtualized kernel on KVM
Mar  6 13:49:13 aascedu kernel: clocksource: refined-jiffies: mask: 0xffffffff max_cycles: 0xffffffff, max_idle_ns: 1910969940391419 ns
Mar  6 13:49:13 aascedu kernel: setup_percpu: NR_CPUS:64 nr_cpumask_bits:20 nr_cpu_ids:20 nr_node_ids:1
Mar  6 13:49:13 aascedu kernel: percpu: Embedded 52 pages/cpu s172760 r8192 d32040 u262144
Mar  6 13:49:13 aascedu kernel: pcpu-alloc: s172760 r8192 d32040 u262144 alloc=1*2097152
Mar  6 13:49:13 aascedu kernel: pcpu-alloc: [0] 00 01 02 03 04 05 06 07 [0] 08 09 10 11 12 13 14 15 
Mar  6 13:49:13 aascedu kernel: pcpu-alloc: [0] 16 17 18 19 -- -- -- -- 
Mar  6 13:49:13 aascedu kernel: Kernel command line: BOOT_IMAGE=/vmlinuz-6.16.1-lfs-12.4 root=PARTUUID=88408a23-622f-46c6-96b4-4c40c536478e ro
Mar  6 13:49:13 aascedu kernel: Unknown kernel command line parameters "BOOT_IMAGE=/vmlinuz-6.16.1-lfs-12.4", will be passed to user space.
Mar  6 13:49:13 aascedu kernel: random: crng init done
Mar  6 13:49:13 aascedu kernel: printk: log buffer data + meta data: 262144 + 917504 = 1179648 bytes
Mar  6 13:49:13 aascedu kernel: Dentry cache hash table entries: 1048576 (order: 11, 8388608 bytes, linear)
Mar  6 13:49:13 aascedu kernel: Inode-cache hash table entries: 524288 (order: 10, 4194304 bytes, linear)
Mar  6 13:49:13 aascedu kernel: software IO TLB: area num 32.
Mar  6 13:49:13 aascedu kernel: Fallback order for Node 0: 0 
Mar  6 13:49:13 aascedu kernel: Built 1 zonelists, mobility grouping on.  Total pages: 2097022
Mar  6 13:49:13 aascedu kernel: Policy zone: Normal
Mar  6 13:49:13 aascedu kernel: mem auto-init: stack:all(zero), heap alloc:off, heap free:off
Mar  6 13:49:13 aascedu kernel: SLUB: HWalign=64, Order=0-3, MinObjects=0, CPUs=20, Nodes=1
Mar  6 13:49:13 aascedu kernel: Dynamic Preempt: voluntary
Mar  6 13:49:13 aascedu kernel: rcu: Preemptible hierarchical RCU implementation.
Mar  6 13:49:13 aascedu kernel: rcu: \x09RCU event tracing is enabled.
Mar  6 13:49:13 aascedu kernel: rcu: \x09RCU restricting CPUs from NR_CPUS=64 to nr_cpu_ids=20.
Mar  6 13:49:13 aascedu kernel: \x09Trampoline variant of Tasks RCU enabled.
Mar  6 13:49:13 aascedu kernel: \x09Tracing variant of Tasks RCU enabled.
Mar  6 13:49:13 aascedu kernel: rcu: RCU calculated value of scheduler-enlistment delay is 100 jiffies.
Mar  6 13:49:13 aascedu kernel: rcu: Adjusting geometry for rcu_fanout_leaf=16, nr_cpu_ids=20
Mar  6 13:49:13 aascedu kernel: RCU Tasks: Setting shift to 5 and lim to 1 rcu_task_cb_adjust=1 rcu_task_cpu_ids=20.
Mar  6 13:49:13 aascedu kernel: RCU Tasks Trace: Setting shift to 5 and lim to 1 rcu_task_cb_adjust=1 rcu_task_cpu_ids=20.
Mar  6 13:49:13 aascedu kernel: NR_IRQS: 4352, nr_irqs: 584, preallocated irqs: 16
Mar  6 13:49:13 aascedu kernel: rcu: srcu_init: Setting srcu_struct sizes based on contention.
Mar  6 13:49:13 aascedu kernel: Console: colour dummy device 80x25
Mar  6 13:49:13 aascedu kernel: printk: legacy console [tty0] enabled
Mar  6 13:49:13 aascedu kernel: ACPI: Core revision 20250404
Mar  6 13:49:13 aascedu kernel: clocksource: hpet: mask: 0xffffffff max_cycles: 0xffffffff, max_idle_ns: 19112604467 ns
Mar  6 13:49:13 aascedu kernel: APIC: Switch to symmetric I/O mode setup
Mar  6 13:49:13 aascedu kernel: x2apic enabled
Mar  6 13:49:13 aascedu kernel: APIC: Switched APIC routing to: physical x2apic
Mar  6 13:49:13 aascedu kernel: kvm-guest: APIC: send_IPI_mask() replaced with kvm_send_ipi_mask()
Mar  6 13:49:13 aascedu kernel: kvm-guest: APIC: send_IPI_mask_allbutself() replaced with kvm_send_ipi_mask_allbutself()
Mar  6 13:49:13 aascedu kernel: kvm-guest: setup PV IPIs
Mar  6 13:49:13 aascedu kernel: ..TIMER: vector=0x30 apic1=0 pin1=2 apic2=-1 pin2=-1
Mar  6 13:49:13 aascedu kernel: clocksource: tsc-early: mask: 0xffffffffffffffff max_cycles: 0x1e71785e5dd, max_idle_ns: 440795244814 ns
Mar  6 13:49:13 aascedu kernel: Calibrating delay loop (skipped) preset value.. 4224.00 BogoMIPS (lpj=2112000)
Mar  6 13:49:13 aascedu kernel: x86/cpu: User Mode Instruction Prevention (UMIP) activated
Mar  6 13:49:13 aascedu kernel: Last level iTLB entries: 4KB 0, 2MB 0, 4MB 0
Mar  6 13:49:13 aascedu kernel: Last level dTLB entries: 4KB 0, 2MB 0, 4MB 0, 1GB 0
Mar  6 13:49:13 aascedu kernel: Speculative Store Bypass: Mitigation: Speculative Store Bypass disabled via prctl
Mar  6 13:49:13 aascedu kernel: Spectre V2 : Mitigation: Enhanced / Automatic IBRS
Mar  6 13:49:13 aascedu kernel: ITS: Mitigation: Aligned branch/return thunks
Mar  6 13:49:13 aascedu kernel: Spectre V1 : Mitigation: usercopy/swapgs barriers and __user pointer sanitization
Mar  6 13:49:13 aascedu kernel: Spectre V2 : Spectre v2 / PBRSB-eIBRS: Retire a single CALL on VMEXIT
Mar  6 13:49:13 aascedu kernel: Spectre V2 : mitigation: Enabling conditional Indirect Branch Prediction Barrier
Mar  6 13:49:13 aascedu kernel: Spectre V2 : Spectre BHI mitigation: SW BHB clearing on syscall and VM exit
Mar  6 13:49:13 aascedu kernel: x86/fpu: Supporting XSAVE feature 0x001: 'x87 floating point registers'
Mar  6 13:49:13 aascedu kernel: x86/fpu: Supporting XSAVE feature 0x002: 'SSE registers'
Mar  6 13:49:13 aascedu kernel: x86/fpu: Supporting XSAVE feature 0x004: 'AVX registers'
Mar  6 13:49:13 aascedu kernel: x86/fpu: Supporting XSAVE feature 0x200: 'Protection Keys User registers'
Mar  6 13:49:13 aascedu kernel: x86/fpu: xstate_offset[2]:  576, xstate_sizes[2]:  256
Mar  6 13:49:13 aascedu kernel: x86/fpu: xstate_offset[9]:  832, xstate_sizes[9]:    8
Mar  6 13:49:13 aascedu kernel: x86/fpu: Enabled xstate features 0x207, context size is 840 bytes, using 'compacted' format.
Mar  6 13:49:13 aascedu kernel: Freeing SMP alternatives memory: 56K
Mar  6 13:49:13 aascedu kernel: pid_max: default: 32768 minimum: 301
Mar  6 13:49:13 aascedu kernel: LSM: initializing lsm=capability,selinux
Mar  6 13:49:13 aascedu kernel: SELinux:  Initializing.
Mar  6 13:49:13 aascedu kernel: Mount-cache hash table entries: 16384 (order: 5, 131072 bytes, linear)
Mar  6 13:49:13 aascedu kernel: Mountpoint-cache hash table entries: 16384 (order: 5, 131072 bytes, linear)
Mar  6 13:49:13 aascedu kernel: smpboot: CPU0: 12th Gen Intel(R) Core(TM) i7-12700 (family: 0x6, model: 0x97, stepping: 0x2)
Mar  6 13:49:13 aascedu kernel: Performance Events: Alderlake Hybrid events, full-width counters, Intel PMU driver.
Mar  6 13:49:13 aascedu kernel: core: cpu_core PMU driver: 
Mar  6 13:49:13 aascedu kernel: ... version:                2
Mar  6 13:49:13 aascedu kernel: ... bit width:              48
Mar  6 13:49:13 aascedu kernel: ... generic registers:      6
Mar  6 13:49:13 aascedu kernel: ... value mask:             0000ffffffffffff
Mar  6 13:49:13 aascedu kernel: ... max period:             00007fffffffffff
Mar  6 13:49:13 aascedu kernel: ... fixed-purpose events:   3
Mar  6 13:49:13 aascedu kernel: ... event mask:             000100070000003f
Mar  6 13:49:13 aascedu kernel: signal: max sigframe size: 3632
Mar  6 13:49:13 aascedu kernel: rcu: Hierarchical SRCU implementation.
Mar  6 13:49:13 aascedu kernel: rcu: \x09Max phase no-delay instances is 400.
Mar  6 13:49:13 aascedu kernel: Timer migration: 2 hierarchy levels; 8 children per group; 2 crossnode level
Mar  6 13:49:13 aascedu kernel: smp: Bringing up secondary CPUs ...
Mar  6 13:49:13 aascedu kernel: smpboot: x86: Booting SMP configuration:
Mar  6 13:49:13 aascedu kernel: .... node  #0, CPUs:        #1  #2  #3  #4  #5  #6  #7  #8  #9 #10 #11 #12 #13 #14 #15 #16 #17 #18 #19
Mar  6 13:49:13 aascedu kernel: smp: Brought up 1 node, 20 CPUs
Mar  6 13:49:13 aascedu kernel: smpboot: Total of 20 processors activated (84480.00 BogoMIPS)
Mar  6 13:49:13 aascedu kernel: Memory: 8121708K/8388088K available (18814K kernel code, 2901K rwdata, 7392K rodata, 2812K init, 968K bss, 255656K reserved, 0K cma-reserved)
Mar  6 13:49:13 aascedu kernel: devtmpfs: initialized
Mar  6 13:49:13 aascedu kernel: clocksource: jiffies: mask: 0xffffffff max_cycles: 0xffffffff, max_idle_ns: 1911260446275000 ns
Mar  6 13:49:13 aascedu kernel: posixtimers hash table entries: 16384 (order: 6, 262144 bytes, linear)
Mar  6 13:49:13 aascedu kernel: futex hash table entries: 8192 (524288 bytes on 1 NUMA nodes, total 512 KiB, linear).
Mar  6 13:49:13 aascedu kernel: PM: RTC time: 12:49:14, date: 2026-03-06
Mar  6 13:49:13 aascedu kernel: NET: Registered PF_NETLINK/PF_ROUTE protocol family
Mar  6 13:49:13 aascedu kernel: audit: initializing netlink subsys (disabled)
Mar  6 13:49:13 aascedu kernel: audit: type=2000 audit(1772801354.653:1): state=initialized audit_enabled=0 res=1
Mar  6 13:49:13 aascedu kernel: thermal_sys: Registered thermal governor 'step_wise'
Mar  6 13:49:13 aascedu kernel: cpuidle: using governor menu
Mar  6 13:49:13 aascedu kernel: PCI: Using configuration type 1 for base access
Mar  6 13:49:13 aascedu kernel: kprobes: kprobe jump-optimization is enabled. All kprobes are optimized if possible.
Mar  6 13:49:13 aascedu kernel: HugeTLB: allocation took 0ms with hugepage_allocation_threads=5
Mar  6 13:49:13 aascedu kernel: HugeTLB: registered 2.00 MiB page size, pre-allocated 0 pages
Mar  6 13:49:13 aascedu kernel: HugeTLB: 28 KiB vmemmap can be freed for a 2.00 MiB page
Mar  6 13:49:13 aascedu kernel: ACPI: Added _OSI(Module Device)
Mar  6 13:49:13 aascedu kernel: ACPI: Added _OSI(Processor Device)
Mar  6 13:49:13 aascedu kernel: ACPI: Added _OSI(Processor Aggregator Device)
Mar  6 13:49:13 aascedu kernel: ACPI: 1 ACPI AML tables successfully acquired and loaded
Mar  6 13:49:13 aascedu kernel: ACPI: Interpreter enabled
Mar  6 13:49:13 aascedu kernel: ACPI: PM: (supports S0 S3 S4 S5)
Mar  6 13:49:13 aascedu kernel: ACPI: Using IOAPIC for interrupt routing
Mar  6 13:49:13 aascedu kernel: PCI: Using host bridge windows from ACPI; if necessary, use "pci=nocrs" and report a bug
Mar  6 13:49:13 aascedu kernel: PCI: Using E820 reservations for host bridge windows
Mar  6 13:49:13 aascedu kernel: ACPI: Enabled 2 GPEs in block 00 to 0F
Mar  6 13:49:13 aascedu kernel: ACPI: PCI Root Bridge [PCI0] (domain 0000 [bus 00-ff])
Mar  6 13:49:13 aascedu kernel: acpi PNP0A03:00: _OSC: OS supports [ASPM ClockPM Segments MSI HPX-Type3]
Mar  6 13:49:13 aascedu kernel: acpi PNP0A03:00: _OSC: not requesting OS control; OS requires [ExtendedConfig ASPM ClockPM MSI]
Mar  6 13:49:13 aascedu kernel: acpi PNP0A03:00: fail to add MMCONFIG information, can't access extended configuration space under this bridge
Mar  6 13:49:13 aascedu kernel: PCI host bridge to bus 0000:00
Mar  6 13:49:13 aascedu kernel: pci_bus 0000:00: root bus resource [io  0x0000-0x0cf7 window]
Mar  6 13:49:13 aascedu kernel: pci_bus 0000:00: root bus resource [io  0x0d00-0xffff window]
Mar  6 13:49:13 aascedu kernel: pci_bus 0000:00: root bus resource [mem 0x000a0000-0x000bffff window]
Mar  6 13:49:13 aascedu kernel: pci_bus 0000:00: root bus resource [mem 0xc0000000-0xfebfffff window]
Mar  6 13:49:13 aascedu kernel: pci_bus 0000:00: root bus resource [mem 0x240000000-0x2bfffffff window]
Mar  6 13:49:13 aascedu kernel: pci_bus 0000:00: root bus resource [bus 00-ff]
Mar  6 13:49:13 aascedu kernel: pci 0000:00:00.0: [8086:1237] type 00 class 0x060000 conventional PCI endpoint
Mar  6 13:49:13 aascedu kernel: pci 0000:00:01.0: [8086:7000] type 00 class 0x060100 conventional PCI endpoint
Mar  6 13:49:13 aascedu kernel: pci 0000:00:01.1: [8086:7010] type 00 class 0x010180 conventional PCI endpoint
Mar  6 13:49:13 aascedu kernel: pci 0000:00:01.1: BAR 4 [io  0xc040-0xc04f]
Mar  6 13:49:13 aascedu kernel: pci 0000:00:01.1: BAR 0 [io  0x01f0-0x01f7]: legacy IDE quirk
Mar  6 13:49:13 aascedu kernel: pci 0000:00:01.1: BAR 1 [io  0x03f6]: legacy IDE quirk
Mar  6 13:49:13 aascedu kernel: pci 0000:00:01.1: BAR 2 [io  0x0170-0x0177]: legacy IDE quirk
Mar  6 13:49:13 aascedu kernel: pci 0000:00:01.1: BAR 3 [io  0x0376]: legacy IDE quirk
Mar  6 13:49:13 aascedu kernel: pci 0000:00:01.3: [8086:7113] type 00 class 0x068000 conventional PCI endpoint
Mar  6 13:49:13 aascedu kernel: pci 0000:00:01.3: quirk: [io  0x0600-0x063f] claimed by PIIX4 ACPI
Mar  6 13:49:13 aascedu kernel: pci 0000:00:01.3: quirk: [io  0x0700-0x070f] claimed by PIIX4 SMB
Mar  6 13:49:13 aascedu kernel: pci 0000:00:02.0: [1af4:1050] type 00 class 0x030000 conventional PCI endpoint
Mar  6 13:49:13 aascedu kernel: pci 0000:00:02.0: BAR 0 [mem 0xfe000000-0xfe7fffff pref]
Mar  6 13:49:13 aascedu kernel: pci 0000:00:02.0: BAR 2 [mem 0xfe800000-0xfe803fff 64bit pref]
Mar  6 13:49:13 aascedu kernel: pci 0000:00:02.0: BAR 4 [mem 0xfebb0000-0xfebb0fff]
Mar  6 13:49:13 aascedu kernel: pci 0000:00:02.0: ROM [mem 0xfeba0000-0xfebaffff pref]
Mar  6 13:49:13 aascedu kernel: pci 0000:00:02.0: Video device with shadowed ROM at [mem 0x000c0000-0x000dffff]
Mar  6 13:49:13 aascedu kernel: pci 0000:00:03.0: [8086:100e] type 00 class 0x020000 conventional PCI endpoint
Mar  6 13:49:13 aascedu kernel: pci 0000:00:03.0: BAR 0 [mem 0xfeb80000-0xfeb9ffff]
Mar  6 13:49:13 aascedu kernel: pci 0000:00:03.0: BAR 1 [io  0xc000-0xc03f]
Mar  6 13:49:13 aascedu kernel: pci 0000:00:03.0: ROM [mem 0xfeb00000-0xfeb7ffff pref]
Mar  6 13:49:13 aascedu kernel: ACPI: PCI: Interrupt link LNKA configured for IRQ 10
Mar  6 13:49:13 aascedu kernel: ACPI: PCI: Interrupt link LNKB configured for IRQ 10
Mar  6 13:49:13 aascedu kernel: ACPI: PCI: Interrupt link LNKC configured for IRQ 11
Mar  6 13:49:13 aascedu kernel: ACPI: PCI: Interrupt link LNKD configured for IRQ 11
Mar  6 13:49:13 aascedu kernel: ACPI: PCI: Interrupt link LNKS configured for IRQ 9
Mar  6 13:49:13 aascedu kernel: iommu: Default domain type: Translated
Mar  6 13:49:13 aascedu kernel: iommu: DMA domain TLB invalidation policy: lazy mode
Mar  6 13:49:13 aascedu kernel: SCSI subsystem initialized
Mar  6 13:49:13 aascedu kernel: libata version 3.00 loaded.
Mar  6 13:49:13 aascedu kernel: ACPI: bus type USB registered
Mar  6 13:49:13 aascedu kernel: usbcore: registered new interface driver usbfs
Mar  6 13:49:13 aascedu kernel: usbcore: registered new interface driver hub
Mar  6 13:49:13 aascedu kernel: usbcore: registered new device driver usb
Mar  6 13:49:13 aascedu kernel: pps_core: LinuxPPS API ver. 1 registered
Mar  6 13:49:13 aascedu kernel: pps_core: Software ver. 5.3.6 - Copyright 2005-2007 Rodolfo Giometti <giometti@linux.it>
Mar  6 13:49:13 aascedu kernel: PTP clock support registered
Mar  6 13:49:13 aascedu kernel: Advanced Linux Sound Architecture Driver Initialized.
Mar  6 13:49:13 aascedu kernel: NetLabel: Initializing
Mar  6 13:49:13 aascedu kernel: NetLabel:  domain hash size = 128
Mar  6 13:49:13 aascedu kernel: NetLabel:  protocols = UNLABELED CIPSOv4 CALIPSO
Mar  6 13:49:13 aascedu kernel: NetLabel:  unlabeled traffic allowed by default
Mar  6 13:49:13 aascedu kernel: PCI: Using ACPI for IRQ routing
Mar  6 13:49:13 aascedu kernel: PCI: pci_cache_line_size set to 64 bytes
Mar  6 13:49:13 aascedu kernel: e820: reserve RAM buffer [mem 0x0009fc00-0x0009ffff]
Mar  6 13:49:13 aascedu kernel: e820: reserve RAM buffer [mem 0xbffe0000-0xbfffffff]
Mar  6 13:49:13 aascedu kernel: pci 0000:00:02.0: vgaarb: setting as boot VGA device
Mar  6 13:49:13 aascedu kernel: pci 0000:00:02.0: vgaarb: bridge control possible
Mar  6 13:49:13 aascedu kernel: pci 0000:00:02.0: vgaarb: VGA device added: decodes=io+mem,owns=io+mem,locks=none
Mar  6 13:49:13 aascedu kernel: vgaarb: loaded
Mar  6 13:49:13 aascedu kernel: hpet0: at MMIO 0xfed00000, IRQs 2, 8, 0
Mar  6 13:49:13 aascedu kernel: hpet0: 3 comparators, 64-bit 100.000000 MHz counter
Mar  6 13:49:13 aascedu kernel: clocksource: Switched to clocksource kvm-clock
Mar  6 13:49:13 aascedu kernel: VFS: Disk quotas dquot_6.6.0
Mar  6 13:49:13 aascedu kernel: VFS: Dquot-cache hash table entries: 512 (order 0, 4096 bytes)
Mar  6 13:49:13 aascedu kernel: pnp: PnP ACPI init
Mar  6 13:49:13 aascedu kernel: pnp 00:02: [dma 2]
Mar  6 13:49:13 aascedu kernel: pnp: PnP ACPI: found 6 devices
Mar  6 13:49:13 aascedu kernel: clocksource: acpi_pm: mask: 0xffffff max_cycles: 0xffffff, max_idle_ns: 2085701024 ns
Mar  6 13:49:13 aascedu kernel: NET: Registered PF_INET protocol family
Mar  6 13:49:13 aascedu kernel: IP idents hash table entries: 131072 (order: 8, 1048576 bytes, linear)
Mar  6 13:49:13 aascedu kernel: tcp_listen_portaddr_hash hash table entries: 4096 (order: 4, 65536 bytes, linear)
Mar  6 13:49:13 aascedu kernel: Table-perturb hash table entries: 65536 (order: 6, 262144 bytes, linear)
Mar  6 13:49:13 aascedu kernel: TCP established hash table entries: 65536 (order: 7, 524288 bytes, linear)
Mar  6 13:49:13 aascedu kernel: TCP bind hash table entries: 65536 (order: 9, 2097152 bytes, linear)
Mar  6 13:49:13 aascedu kernel: TCP: Hash tables configured (established 65536 bind 65536)
Mar  6 13:49:13 aascedu kernel: UDP hash table entries: 4096 (order: 6, 262144 bytes, linear)
Mar  6 13:49:13 aascedu kernel: UDP-Lite hash table entries: 4096 (order: 6, 262144 bytes, linear)
Mar  6 13:49:13 aascedu kernel: NET: Registered PF_UNIX/PF_LOCAL protocol family
Mar  6 13:49:13 aascedu kernel: RPC: Registered named UNIX socket transport module.
Mar  6 13:49:13 aascedu kernel: RPC: Registered udp transport module.
Mar  6 13:49:13 aascedu kernel: RPC: Registered tcp transport module.
Mar  6 13:49:13 aascedu kernel: RPC: Registered tcp-with-tls transport module.
Mar  6 13:49:13 aascedu kernel: RPC: Registered tcp NFSv4.1 backchannel transport module.
Mar  6 13:49:13 aascedu kernel: pci_bus 0000:00: resource 4 [io  0x0000-0x0cf7 window]
Mar  6 13:49:13 aascedu kernel: pci_bus 0000:00: resource 5 [io  0x0d00-0xffff window]
Mar  6 13:49:13 aascedu kernel: pci_bus 0000:00: resource 6 [mem 0x000a0000-0x000bffff window]
Mar  6 13:49:13 aascedu kernel: pci_bus 0000:00: resource 7 [mem 0xc0000000-0xfebfffff window]
Mar  6 13:49:13 aascedu kernel: pci_bus 0000:00: resource 8 [mem 0x240000000-0x2bfffffff window]
Mar  6 13:49:13 aascedu kernel: pci 0000:00:01.0: PIIX3: Enabling Passive Release
Mar  6 13:49:13 aascedu kernel: pci 0000:00:00.0: Limiting direct PCI/PCI transfers
Mar  6 13:49:13 aascedu kernel: PCI: CLS 0 bytes, default 64
Mar  6 13:49:13 aascedu kernel: PCI-DMA: Using software bounce buffering for IO (SWIOTLB)
Mar  6 13:49:13 aascedu kernel: software IO TLB: mapped [mem 0x00000000bbfe0000-0x00000000bffe0000] (64MB)
Mar  6 13:49:13 aascedu kernel: RAPL PMU: API unit is 2^-32 Joules, 0 fixed counters, 10737418240 ms ovfl timer
Mar  6 13:49:13 aascedu kernel: clocksource: tsc: mask: 0xffffffffffffffff max_cycles: 0x1e71785e5dd, max_idle_ns: 440795244814 ns
Mar  6 13:49:13 aascedu kernel: Initialise system trusted keyrings
Mar  6 13:49:13 aascedu kernel: workingset: timestamp_bits=40 max_order=21 bucket_order=0
Mar  6 13:49:13 aascedu kernel: NFS: Registering the id_resolver key type
Mar  6 13:49:13 aascedu kernel: Key type id_resolver registered
Mar  6 13:49:13 aascedu kernel: Key type id_legacy registered
Mar  6 13:49:13 aascedu kernel: 9p: Installing v9fs 9p2000 file system support
Mar  6 13:49:13 aascedu kernel: Key type asymmetric registered
Mar  6 13:49:13 aascedu kernel: Asymmetric key parser 'x509' registered
Mar  6 13:49:13 aascedu kernel: Block layer SCSI generic (bsg) driver version 0.4 loaded (major 251)
Mar  6 13:49:13 aascedu kernel: io scheduler mq-deadline registered
Mar  6 13:49:13 aascedu kernel: io scheduler kyber registered
Mar  6 13:49:13 aascedu kernel: input: Power Button as /devices/LNXSYSTM:00/LNXPWRBN:00/input/input0
Mar  6 13:49:13 aascedu kernel: ACPI: button: Power Button [PWRF]
Mar  6 13:49:13 aascedu kernel: ACPI: \x5c_SB_.LNKB: Enabled at IRQ 10
Mar  6 13:49:13 aascedu kernel: Serial: 8250/16550 driver, 4 ports, IRQ sharing enabled
Mar  6 13:49:13 aascedu kernel: 00:04: ttyS0 at I/O 0x3f8 (irq = 4, base_baud = 115200) is a 16550A
Mar  6 13:49:13 aascedu kernel: Non-volatile memory driver v1.3
Mar  6 13:49:13 aascedu kernel: Linux agpgart interface v0.103
Mar  6 13:49:13 aascedu kernel: ACPI: bus type drm_connector registered
Mar  6 13:49:13 aascedu kernel: [drm] pci: virtio-vga detected at 0000:00:02.0
Mar  6 13:49:13 aascedu kernel: virtio-pci 0000:00:02.0: vgaarb: deactivate vga console
Mar  6 13:49:13 aascedu kernel: [drm] features: -virgl +edid -resource_blob -host_visible
Mar  6 13:49:13 aascedu kernel: [drm] features: -context_init
Mar  6 13:49:13 aascedu kernel: [drm] number of scanouts: 1
Mar  6 13:49:13 aascedu kernel: [drm] number of cap sets: 0
Mar  6 13:49:13 aascedu kernel: virtio-pci 0000:00:02.0: [drm] Registered 1 planes with drm panic
Mar  6 13:49:13 aascedu kernel: [drm] Initialized virtio_gpu 0.1.0 for 0000:00:02.0 on minor 0
Mar  6 13:49:13 aascedu kernel: fbcon: virtio_gpudrmfb (fb0) is primary device
Mar  6 13:49:13 aascedu kernel: Console: switching to colour frame buffer device 80x30
Mar  6 13:49:13 aascedu kernel: virtio-pci 0000:00:02.0: [drm] fb0: virtio_gpudrmfb frame buffer device
Mar  6 13:49:13 aascedu kernel: loop: module loaded
Mar  6 13:49:13 aascedu kernel: scsi host0: ata_piix
Mar  6 13:49:13 aascedu kernel: scsi host1: ata_piix
Mar  6 13:49:13 aascedu kernel: ata1: PATA max MWDMA2 cmd 0x1f0 ctl 0x3f6 bmdma 0xc040 irq 14 lpm-pol 0
Mar  6 13:49:13 aascedu kernel: ata2: PATA max MWDMA2 cmd 0x170 ctl 0x376 bmdma 0xc048 irq 15 lpm-pol 0
Mar  6 13:49:13 aascedu kernel: e100: Intel(R) PRO/100 Network Driver
Mar  6 13:49:13 aascedu kernel: e100: Copyright(c) 1999-2006 Intel Corporation
Mar  6 13:49:13 aascedu kernel: e1000: Intel(R) PRO/1000 Network Driver
Mar  6 13:49:13 aascedu kernel: e1000: Copyright (c) 1999-2006 Intel Corporation.
Mar  6 13:49:13 aascedu kernel: ACPI: \x5c_SB_.LNKC: Enabled at IRQ 11
Mar  6 13:49:13 aascedu kernel: ata2: found unknown device (class 0)
Mar  6 13:49:13 aascedu kernel: ata1: found unknown device (class 0)
Mar  6 13:49:13 aascedu kernel: ata2.00: ATAPI: QEMU DVD-ROM, 2.5+, max UDMA/100
Mar  6 13:49:13 aascedu kernel: ata1.00: ATA-7: QEMU HARDDISK, 2.5+, max UDMA/100
Mar  6 13:49:13 aascedu kernel: ata1.00: 83886080 sectors, multi 16: LBA48 
Mar  6 13:49:13 aascedu kernel: scsi 0:0:0:0: Direct-Access     ATA      QEMU HARDDISK    2.5+ PQ: 0 ANSI: 5
Mar  6 13:49:13 aascedu kernel: sd 0:0:0:0: [sda] 83886080 512-byte logical blocks: (42.9 GB/40.0 GiB)
Mar  6 13:49:13 aascedu kernel: sd 0:0:0:0: Attached scsi generic sg0 type 0
Mar  6 13:49:13 aascedu kernel: sd 0:0:0:0: [sda] Write Protect is off
Mar  6 13:49:13 aascedu kernel: sd 0:0:0:0: [sda] Mode Sense: 00 3a 00 00
Mar  6 13:49:13 aascedu kernel: sd 0:0:0:0: [sda] Write cache: enabled, read cache: enabled, doesn't support DPO or FUA
Mar  6 13:49:13 aascedu kernel: sd 0:0:0:0: [sda] Preferred minimum I/O size 512 bytes
Mar  6 13:49:13 aascedu kernel: scsi 1:0:0:0: CD-ROM            QEMU     QEMU DVD-ROM     2.5+ PQ: 0 ANSI: 5
Mar  6 13:49:13 aascedu kernel:  sda: sda1 sda3 sda4 sda5
Mar  6 13:49:13 aascedu kernel: sd 0:0:0:0: [sda] Attached SCSI disk
Mar  6 13:49:13 aascedu kernel: sr 1:0:0:0: [sr0] scsi3-mmc drive: 4x/4x cd/rw xa/form2 tray
Mar  6 13:49:13 aascedu kernel: cdrom: Uniform CD-ROM driver Revision: 3.20
Mar  6 13:49:13 aascedu kernel: sr 1:0:0:0: Attached scsi CD-ROM sr0
Mar  6 13:49:13 aascedu kernel: sr 1:0:0:0: Attached scsi generic sg1 type 5
Mar  6 13:49:13 aascedu kernel: e1000 0000:00:03.0 eth0: (PCI:33MHz:32-bit) 52:54:00:12:34:56
Mar  6 13:49:13 aascedu kernel: e1000 0000:00:03.0 eth0: Intel(R) PRO/1000 Network Connection
Mar  6 13:49:13 aascedu kernel: e1000e: Intel(R) PRO/1000 Network Driver
Mar  6 13:49:13 aascedu kernel: e1000e: Copyright(c) 1999 - 2015 Intel Corporation.
Mar  6 13:49:13 aascedu kernel: sky2: driver version 1.30
Mar  6 13:49:13 aascedu kernel: usbcore: registered new interface driver usblp
Mar  6 13:49:13 aascedu kernel: usbcore: registered new interface driver usb-storage
Mar  6 13:49:13 aascedu kernel: i8042: PNP: PS/2 Controller [PNP0303:KBD,PNP0f13:MOU] at 0x60,0x64 irq 1,12
Mar  6 13:49:13 aascedu kernel: serio: i8042 KBD port at 0x60,0x64 irq 1
Mar  6 13:49:13 aascedu kernel: serio: i8042 AUX port at 0x60,0x64 irq 12
Mar  6 13:49:13 aascedu kernel: rtc_cmos 00:05: RTC can wake from S4
Mar  6 13:49:13 aascedu kernel: input: AT Translated Set 2 keyboard as /devices/platform/i8042/serio0/input/input1
Mar  6 13:49:13 aascedu kernel: rtc_cmos 00:05: registered as rtc0
Mar  6 13:49:13 aascedu kernel: rtc_cmos 00:05: alarms up to one day, y3k, 242 bytes nvram, hpet irqs
Mar  6 13:49:13 aascedu kernel: device-mapper: ioctl: 4.50.0-ioctl (2025-04-28) initialised: dm-devel@lists.linux.dev
Mar  6 13:49:13 aascedu kernel: intel_pstate: CPU model not supported
Mar  6 13:49:13 aascedu kernel: hid: raw HID events driver (C) Jiri Kosina
Mar  6 13:49:13 aascedu kernel: usbcore: registered new interface driver usbhid
Mar  6 13:49:13 aascedu kernel: usbhid: USB HID core driver
Mar  6 13:49:13 aascedu kernel: Initializing XFRM netlink socket
Mar  6 13:49:13 aascedu kernel: NET: Registered PF_INET6 protocol family
Mar  6 13:49:13 aascedu kernel: Segment Routing with IPv6
Mar  6 13:49:13 aascedu kernel: In-situ OAM (IOAM) with IPv6
Mar  6 13:49:13 aascedu kernel: sit: IPv6, IPv4 and MPLS over IPv4 tunneling driver
Mar  6 13:49:13 aascedu kernel: NET: Registered PF_PACKET protocol family
Mar  6 13:49:13 aascedu kernel: 9pnet: Installing 9P2000 support
Mar  6 13:49:13 aascedu kernel: Key type dns_resolver registered
Mar  6 13:49:13 aascedu kernel: IPI shorthand broadcast: enabled
Mar  6 13:49:13 aascedu kernel: sched_clock: Marking stable (471002076, 455460)->(474510517, -3052981)
Mar  6 13:49:13 aascedu kernel: registered taskstats version 1
Mar  6 13:49:13 aascedu kernel: Loading compiled-in X.509 certificates
Mar  6 13:49:13 aascedu kernel: Demotion targets for Node 0: null
Mar  6 13:49:13 aascedu kernel: PM:   Magic number: 2:491:834
Mar  6 13:49:13 aascedu kernel: netconsole: network logging started
Mar  6 13:49:13 aascedu kernel: cfg80211: Loading compiled-in X.509 certificates for regulatory database
Mar  6 13:49:13 aascedu kernel: kworker/u80:0 (158) used greatest stack depth: 13952 bytes left
Mar  6 13:49:13 aascedu kernel: Loaded X.509 cert 'sforshee: 00b28ddf47aef9cea7'
Mar  6 13:49:13 aascedu kernel: Loaded X.509 cert 'wens: 61c038651aabdcf94bd0ac7ff06c7248db18c600'
Mar  6 13:49:13 aascedu kernel: platform regulatory.0: Direct firmware load for regulatory.db failed with error -2
Mar  6 13:49:13 aascedu kernel: cfg80211: failed to load regulatory.db
Mar  6 13:49:13 aascedu kernel: ALSA device list:
Mar  6 13:49:13 aascedu kernel:   No soundcards found.
Mar  6 13:49:13 aascedu kernel: input: ImExPS/2 Generic Explorer Mouse as /devices/platform/i8042/serio1/input/input3
Mar  6 13:49:13 aascedu kernel: md: Waiting for all devices to be available before autodetect
Mar  6 13:49:13 aascedu kernel: md: If you don't use raid, use raid=noautodetect
Mar  6 13:49:13 aascedu kernel: md: Autodetecting RAID arrays.
Mar  6 13:49:13 aascedu kernel: md: autorun ...
Mar  6 13:49:13 aascedu kernel: md: ... autorun DONE.
Mar  6 13:49:13 aascedu kernel: EXT4-fs (sda5): INFO: recovery required on readonly filesystem
Mar  6 13:49:13 aascedu kernel: EXT4-fs (sda5): write access will be enabled during recovery
Mar  6 13:49:13 aascedu kernel: EXT4-fs (sda5): recovery complete
Mar  6 13:49:13 aascedu kernel: EXT4-fs (sda5): mounted filesystem b4d7eb2a-b4ac-4ed8-99e4-9064ea766d25 ro with ordered data mode. Quota mode: none.
Mar  6 13:49:13 aascedu kernel: VFS: Mounted root (ext4 filesystem) readonly on device 8:5.
Mar  6 13:49:13 aascedu kernel: devtmpfs: mounted
Mar  6 13:49:13 aascedu kernel: Freeing unused kernel image (initmem) memory: 2812K
Mar  6 13:49:13 aascedu kernel: Write protecting the kernel read-only data: 28672k
Mar  6 13:49:13 aascedu kernel: Freeing unused kernel image (text/rodata gap) memory: 1664K
Mar  6 13:49:13 aascedu kernel: Freeing unused kernel image (rodata/data gap) memory: 800K
Mar  6 13:49:13 aascedu kernel: x86/mm: Checked W+X mappings: passed, no W+X pages found.
Mar  6 13:49:13 aascedu kernel: Run /sbin/init as init process
Mar  6 13:49:13 aascedu kernel:   with arguments:
Mar  6 13:49:13 aascedu kernel:     /sbin/init
Mar  6 13:49:13 aascedu kernel:   with environment:
Mar  6 13:49:13 aascedu kernel:     HOME=/
Mar  6 13:49:13 aascedu kernel:     TERM=linux
Mar  6 13:49:13 aascedu kernel:     BOOT_IMAGE=/vmlinuz-6.16.1-lfs-12.4
Mar  6 13:49:13 aascedu kernel: stty (169) used greatest stack depth: 12840 bytes left
Mar  6 13:49:13 aascedu kernel: dmesg (171) used greatest stack depth: 12816 bytes left
Mar  6 13:49:13 aascedu kernel: ls (174) used greatest stack depth: 12536 bytes left
Mar  6 13:49:13 aascedu kernel: rc (173) used greatest stack depth: 12280 bytes left
Mar  6 13:49:14 aascedu kernel: e1000 0000:00:03.0 ens3: renamed from eth0
Mar  6 13:49:15 aascedu kernel: Adding 2097148k swap on /dev/sda4.  Priority:1 extents:1 across:2097148k 
Mar  6 13:49:15 aascedu kernel: EXT4-fs (sda5): re-mounted b4d7eb2a-b4ac-4ed8-99e4-9064ea766d25.
Mar  6 13:49:15 aascedu kernel: EXT4-fs (sda5): re-mounted b4d7eb2a-b4ac-4ed8-99e4-9064ea766d25 r/w.
Mar  6 13:49:15 aascedu kernel: EXT4-fs (sda3): mounting ext2 file system using the ext4 subsystem
Mar  6 13:49:15 aascedu kernel: EXT4-fs (sda3): mounted filesystem 625a4ecc-c41c-46bf-bba8-be9d697adec1 r/w without journal. Quota mode: none.
Mar  6 13:50:42 aascedu kernel: Linux version 6.16.1aascedu (root@aascedu) (gcc (GCC) 15.2.0, GNU ld (GNU Binutils) 2.45) #1 SMP PREEMPT_DYNAMIC Fri Mar  6 09:31:47 CET 2026
Mar  6 13:50:42 aascedu kernel: Command line: BOOT_IMAGE=/vmlinuz-6.16.1-lfs-12.4 root=PARTUUID=88408a23-622f-46c6-96b4-4c40c536478e ro
Mar  6 13:50:42 aascedu kernel: BIOS-provided physical RAM map:
Mar  6 13:50:42 aascedu kernel: BIOS-e820: [mem 0x0000000000000000-0x000000000009fbff] usable
Mar  6 13:50:42 aascedu kernel: BIOS-e820: [mem 0x000000000009fc00-0x000000000009ffff] reserved
Mar  6 13:50:42 aascedu kernel: BIOS-e820: [mem 0x00000000000f0000-0x00000000000fffff] reserved
Mar  6 13:50:42 aascedu kernel: BIOS-e820: [mem 0x0000000000100000-0x00000000bffdffff] usable
Mar  6 13:50:42 aascedu kernel: BIOS-e820: [mem 0x00000000bffe0000-0x00000000bfffffff] reserved
Mar  6 13:50:42 aascedu kernel: BIOS-e820: [mem 0x00000000feffc000-0x00000000feffffff] reserved
Mar  6 13:50:42 aascedu kernel: BIOS-e820: [mem 0x00000000fffc0000-0x00000000ffffffff] reserved
Mar  6 13:50:42 aascedu kernel: BIOS-e820: [mem 0x0000000100000000-0x000000023fffffff] usable
Mar  6 13:50:42 aascedu kernel: NX (Execute Disable) protection: active
Mar  6 13:50:42 aascedu kernel: APIC: Static calls initialized
Mar  6 13:50:42 aascedu kernel: SMBIOS 2.8 present.
Mar  6 13:50:42 aascedu kernel: DMI: QEMU Standard PC (i440FX + PIIX, 1996), BIOS 1.15.0-1 04/01/2014
Mar  6 13:50:42 aascedu kernel: DMI: Memory slots populated: 1/1
Mar  6 13:50:42 aascedu kernel: Hypervisor detected: KVM
Mar  6 13:50:42 aascedu kernel: kvm-clock: Using msrs 4b564d01 and 4b564d00
Mar  6 13:50:42 aascedu kernel: kvm-clock: using sched offset of 90454987989 cycles
Mar  6 13:50:42 aascedu kernel: clocksource: kvm-clock: mask: 0xffffffffffffffff max_cycles: 0x1cd42e4dffb, max_idle_ns: 881590591483 ns
Mar  6 13:50:42 aascedu kernel: tsc: Detected 2112.000 MHz processor
Mar  6 13:50:42 aascedu kernel: e820: update [mem 0x00000000-0x00000fff] usable ==> reserved
Mar  6 13:50:42 aascedu kernel: e820: remove [mem 0x000a0000-0x000fffff] usable
Mar  6 13:50:42 aascedu kernel: last_pfn = 0x240000 max_arch_pfn = 0x400000000
Mar  6 13:50:42 aascedu kernel: MTRR map: 4 entries (3 fixed + 1 variable; max 19), built from 8 variable MTRRs
Mar  6 13:50:42 aascedu kernel: x86/PAT: Configuration [0-7]: WB  WC  UC- UC  WB  WP  UC- WT  
Mar  6 13:50:42 aascedu kernel: last_pfn = 0xbffe0 max_arch_pfn = 0x400000000
Mar  6 13:50:42 aascedu kernel: found SMP MP-table at [mem 0x000f5b90-0x000f5b9f]
Mar  6 13:50:42 aascedu kernel: Using GB pages for direct mapping
Mar  6 13:50:42 aascedu kernel: ACPI: Early table checksum verification disabled
Mar  6 13:50:42 aascedu kernel: ACPI: RSDP 0x00000000000F59B0 000014 (v00 BOCHS )
Mar  6 13:50:42 aascedu kernel: ACPI: RSDT 0x00000000BFFE1FFD 000034 (v01 BOCHS  BXPC     00000001 BXPC 00000001)
Mar  6 13:50:42 aascedu kernel: ACPI: FACP 0x00000000BFFE1E19 000074 (v01 BOCHS  BXPC     00000001 BXPC 00000001)
Mar  6 13:50:42 aascedu kernel: ACPI: DSDT 0x00000000BFFE0040 001DD9 (v01 BOCHS  BXPC     00000001 BXPC 00000001)
Mar  6 13:50:42 aascedu kernel: ACPI: FACS 0x00000000BFFE0000 000040
Mar  6 13:50:42 aascedu kernel: ACPI: APIC 0x00000000BFFE1E8D 000110 (v01 BOCHS  BXPC     00000001 BXPC 00000001)
Mar  6 13:50:42 aascedu kernel: ACPI: HPET 0x00000000BFFE1F9D 000038 (v01 BOCHS  BXPC     00000001 BXPC 00000001)
Mar  6 13:50:42 aascedu kernel: ACPI: WAET 0x00000000BFFE1FD5 000028 (v01 BOCHS  BXPC     00000001 BXPC 00000001)
Mar  6 13:50:42 aascedu kernel: ACPI: Reserving FACP table memory at [mem 0xbffe1e19-0xbffe1e8c]
Mar  6 13:50:42 aascedu kernel: ACPI: Reserving DSDT table memory at [mem 0xbffe0040-0xbffe1e18]
Mar  6 13:50:42 aascedu kernel: ACPI: Reserving FACS table memory at [mem 0xbffe0000-0xbffe003f]
Mar  6 13:50:42 aascedu kernel: ACPI: Reserving APIC table memory at [mem 0xbffe1e8d-0xbffe1f9c]
Mar  6 13:50:42 aascedu kernel: ACPI: Reserving HPET table memory at [mem 0xbffe1f9d-0xbffe1fd4]
Mar  6 13:50:42 aascedu kernel: ACPI: Reserving WAET table memory at [mem 0xbffe1fd5-0xbffe1ffc]
Mar  6 13:50:42 aascedu kernel: No NUMA configuration found
Mar  6 13:50:42 aascedu kernel: Faking a node at [mem 0x0000000000000000-0x000000023fffffff]
Mar  6 13:50:42 aascedu kernel: NODE_DATA(0) allocated [mem 0x23fffc900-0x23fffffff]
Mar  6 13:50:42 aascedu kernel: Zone ranges:
Mar  6 13:50:42 aascedu kernel:   DMA      [mem 0x0000000000001000-0x0000000000ffffff]
Mar  6 13:50:42 aascedu kernel:   DMA32    [mem 0x0000000001000000-0x00000000ffffffff]
Mar  6 13:50:42 aascedu kernel:   Normal   [mem 0x0000000100000000-0x000000023fffffff]
Mar  6 13:50:42 aascedu kernel: Movable zone start for each node
Mar  6 13:50:42 aascedu kernel: Early memory node ranges
Mar  6 13:50:42 aascedu kernel:   node   0: [mem 0x0000000000001000-0x000000000009efff]
Mar  6 13:50:42 aascedu kernel:   node   0: [mem 0x0000000000100000-0x00000000bffdffff]
Mar  6 13:50:42 aascedu kernel:   node   0: [mem 0x0000000100000000-0x000000023fffffff]
Mar  6 13:50:42 aascedu kernel: Initmem setup node 0 [mem 0x0000000000001000-0x000000023fffffff]
Mar  6 13:50:42 aascedu kernel: On node 0, zone DMA: 1 pages in unavailable ranges
Mar  6 13:50:42 aascedu kernel: On node 0, zone DMA: 97 pages in unavailable ranges
Mar  6 13:50:42 aascedu kernel: On node 0, zone Normal: 32 pages in unavailable ranges
Mar  6 13:50:42 aascedu kernel: ACPI: PM-Timer IO Port: 0x608
Mar  6 13:50:42 aascedu kernel: ACPI: LAPIC_NMI (acpi_id[0xff] dfl dfl lint[0x1])
Mar  6 13:50:42 aascedu kernel: IOAPIC[0]: apic_id 0, version 17, address 0xfec00000, GSI 0-23
Mar  6 13:50:42 aascedu kernel: ACPI: INT_SRC_OVR (bus 0 bus_irq 0 global_irq 2 dfl dfl)
Mar  6 13:50:42 aascedu kernel: ACPI: INT_SRC_OVR (bus 0 bus_irq 5 global_irq 5 high level)
Mar  6 13:50:42 aascedu kernel: ACPI: INT_SRC_OVR (bus 0 bus_irq 9 global_irq 9 high level)
Mar  6 13:50:42 aascedu kernel: ACPI: INT_SRC_OVR (bus 0 bus_irq 10 global_irq 10 high level)
Mar  6 13:50:42 aascedu kernel: ACPI: INT_SRC_OVR (bus 0 bus_irq 11 global_irq 11 high level)
Mar  6 13:50:42 aascedu kernel: ACPI: Using ACPI (MADT) for SMP configuration information
Mar  6 13:50:42 aascedu kernel: ACPI: HPET id: 0x8086a201 base: 0xfed00000
Mar  6 13:50:42 aascedu kernel: TSC deadline timer available
Mar  6 13:50:42 aascedu kernel: CPU topo: Max. logical packages:   1
Mar  6 13:50:42 aascedu kernel: CPU topo: Max. logical dies:       1
Mar  6 13:50:42 aascedu kernel: CPU topo: Max. dies per package:   1
Mar  6 13:50:42 aascedu kernel: CPU topo: Max. threads per core:   1
Mar  6 13:50:42 aascedu kernel: CPU topo: Num. cores per package:    20
Mar  6 13:50:42 aascedu kernel: CPU topo: Num. threads per package:  20
Mar  6 13:50:42 aascedu kernel: CPU topo: Allowing 20 present CPUs plus 0 hotplug CPUs
Mar  6 13:50:42 aascedu kernel: kvm-guest: APIC: eoi() replaced with kvm_guest_apic_eoi_write()
Mar  6 13:50:42 aascedu kernel: kvm-guest: KVM setup pv remote TLB flush
Mar  6 13:50:42 aascedu kernel: kvm-guest: setup PV sched yield
Mar  6 13:50:42 aascedu kernel: PM: hibernation: Registered nosave memory: [mem 0x00000000-0x00000fff]
Mar  6 13:50:42 aascedu kernel: PM: hibernation: Registered nosave memory: [mem 0x0009f000-0x000fffff]
Mar  6 13:50:42 aascedu kernel: PM: hibernation: Registered nosave memory: [mem 0xbffe0000-0xffffffff]
Mar  6 13:50:42 aascedu kernel: [mem 0xc0000000-0xfeffbfff] available for PCI devices
Mar  6 13:50:42 aascedu kernel: Booting paravirtualized kernel on KVM
Mar  6 13:50:42 aascedu kernel: clocksource: refined-jiffies: mask: 0xffffffff max_cycles: 0xffffffff, max_idle_ns: 1910969940391419 ns
Mar  6 13:50:42 aascedu kernel: setup_percpu: NR_CPUS:64 nr_cpumask_bits:20 nr_cpu_ids:20 nr_node_ids:1
Mar  6 13:50:42 aascedu kernel: percpu: Embedded 52 pages/cpu s172760 r8192 d32040 u262144
Mar  6 13:50:42 aascedu kernel: pcpu-alloc: s172760 r8192 d32040 u262144 alloc=1*2097152
Mar  6 13:50:42 aascedu kernel: pcpu-alloc: [0] 00 01 02 03 04 05 06 07 [0] 08 09 10 11 12 13 14 15 
Mar  6 13:50:42 aascedu kernel: pcpu-alloc: [0] 16 17 18 19 -- -- -- -- 
Mar  6 13:50:42 aascedu kernel: Kernel command line: BOOT_IMAGE=/vmlinuz-6.16.1-lfs-12.4 root=PARTUUID=88408a23-622f-46c6-96b4-4c40c536478e ro
Mar  6 13:50:42 aascedu kernel: Unknown kernel command line parameters "BOOT_IMAGE=/vmlinuz-6.16.1-lfs-12.4", will be passed to user space.
Mar  6 13:50:42 aascedu kernel: random: crng init done
Mar  6 13:50:42 aascedu kernel: printk: log buffer data + meta data: 262144 + 917504 = 1179648 bytes
Mar  6 13:50:42 aascedu kernel: Dentry cache hash table entries: 1048576 (order: 11, 8388608 bytes, linear)
Mar  6 13:50:42 aascedu kernel: Inode-cache hash table entries: 524288 (order: 10, 4194304 bytes, linear)
Mar  6 13:50:42 aascedu kernel: software IO TLB: area num 32.
Mar  6 13:50:42 aascedu kernel: Fallback order for Node 0: 0 
Mar  6 13:50:42 aascedu kernel: Built 1 zonelists, mobility grouping on.  Total pages: 2097022
Mar  6 13:50:42 aascedu kernel: Policy zone: Normal
Mar  6 13:50:42 aascedu kernel: mem auto-init: stack:all(zero), heap alloc:off, heap free:off
Mar  6 13:50:42 aascedu kernel: SLUB: HWalign=64, Order=0-3, MinObjects=0, CPUs=20, Nodes=1
Mar  6 13:50:42 aascedu kernel: Dynamic Preempt: voluntary
Mar  6 13:50:42 aascedu kernel: rcu: Preemptible hierarchical RCU implementation.
Mar  6 13:50:42 aascedu kernel: rcu: \x09RCU event tracing is enabled.
Mar  6 13:50:42 aascedu kernel: rcu: \x09RCU restricting CPUs from NR_CPUS=64 to nr_cpu_ids=20.
Mar  6 13:50:42 aascedu kernel: \x09Trampoline variant of Tasks RCU enabled.
Mar  6 13:50:42 aascedu kernel: \x09Tracing variant of Tasks RCU enabled.
Mar  6 13:50:42 aascedu kernel: rcu: RCU calculated value of scheduler-enlistment delay is 100 jiffies.
Mar  6 13:50:42 aascedu kernel: rcu: Adjusting geometry for rcu_fanout_leaf=16, nr_cpu_ids=20
Mar  6 13:50:42 aascedu kernel: RCU Tasks: Setting shift to 5 and lim to 1 rcu_task_cb_adjust=1 rcu_task_cpu_ids=20.
Mar  6 13:50:42 aascedu kernel: RCU Tasks Trace: Setting shift to 5 and lim to 1 rcu_task_cb_adjust=1 rcu_task_cpu_ids=20.
Mar  6 13:50:42 aascedu kernel: NR_IRQS: 4352, nr_irqs: 584, preallocated irqs: 16
Mar  6 13:50:42 aascedu kernel: rcu: srcu_init: Setting srcu_struct sizes based on contention.
Mar  6 13:50:42 aascedu kernel: Console: colour dummy device 80x25
Mar  6 13:50:42 aascedu kernel: printk: legacy console [tty0] enabled
Mar  6 13:50:42 aascedu kernel: ACPI: Core revision 20250404
Mar  6 13:50:42 aascedu kernel: clocksource: hpet: mask: 0xffffffff max_cycles: 0xffffffff, max_idle_ns: 19112604467 ns
Mar  6 13:50:42 aascedu kernel: APIC: Switch to symmetric I/O mode setup
Mar  6 13:50:42 aascedu kernel: x2apic enabled
Mar  6 13:50:42 aascedu kernel: APIC: Switched APIC routing to: physical x2apic
Mar  6 13:50:42 aascedu kernel: kvm-guest: APIC: send_IPI_mask() replaced with kvm_send_ipi_mask()
Mar  6 13:50:42 aascedu kernel: kvm-guest: APIC: send_IPI_mask_allbutself() replaced with kvm_send_ipi_mask_allbutself()
Mar  6 13:50:42 aascedu kernel: kvm-guest: setup PV IPIs
Mar  6 13:50:42 aascedu kernel: ..TIMER: vector=0x30 apic1=0 pin1=2 apic2=-1 pin2=-1
Mar  6 13:50:42 aascedu kernel: clocksource: tsc-early: mask: 0xffffffffffffffff max_cycles: 0x1e71785e5dd, max_idle_ns: 440795244814 ns
Mar  6 13:50:42 aascedu kernel: Calibrating delay loop (skipped) preset value.. 4224.00 BogoMIPS (lpj=2112000)
Mar  6 13:50:42 aascedu kernel: x86/cpu: User Mode Instruction Prevention (UMIP) activated
Mar  6 13:50:42 aascedu kernel: Last level iTLB entries: 4KB 0, 2MB 0, 4MB 0
Mar  6 13:50:42 aascedu kernel: Last level dTLB entries: 4KB 0, 2MB 0, 4MB 0, 1GB 0
Mar  6 13:50:42 aascedu kernel: Speculative Store Bypass: Mitigation: Speculative Store Bypass disabled via prctl
Mar  6 13:50:42 aascedu kernel: Spectre V2 : Mitigation: Enhanced / Automatic IBRS
Mar  6 13:50:42 aascedu kernel: ITS: Mitigation: Aligned branch/return thunks
Mar  6 13:50:42 aascedu kernel: Spectre V1 : Mitigation: usercopy/swapgs barriers and __user pointer sanitization
Mar  6 13:50:42 aascedu kernel: Spectre V2 : Spectre v2 / PBRSB-eIBRS: Retire a single CALL on VMEXIT
Mar  6 13:50:42 aascedu kernel: Spectre V2 : mitigation: Enabling conditional Indirect Branch Prediction Barrier
Mar  6 13:50:42 aascedu kernel: Spectre V2 : Spectre BHI mitigation: SW BHB clearing on syscall and VM exit
Mar  6 13:50:42 aascedu kernel: x86/fpu: Supporting XSAVE feature 0x001: 'x87 floating point registers'
Mar  6 13:50:42 aascedu kernel: x86/fpu: Supporting XSAVE feature 0x002: 'SSE registers'
Mar  6 13:50:42 aascedu kernel: x86/fpu: Supporting XSAVE feature 0x004: 'AVX registers'
Mar  6 13:50:42 aascedu kernel: x86/fpu: Supporting XSAVE feature 0x200: 'Protection Keys User registers'
Mar  6 13:50:42 aascedu kernel: x86/fpu: xstate_offset[2]:  576, xstate_sizes[2]:  256
Mar  6 13:50:42 aascedu kernel: x86/fpu: xstate_offset[9]:  832, xstate_sizes[9]:    8
Mar  6 13:50:42 aascedu kernel: x86/fpu: Enabled xstate features 0x207, context size is 840 bytes, using 'compacted' format.
Mar  6 13:50:42 aascedu kernel: Freeing SMP alternatives memory: 56K
Mar  6 13:50:42 aascedu kernel: pid_max: default: 32768 minimum: 301
Mar  6 13:50:42 aascedu kernel: LSM: initializing lsm=capability,selinux
Mar  6 13:50:42 aascedu kernel: SELinux:  Initializing.
Mar  6 13:50:42 aascedu kernel: Mount-cache hash table entries: 16384 (order: 5, 131072 bytes, linear)
Mar  6 13:50:42 aascedu kernel: Mountpoint-cache hash table entries: 16384 (order: 5, 131072 bytes, linear)
Mar  6 13:50:42 aascedu kernel: smpboot: CPU0: 12th Gen Intel(R) Core(TM) i7-12700 (family: 0x6, model: 0x97, stepping: 0x2)
Mar  6 13:50:42 aascedu kernel: Performance Events: Alderlake Hybrid events, full-width counters, Intel PMU driver.
Mar  6 13:50:42 aascedu kernel: core: cpu_core PMU driver: 
Mar  6 13:50:42 aascedu kernel: ... version:                2
Mar  6 13:50:42 aascedu kernel: ... bit width:              48
Mar  6 13:50:42 aascedu kernel: ... generic registers:      6
Mar  6 13:50:42 aascedu kernel: ... value mask:             0000ffffffffffff
Mar  6 13:50:42 aascedu kernel: ... max period:             00007fffffffffff
Mar  6 13:50:42 aascedu kernel: ... fixed-purpose events:   3
Mar  6 13:50:42 aascedu kernel: ... event mask:             000100070000003f
Mar  6 13:50:42 aascedu kernel: signal: max sigframe size: 3632
Mar  6 13:50:42 aascedu kernel: rcu: Hierarchical SRCU implementation.
Mar  6 13:50:42 aascedu kernel: rcu: \x09Max phase no-delay instances is 400.
Mar  6 13:50:42 aascedu kernel: Timer migration: 2 hierarchy levels; 8 children per group; 2 crossnode level
Mar  6 13:50:42 aascedu kernel: smp: Bringing up secondary CPUs ...
Mar  6 13:50:42 aascedu kernel: smpboot: x86: Booting SMP configuration:
Mar  6 13:50:42 aascedu kernel: .... node  #0, CPUs:        #1  #2  #3  #4  #5  #6  #7  #8  #9 #10 #11 #12 #13 #14 #15 #16 #17 #18 #19
Mar  6 13:50:42 aascedu kernel: smp: Brought up 1 node, 20 CPUs
Mar  6 13:50:42 aascedu kernel: smpboot: Total of 20 processors activated (84480.00 BogoMIPS)
Mar  6 13:50:42 aascedu kernel: Memory: 8121708K/8388088K available (18814K kernel code, 2901K rwdata, 7392K rodata, 2812K init, 968K bss, 255656K reserved, 0K cma-reserved)
Mar  6 13:50:42 aascedu kernel: devtmpfs: initialized
Mar  6 13:50:42 aascedu kernel: clocksource: jiffies: mask: 0xffffffff max_cycles: 0xffffffff, max_idle_ns: 1911260446275000 ns
Mar  6 13:50:42 aascedu kernel: posixtimers hash table entries: 16384 (order: 6, 262144 bytes, linear)
Mar  6 13:50:42 aascedu kernel: futex hash table entries: 8192 (524288 bytes on 1 NUMA nodes, total 512 KiB, linear).
Mar  6 13:50:42 aascedu kernel: PM: RTC time: 12:50:42, date: 2026-03-06
Mar  6 13:50:42 aascedu kernel: NET: Registered PF_NETLINK/PF_ROUTE protocol family
Mar  6 13:50:42 aascedu kernel: audit: initializing netlink subsys (disabled)
Mar  6 13:50:42 aascedu kernel: audit: type=2000 audit(1772801443.092:1): state=initialized audit_enabled=0 res=1
Mar  6 13:50:42 aascedu kernel: thermal_sys: Registered thermal governor 'step_wise'
Mar  6 13:50:42 aascedu kernel: cpuidle: using governor menu
Mar  6 13:50:42 aascedu kernel: PCI: Using configuration type 1 for base access
Mar  6 13:50:42 aascedu kernel: kprobes: kprobe jump-optimization is enabled. All kprobes are optimized if possible.
Mar  6 13:50:42 aascedu kernel: HugeTLB: allocation took 0ms with hugepage_allocation_threads=5
Mar  6 13:50:42 aascedu kernel: HugeTLB: registered 2.00 MiB page size, pre-allocated 0 pages
Mar  6 13:50:42 aascedu kernel: HugeTLB: 28 KiB vmemmap can be freed for a 2.00 MiB page
Mar  6 13:50:42 aascedu kernel: ACPI: Added _OSI(Module Device)
Mar  6 13:50:42 aascedu kernel: ACPI: Added _OSI(Processor Device)
Mar  6 13:50:42 aascedu kernel: ACPI: Added _OSI(Processor Aggregator Device)
Mar  6 13:50:42 aascedu kernel: ACPI: 1 ACPI AML tables successfully acquired and loaded
Mar  6 13:50:42 aascedu kernel: ACPI: Interpreter enabled
Mar  6 13:50:42 aascedu kernel: ACPI: PM: (supports S0 S3 S4 S5)
Mar  6 13:50:42 aascedu kernel: ACPI: Using IOAPIC for interrupt routing
Mar  6 13:50:42 aascedu kernel: PCI: Using host bridge windows from ACPI; if necessary, use "pci=nocrs" and report a bug
Mar  6 13:50:42 aascedu kernel: PCI: Using E820 reservations for host bridge windows
Mar  6 13:50:42 aascedu kernel: ACPI: Enabled 2 GPEs in block 00 to 0F
Mar  6 13:50:42 aascedu kernel: ACPI: PCI Root Bridge [PCI0] (domain 0000 [bus 00-ff])
Mar  6 13:50:42 aascedu kernel: acpi PNP0A03:00: _OSC: OS supports [ASPM ClockPM Segments MSI HPX-Type3]
Mar  6 13:50:42 aascedu kernel: acpi PNP0A03:00: _OSC: not requesting OS control; OS requires [ExtendedConfig ASPM ClockPM MSI]
Mar  6 13:50:42 aascedu kernel: acpi PNP0A03:00: fail to add MMCONFIG information, can't access extended configuration space under this bridge
Mar  6 13:50:42 aascedu kernel: PCI host bridge to bus 0000:00
Mar  6 13:50:42 aascedu kernel: pci_bus 0000:00: root bus resource [io  0x0000-0x0cf7 window]
Mar  6 13:50:42 aascedu kernel: pci_bus 0000:00: root bus resource [io  0x0d00-0xffff window]
Mar  6 13:50:42 aascedu kernel: pci_bus 0000:00: root bus resource [mem 0x000a0000-0x000bffff window]
Mar  6 13:50:42 aascedu kernel: pci_bus 0000:00: root bus resource [mem 0xc0000000-0xfebfffff window]
Mar  6 13:50:42 aascedu kernel: pci_bus 0000:00: root bus resource [mem 0x240000000-0x2bfffffff window]
Mar  6 13:50:42 aascedu kernel: pci_bus 0000:00: root bus resource [bus 00-ff]
Mar  6 13:50:42 aascedu kernel: pci 0000:00:00.0: [8086:1237] type 00 class 0x060000 conventional PCI endpoint
Mar  6 13:50:42 aascedu kernel: pci 0000:00:01.0: [8086:7000] type 00 class 0x060100 conventional PCI endpoint
Mar  6 13:50:42 aascedu kernel: pci 0000:00:01.1: [8086:7010] type 00 class 0x010180 conventional PCI endpoint
Mar  6 13:50:42 aascedu kernel: pci 0000:00:01.1: BAR 4 [io  0xc040-0xc04f]
Mar  6 13:50:42 aascedu kernel: pci 0000:00:01.1: BAR 0 [io  0x01f0-0x01f7]: legacy IDE quirk
Mar  6 13:50:42 aascedu kernel: pci 0000:00:01.1: BAR 1 [io  0x03f6]: legacy IDE quirk
Mar  6 13:50:42 aascedu kernel: pci 0000:00:01.1: BAR 2 [io  0x0170-0x0177]: legacy IDE quirk
Mar  6 13:50:42 aascedu kernel: pci 0000:00:01.1: BAR 3 [io  0x0376]: legacy IDE quirk
Mar  6 13:50:42 aascedu kernel: pci 0000:00:01.3: [8086:7113] type 00 class 0x068000 conventional PCI endpoint
Mar  6 13:50:42 aascedu kernel: pci 0000:00:01.3: quirk: [io  0x0600-0x063f] claimed by PIIX4 ACPI
Mar  6 13:50:42 aascedu kernel: pci 0000:00:01.3: quirk: [io  0x0700-0x070f] claimed by PIIX4 SMB
Mar  6 13:50:42 aascedu kernel: pci 0000:00:02.0: [1af4:1050] type 00 class 0x030000 conventional PCI endpoint
Mar  6 13:50:42 aascedu kernel: pci 0000:00:02.0: BAR 0 [mem 0xfe000000-0xfe7fffff pref]
Mar  6 13:50:42 aascedu kernel: pci 0000:00:02.0: BAR 2 [mem 0xfe800000-0xfe803fff 64bit pref]
Mar  6 13:50:42 aascedu kernel: pci 0000:00:02.0: BAR 4 [mem 0xfebb0000-0xfebb0fff]
Mar  6 13:50:42 aascedu kernel: pci 0000:00:02.0: ROM [mem 0xfeba0000-0xfebaffff pref]
Mar  6 13:50:42 aascedu kernel: pci 0000:00:02.0: Video device with shadowed ROM at [mem 0x000c0000-0x000dffff]
Mar  6 13:50:42 aascedu kernel: pci 0000:00:03.0: [8086:100e] type 00 class 0x020000 conventional PCI endpoint
Mar  6 13:50:42 aascedu kernel: pci 0000:00:03.0: BAR 0 [mem 0xfeb80000-0xfeb9ffff]
Mar  6 13:50:42 aascedu kernel: pci 0000:00:03.0: BAR 1 [io  0xc000-0xc03f]
Mar  6 13:50:42 aascedu kernel: pci 0000:00:03.0: ROM [mem 0xfeb00000-0xfeb7ffff pref]
Mar  6 13:50:42 aascedu kernel: ACPI: PCI: Interrupt link LNKA configured for IRQ 10
Mar  6 13:50:42 aascedu kernel: ACPI: PCI: Interrupt link LNKB configured for IRQ 10
Mar  6 13:50:42 aascedu kernel: ACPI: PCI: Interrupt link LNKC configured for IRQ 11
Mar  6 13:50:42 aascedu kernel: ACPI: PCI: Interrupt link LNKD configured for IRQ 11
Mar  6 13:50:42 aascedu kernel: ACPI: PCI: Interrupt link LNKS configured for IRQ 9
Mar  6 13:50:42 aascedu kernel: iommu: Default domain type: Translated
Mar  6 13:50:42 aascedu kernel: iommu: DMA domain TLB invalidation policy: lazy mode
Mar  6 13:50:42 aascedu kernel: SCSI subsystem initialized
Mar  6 13:50:42 aascedu kernel: libata version 3.00 loaded.
Mar  6 13:50:42 aascedu kernel: ACPI: bus type USB registered
Mar  6 13:50:42 aascedu kernel: usbcore: registered new interface driver usbfs
Mar  6 13:50:42 aascedu kernel: usbcore: registered new interface driver hub
Mar  6 13:50:42 aascedu kernel: usbcore: registered new device driver usb
Mar  6 13:50:42 aascedu kernel: pps_core: LinuxPPS API ver. 1 registered
Mar  6 13:50:42 aascedu kernel: pps_core: Software ver. 5.3.6 - Copyright 2005-2007 Rodolfo Giometti <giometti@linux.it>
Mar  6 13:50:42 aascedu kernel: PTP clock support registered
Mar  6 13:50:42 aascedu kernel: Advanced Linux Sound Architecture Driver Initialized.
Mar  6 13:50:42 aascedu kernel: NetLabel: Initializing
Mar  6 13:50:42 aascedu kernel: NetLabel:  domain hash size = 128
Mar  6 13:50:42 aascedu kernel: NetLabel:  protocols = UNLABELED CIPSOv4 CALIPSO
Mar  6 13:50:42 aascedu kernel: NetLabel:  unlabeled traffic allowed by default
Mar  6 13:50:42 aascedu kernel: PCI: Using ACPI for IRQ routing
Mar  6 13:50:42 aascedu kernel: PCI: pci_cache_line_size set to 64 bytes
Mar  6 13:50:42 aascedu kernel: e820: reserve RAM buffer [mem 0x0009fc00-0x0009ffff]
Mar  6 13:50:42 aascedu kernel: e820: reserve RAM buffer [mem 0xbffe0000-0xbfffffff]
Mar  6 13:50:42 aascedu kernel: pci 0000:00:02.0: vgaarb: setting as boot VGA device
Mar  6 13:50:42 aascedu kernel: pci 0000:00:02.0: vgaarb: bridge control possible
Mar  6 13:50:42 aascedu kernel: pci 0000:00:02.0: vgaarb: VGA device added: decodes=io+mem,owns=io+mem,locks=none
Mar  6 13:50:42 aascedu kernel: vgaarb: loaded
Mar  6 13:50:42 aascedu kernel: hpet0: at MMIO 0xfed00000, IRQs 2, 8, 0
Mar  6 13:50:42 aascedu kernel: hpet0: 3 comparators, 64-bit 100.000000 MHz counter
Mar  6 13:50:42 aascedu kernel: clocksource: Switched to clocksource kvm-clock
Mar  6 13:50:42 aascedu kernel: VFS: Disk quotas dquot_6.6.0
Mar  6 13:50:42 aascedu kernel: VFS: Dquot-cache hash table entries: 512 (order 0, 4096 bytes)
Mar  6 13:50:42 aascedu kernel: pnp: PnP ACPI init
Mar  6 13:50:42 aascedu kernel: pnp 00:02: [dma 2]
Mar  6 13:50:42 aascedu kernel: pnp: PnP ACPI: found 6 devices
Mar  6 13:50:42 aascedu kernel: clocksource: acpi_pm: mask: 0xffffff max_cycles: 0xffffff, max_idle_ns: 2085701024 ns
Mar  6 13:50:42 aascedu kernel: NET: Registered PF_INET protocol family
Mar  6 13:50:42 aascedu kernel: IP idents hash table entries: 131072 (order: 8, 1048576 bytes, linear)
Mar  6 13:50:42 aascedu kernel: tcp_listen_portaddr_hash hash table entries: 4096 (order: 4, 65536 bytes, linear)
Mar  6 13:50:42 aascedu kernel: Table-perturb hash table entries: 65536 (order: 6, 262144 bytes, linear)
Mar  6 13:50:42 aascedu kernel: TCP established hash table entries: 65536 (order: 7, 524288 bytes, linear)
Mar  6 13:50:42 aascedu kernel: TCP bind hash table entries: 65536 (order: 9, 2097152 bytes, linear)
Mar  6 13:50:42 aascedu kernel: TCP: Hash tables configured (established 65536 bind 65536)
Mar  6 13:50:42 aascedu kernel: UDP hash table entries: 4096 (order: 6, 262144 bytes, linear)
Mar  6 13:50:42 aascedu kernel: UDP-Lite hash table entries: 4096 (order: 6, 262144 bytes, linear)
Mar  6 13:50:42 aascedu kernel: NET: Registered PF_UNIX/PF_LOCAL protocol family
Mar  6 13:50:42 aascedu kernel: RPC: Registered named UNIX socket transport module.
Mar  6 13:50:42 aascedu kernel: RPC: Registered udp transport module.
Mar  6 13:50:42 aascedu kernel: RPC: Registered tcp transport module.
Mar  6 13:50:42 aascedu kernel: RPC: Registered tcp-with-tls transport module.
Mar  6 13:50:42 aascedu kernel: RPC: Registered tcp NFSv4.1 backchannel transport module.
Mar  6 13:50:42 aascedu kernel: pci_bus 0000:00: resource 4 [io  0x0000-0x0cf7 window]
Mar  6 13:50:42 aascedu kernel: pci_bus 0000:00: resource 5 [io  0x0d00-0xffff window]
Mar  6 13:50:42 aascedu kernel: pci_bus 0000:00: resource 6 [mem 0x000a0000-0x000bffff window]
Mar  6 13:50:42 aascedu kernel: pci_bus 0000:00: resource 7 [mem 0xc0000000-0xfebfffff window]
Mar  6 13:50:42 aascedu kernel: pci_bus 0000:00: resource 8 [mem 0x240000000-0x2bfffffff window]
Mar  6 13:50:42 aascedu kernel: pci 0000:00:01.0: PIIX3: Enabling Passive Release
Mar  6 13:50:42 aascedu kernel: pci 0000:00:00.0: Limiting direct PCI/PCI transfers
Mar  6 13:50:42 aascedu kernel: PCI: CLS 0 bytes, default 64
Mar  6 13:50:42 aascedu kernel: PCI-DMA: Using software bounce buffering for IO (SWIOTLB)
Mar  6 13:50:42 aascedu kernel: software IO TLB: mapped [mem 0x00000000bbfe0000-0x00000000bffe0000] (64MB)
Mar  6 13:50:42 aascedu kernel: RAPL PMU: API unit is 2^-32 Joules, 0 fixed counters, 10737418240 ms ovfl timer
Mar  6 13:50:42 aascedu kernel: clocksource: tsc: mask: 0xffffffffffffffff max_cycles: 0x1e71785e5dd, max_idle_ns: 440795244814 ns
Mar  6 13:50:42 aascedu kernel: Initialise system trusted keyrings
Mar  6 13:50:42 aascedu kernel: workingset: timestamp_bits=40 max_order=21 bucket_order=0
Mar  6 13:50:42 aascedu kernel: NFS: Registering the id_resolver key type
Mar  6 13:50:42 aascedu kernel: Key type id_resolver registered
Mar  6 13:50:42 aascedu kernel: Key type id_legacy registered
Mar  6 13:50:42 aascedu kernel: 9p: Installing v9fs 9p2000 file system support
Mar  6 13:50:42 aascedu kernel: Key type asymmetric registered
Mar  6 13:50:42 aascedu kernel: Asymmetric key parser 'x509' registered
Mar  6 13:50:42 aascedu kernel: Block layer SCSI generic (bsg) driver version 0.4 loaded (major 251)
Mar  6 13:50:42 aascedu kernel: io scheduler mq-deadline registered
Mar  6 13:50:42 aascedu kernel: io scheduler kyber registered
Mar  6 13:50:42 aascedu kernel: input: Power Button as /devices/LNXSYSTM:00/LNXPWRBN:00/input/input0
Mar  6 13:50:42 aascedu kernel: ACPI: button: Power Button [PWRF]
Mar  6 13:50:42 aascedu kernel: ACPI: \x5c_SB_.LNKB: Enabled at IRQ 10
Mar  6 13:50:42 aascedu kernel: Serial: 8250/16550 driver, 4 ports, IRQ sharing enabled
Mar  6 13:50:42 aascedu kernel: 00:04: ttyS0 at I/O 0x3f8 (irq = 4, base_baud = 115200) is a 16550A
Mar  6 13:50:42 aascedu kernel: Non-volatile memory driver v1.3
Mar  6 13:50:42 aascedu kernel: Linux agpgart interface v0.103
Mar  6 13:50:42 aascedu kernel: ACPI: bus type drm_connector registered
Mar  6 13:50:42 aascedu kernel: [drm] pci: virtio-vga detected at 0000:00:02.0
Mar  6 13:50:42 aascedu kernel: virtio-pci 0000:00:02.0: vgaarb: deactivate vga console
Mar  6 13:50:42 aascedu kernel: [drm] features: -virgl +edid -resource_blob -host_visible
Mar  6 13:50:42 aascedu kernel: [drm] features: -context_init
Mar  6 13:50:42 aascedu kernel: [drm] number of scanouts: 1
Mar  6 13:50:42 aascedu kernel: [drm] number of cap sets: 0
Mar  6 13:50:42 aascedu kernel: virtio-pci 0000:00:02.0: [drm] Registered 1 planes with drm panic
Mar  6 13:50:42 aascedu kernel: [drm] Initialized virtio_gpu 0.1.0 for 0000:00:02.0 on minor 0
Mar  6 13:50:42 aascedu kernel: fbcon: virtio_gpudrmfb (fb0) is primary device
Mar  6 13:50:42 aascedu kernel: Console: switching to colour frame buffer device 240x61
Mar  6 13:50:42 aascedu kernel: virtio-pci 0000:00:02.0: [drm] fb0: virtio_gpudrmfb frame buffer device
Mar  6 13:50:42 aascedu kernel: loop: module loaded
Mar  6 13:50:42 aascedu kernel: scsi host0: ata_piix
Mar  6 13:50:42 aascedu kernel: scsi host1: ata_piix
Mar  6 13:50:42 aascedu kernel: ata1: PATA max MWDMA2 cmd 0x1f0 ctl 0x3f6 bmdma 0xc040 irq 14 lpm-pol 0
Mar  6 13:50:42 aascedu kernel: ata2: PATA max MWDMA2 cmd 0x170 ctl 0x376 bmdma 0xc048 irq 15 lpm-pol 0
Mar  6 13:50:42 aascedu kernel: e100: Intel(R) PRO/100 Network Driver
Mar  6 13:50:42 aascedu kernel: e100: Copyright(c) 1999-2006 Intel Corporation
Mar  6 13:50:42 aascedu kernel: e1000: Intel(R) PRO/1000 Network Driver
Mar  6 13:50:42 aascedu kernel: e1000: Copyright (c) 1999-2006 Intel Corporation.
Mar  6 13:50:42 aascedu kernel: ACPI: \x5c_SB_.LNKC: Enabled at IRQ 11
Mar  6 13:50:42 aascedu kernel: ata1: found unknown device (class 0)
Mar  6 13:50:42 aascedu kernel: ata2: found unknown device (class 0)
Mar  6 13:50:42 aascedu kernel: ata1.00: ATA-7: QEMU HARDDISK, 2.5+, max UDMA/100
Mar  6 13:50:42 aascedu kernel: ata1.00: 83886080 sectors, multi 16: LBA48 
Mar  6 13:50:42 aascedu kernel: scsi 0:0:0:0: Direct-Access     ATA      QEMU HARDDISK    2.5+ PQ: 0 ANSI: 5
Mar  6 13:50:42 aascedu kernel: ata2.00: ATAPI: QEMU DVD-ROM, 2.5+, max UDMA/100
Mar  6 13:50:42 aascedu kernel: sd 0:0:0:0: Attached scsi generic sg0 type 0
Mar  6 13:50:42 aascedu kernel: sd 0:0:0:0: [sda] 83886080 512-byte logical blocks: (42.9 GB/40.0 GiB)
Mar  6 13:50:42 aascedu kernel: sd 0:0:0:0: [sda] Write Protect is off
Mar  6 13:50:42 aascedu kernel: sd 0:0:0:0: [sda] Mode Sense: 00 3a 00 00
Mar  6 13:50:42 aascedu kernel: sd 0:0:0:0: [sda] Write cache: enabled, read cache: enabled, doesn't support DPO or FUA
Mar  6 13:50:42 aascedu kernel: sd 0:0:0:0: [sda] Preferred minimum I/O size 512 bytes
Mar  6 13:50:42 aascedu kernel: scsi 1:0:0:0: CD-ROM            QEMU     QEMU DVD-ROM     2.5+ PQ: 0 ANSI: 5
Mar  6 13:50:42 aascedu kernel:  sda: sda1 sda3 sda4 sda5
Mar  6 13:50:42 aascedu kernel: sd 0:0:0:0: [sda] Attached SCSI disk
Mar  6 13:50:42 aascedu kernel: sr 1:0:0:0: [sr0] scsi3-mmc drive: 4x/4x cd/rw xa/form2 tray
Mar  6 13:50:42 aascedu kernel: cdrom: Uniform CD-ROM driver Revision: 3.20
Mar  6 13:50:42 aascedu kernel: sr 1:0:0:0: Attached scsi CD-ROM sr0
Mar  6 13:50:42 aascedu kernel: sr 1:0:0:0: Attached scsi generic sg1 type 5
Mar  6 13:50:42 aascedu kernel: e1000 0000:00:03.0 eth0: (PCI:33MHz:32-bit) 52:54:00:12:34:56
Mar  6 13:50:42 aascedu kernel: e1000 0000:00:03.0 eth0: Intel(R) PRO/1000 Network Connection
Mar  6 13:50:42 aascedu kernel: e1000e: Intel(R) PRO/1000 Network Driver
Mar  6 13:50:42 aascedu kernel: e1000e: Copyright(c) 1999 - 2015 Intel Corporation.
Mar  6 13:50:42 aascedu kernel: sky2: driver version 1.30
Mar  6 13:50:42 aascedu kernel: usbcore: registered new interface driver usblp
Mar  6 13:50:42 aascedu kernel: usbcore: registered new interface driver usb-storage
Mar  6 13:50:42 aascedu kernel: i8042: PNP: PS/2 Controller [PNP0303:KBD,PNP0f13:MOU] at 0x60,0x64 irq 1,12
Mar  6 13:50:42 aascedu kernel: serio: i8042 KBD port at 0x60,0x64 irq 1
Mar  6 13:50:42 aascedu kernel: serio: i8042 AUX port at 0x60,0x64 irq 12
Mar  6 13:50:42 aascedu kernel: rtc_cmos 00:05: RTC can wake from S4
Mar  6 13:50:42 aascedu kernel: input: AT Translated Set 2 keyboard as /devices/platform/i8042/serio0/input/input1
Mar  6 13:50:42 aascedu kernel: rtc_cmos 00:05: registered as rtc0
Mar  6 13:50:42 aascedu kernel: rtc_cmos 00:05: alarms up to one day, y3k, 242 bytes nvram, hpet irqs
Mar  6 13:50:42 aascedu kernel: device-mapper: ioctl: 4.50.0-ioctl (2025-04-28) initialised: dm-devel@lists.linux.dev
Mar  6 13:50:42 aascedu kernel: intel_pstate: CPU model not supported
Mar  6 13:50:42 aascedu kernel: hid: raw HID events driver (C) Jiri Kosina
Mar  6 13:50:42 aascedu kernel: usbcore: registered new interface driver usbhid
Mar  6 13:50:42 aascedu kernel: usbhid: USB HID core driver
Mar  6 13:50:42 aascedu kernel: Initializing XFRM netlink socket
Mar  6 13:50:42 aascedu kernel: NET: Registered PF_INET6 protocol family
Mar  6 13:50:42 aascedu kernel: Segment Routing with IPv6
Mar  6 13:50:42 aascedu kernel: In-situ OAM (IOAM) with IPv6
Mar  6 13:50:42 aascedu kernel: sit: IPv6, IPv4 and MPLS over IPv4 tunneling driver
Mar  6 13:50:42 aascedu kernel: NET: Registered PF_PACKET protocol family
Mar  6 13:50:42 aascedu kernel: 9pnet: Installing 9P2000 support
Mar  6 13:50:42 aascedu kernel: Key type dns_resolver registered
Mar  6 13:50:42 aascedu kernel: IPI shorthand broadcast: enabled
Mar  6 13:50:42 aascedu kernel: sched_clock: Marking stable (491002235, 143109)->(491600710, -455366)
Mar  6 13:50:42 aascedu kernel: registered taskstats version 1
Mar  6 13:50:42 aascedu kernel: Loading compiled-in X.509 certificates
Mar  6 13:50:42 aascedu kernel: Demotion targets for Node 0: null
Mar  6 13:50:42 aascedu kernel: PM:   Magic number: 2:491:834
Mar  6 13:50:42 aascedu kernel: netconsole: network logging started
Mar  6 13:50:42 aascedu kernel: cfg80211: Loading compiled-in X.509 certificates for regulatory database
Mar  6 13:50:42 aascedu kernel: kworker/u80:0 (160) used greatest stack depth: 13952 bytes left
Mar  6 13:50:42 aascedu kernel: Loaded X.509 cert 'sforshee: 00b28ddf47aef9cea7'
Mar  6 13:50:42 aascedu kernel: Loaded X.509 cert 'wens: 61c038651aabdcf94bd0ac7ff06c7248db18c600'
Mar  6 13:50:42 aascedu kernel: platform regulatory.0: Direct firmware load for regulatory.db failed with error -2
Mar  6 13:50:42 aascedu kernel: cfg80211: failed to load regulatory.db
Mar  6 13:50:42 aascedu kernel: ALSA device list:
Mar  6 13:50:42 aascedu kernel:   No soundcards found.
Mar  6 13:50:42 aascedu kernel: input: ImExPS/2 Generic Explorer Mouse as /devices/platform/i8042/serio1/input/input3
Mar  6 13:50:42 aascedu kernel: md: Waiting for all devices to be available before autodetect
Mar  6 13:50:42 aascedu kernel: md: If you don't use raid, use raid=noautodetect
Mar  6 13:50:42 aascedu kernel: md: Autodetecting RAID arrays.
Mar  6 13:50:42 aascedu kernel: md: autorun ...
Mar  6 13:50:42 aascedu kernel: md: ... autorun DONE.
Mar  6 13:50:42 aascedu kernel: EXT4-fs (sda5): mounted filesystem b4d7eb2a-b4ac-4ed8-99e4-9064ea766d25 ro with ordered data mode. Quota mode: none.
Mar  6 13:50:42 aascedu kernel: VFS: Mounted root (ext4 filesystem) readonly on device 8:5.
Mar  6 13:50:42 aascedu kernel: devtmpfs: mounted
Mar  6 13:50:42 aascedu kernel: Freeing unused kernel image (initmem) memory: 2812K
Mar  6 13:50:42 aascedu kernel: Write protecting the kernel read-only data: 28672k
Mar  6 13:50:42 aascedu kernel: Freeing unused kernel image (text/rodata gap) memory: 1664K
Mar  6 13:50:42 aascedu kernel: Freeing unused kernel image (rodata/data gap) memory: 800K
Mar  6 13:50:42 aascedu kernel: x86/mm: Checked W+X mappings: passed, no W+X pages found.
Mar  6 13:50:42 aascedu kernel: Run /sbin/init as init process
Mar  6 13:50:42 aascedu kernel:   with arguments:
Mar  6 13:50:42 aascedu kernel:     /sbin/init
Mar  6 13:50:42 aascedu kernel:   with environment:
Mar  6 13:50:42 aascedu kernel:     HOME=/
Mar  6 13:50:42 aascedu kernel:     TERM=linux
Mar  6 13:50:42 aascedu kernel:     BOOT_IMAGE=/vmlinuz-6.16.1-lfs-12.4
Mar  6 13:50:42 aascedu kernel: stty (171) used greatest stack depth: 12328 bytes left
Mar  6 13:50:43 aascedu kernel: e1000 0000:00:03.0 ens3: renamed from eth0
Mar  6 13:50:43 aascedu kernel: Adding 2097148k swap on /dev/sda4.  Priority:1 extents:1 across:2097148k 
Mar  6 13:50:43 aascedu kernel: EXT4-fs (sda5): re-mounted b4d7eb2a-b4ac-4ed8-99e4-9064ea766d25.
Mar  6 13:50:43 aascedu kernel: EXT4-fs (sda5): re-mounted b4d7eb2a-b4ac-4ed8-99e4-9064ea766d25 r/w.
Mar  6 13:50:43 aascedu kernel: EXT4-fs (sda3): mounting ext2 file system using the ext4 subsystem
Mar  6 13:50:43 aascedu kernel: EXT4-fs (sda3): mounted filesystem 625a4ecc-c41c-46bf-bba8-be9d697adec1 r/w without journal. Quota mode: none.
Mar  6 13:50:45 aascedu kernel: e1000: ens3 NIC Link is Up 1000 Mbps Full Duplex, Flow Control: RX
Mar  6 14:22:29 aascedu kernel: Linux version 6.16.1aascedu (root@aascedu) (gcc (GCC) 15.2.0, GNU ld (GNU Binutils) 2.45) #1 SMP PREEMPT_DYNAMIC Fri Mar  6 09:31:47 CET 2026
Mar  6 14:22:29 aascedu kernel: Command line: BOOT_IMAGE=/vmlinuz-6.16.1-lfs-12.4 root=PARTUUID=88408a23-622f-46c6-96b4-4c40c536478e ro
Mar  6 14:22:29 aascedu kernel: BIOS-provided physical RAM map:
Mar  6 14:22:29 aascedu kernel: BIOS-e820: [mem 0x0000000000000000-0x000000000009fbff] usable
Mar  6 14:22:29 aascedu kernel: BIOS-e820: [mem 0x000000000009fc00-0x000000000009ffff] reserved
Mar  6 14:22:29 aascedu kernel: BIOS-e820: [mem 0x00000000000f0000-0x00000000000fffff] reserved
Mar  6 14:22:29 aascedu kernel: BIOS-e820: [mem 0x0000000000100000-0x00000000bffdffff] usable
Mar  6 14:22:29 aascedu kernel: BIOS-e820: [mem 0x00000000bffe0000-0x00000000bfffffff] reserved
Mar  6 14:22:29 aascedu kernel: BIOS-e820: [mem 0x00000000feffc000-0x00000000feffffff] reserved
Mar  6 14:22:29 aascedu kernel: BIOS-e820: [mem 0x00000000fffc0000-0x00000000ffffffff] reserved
Mar  6 14:22:29 aascedu kernel: BIOS-e820: [mem 0x0000000100000000-0x000000023fffffff] usable
Mar  6 14:22:29 aascedu kernel: NX (Execute Disable) protection: active
Mar  6 14:22:29 aascedu kernel: APIC: Static calls initialized
Mar  6 14:22:29 aascedu kernel: SMBIOS 2.8 present.
Mar  6 14:22:29 aascedu kernel: DMI: QEMU Standard PC (i440FX + PIIX, 1996), BIOS 1.15.0-1 04/01/2014
Mar  6 14:22:29 aascedu kernel: DMI: Memory slots populated: 1/1
Mar  6 14:22:29 aascedu kernel: Hypervisor detected: KVM
Mar  6 14:22:29 aascedu kernel: kvm-clock: Using msrs 4b564d01 and 4b564d00
Mar  6 14:22:29 aascedu kernel: kvm-clock: using sched offset of 1811329923 cycles
Mar  6 14:22:29 aascedu kernel: clocksource: kvm-clock: mask: 0xffffffffffffffff max_cycles: 0x1cd42e4dffb, max_idle_ns: 881590591483 ns
Mar  6 14:22:29 aascedu kernel: tsc: Detected 2112.000 MHz processor
Mar  6 14:22:29 aascedu kernel: e820: update [mem 0x00000000-0x00000fff] usable ==> reserved
Mar  6 14:22:29 aascedu kernel: e820: remove [mem 0x000a0000-0x000fffff] usable
Mar  6 14:22:29 aascedu kernel: last_pfn = 0x240000 max_arch_pfn = 0x400000000
Mar  6 14:22:29 aascedu kernel: MTRR map: 4 entries (3 fixed + 1 variable; max 19), built from 8 variable MTRRs
Mar  6 14:22:29 aascedu kernel: x86/PAT: Configuration [0-7]: WB  WC  UC- UC  WB  WP  UC- WT  
Mar  6 14:22:29 aascedu kernel: last_pfn = 0xbffe0 max_arch_pfn = 0x400000000
Mar  6 14:22:29 aascedu kernel: found SMP MP-table at [mem 0x000f5b90-0x000f5b9f]
Mar  6 14:22:29 aascedu kernel: Using GB pages for direct mapping
Mar  6 14:22:29 aascedu kernel: ACPI: Early table checksum verification disabled
Mar  6 14:22:29 aascedu kernel: ACPI: RSDP 0x00000000000F59B0 000014 (v00 BOCHS )
Mar  6 14:22:29 aascedu kernel: ACPI: RSDT 0x00000000BFFE1FFD 000034 (v01 BOCHS  BXPC     00000001 BXPC 00000001)
Mar  6 14:22:29 aascedu kernel: ACPI: FACP 0x00000000BFFE1E19 000074 (v01 BOCHS  BXPC     00000001 BXPC 00000001)
Mar  6 14:22:29 aascedu kernel: ACPI: DSDT 0x00000000BFFE0040 001DD9 (v01 BOCHS  BXPC     00000001 BXPC 00000001)
Mar  6 14:22:29 aascedu kernel: ACPI: FACS 0x00000000BFFE0000 000040
Mar  6 14:22:29 aascedu kernel: ACPI: APIC 0x00000000BFFE1E8D 000110 (v01 BOCHS  BXPC     00000001 BXPC 00000001)
Mar  6 14:22:29 aascedu kernel: ACPI: HPET 0x00000000BFFE1F9D 000038 (v01 BOCHS  BXPC     00000001 BXPC 00000001)
Mar  6 14:22:29 aascedu kernel: ACPI: WAET 0x00000000BFFE1FD5 000028 (v01 BOCHS  BXPC     00000001 BXPC 00000001)
Mar  6 14:22:29 aascedu kernel: ACPI: Reserving FACP table memory at [mem 0xbffe1e19-0xbffe1e8c]
Mar  6 14:22:29 aascedu kernel: ACPI: Reserving DSDT table memory at [mem 0xbffe0040-0xbffe1e18]
Mar  6 14:22:29 aascedu kernel: ACPI: Reserving FACS table memory at [mem 0xbffe0000-0xbffe003f]
Mar  6 14:22:29 aascedu kernel: ACPI: Reserving APIC table memory at [mem 0xbffe1e8d-0xbffe1f9c]
Mar  6 14:22:29 aascedu kernel: ACPI: Reserving HPET table memory at [mem 0xbffe1f9d-0xbffe1fd4]
Mar  6 14:22:29 aascedu kernel: ACPI: Reserving WAET table memory at [mem 0xbffe1fd5-0xbffe1ffc]
Mar  6 14:22:29 aascedu kernel: No NUMA configuration found
Mar  6 14:22:29 aascedu kernel: Faking a node at [mem 0x0000000000000000-0x000000023fffffff]
Mar  6 14:22:29 aascedu kernel: NODE_DATA(0) allocated [mem 0x23fffc900-0x23fffffff]
Mar  6 14:22:29 aascedu kernel: Zone ranges:
Mar  6 14:22:29 aascedu kernel:   DMA      [mem 0x0000000000001000-0x0000000000ffffff]
Mar  6 14:22:29 aascedu kernel:   DMA32    [mem 0x0000000001000000-0x00000000ffffffff]
Mar  6 14:22:29 aascedu kernel:   Normal   [mem 0x0000000100000000-0x000000023fffffff]
Mar  6 14:22:29 aascedu kernel: Movable zone start for each node
Mar  6 14:22:29 aascedu kernel: Early memory node ranges
Mar  6 14:22:29 aascedu kernel:   node   0: [mem 0x0000000000001000-0x000000000009efff]
Mar  6 14:22:29 aascedu kernel:   node   0: [mem 0x0000000000100000-0x00000000bffdffff]
Mar  6 14:22:29 aascedu kernel:   node   0: [mem 0x0000000100000000-0x000000023fffffff]
Mar  6 14:22:29 aascedu kernel: Initmem setup node 0 [mem 0x0000000000001000-0x000000023fffffff]
Mar  6 14:22:29 aascedu kernel: On node 0, zone DMA: 1 pages in unavailable ranges
Mar  6 14:22:29 aascedu kernel: On node 0, zone DMA: 97 pages in unavailable ranges
Mar  6 14:22:29 aascedu kernel: On node 0, zone Normal: 32 pages in unavailable ranges
Mar  6 14:22:29 aascedu kernel: ACPI: PM-Timer IO Port: 0x608
Mar  6 14:22:29 aascedu kernel: ACPI: LAPIC_NMI (acpi_id[0xff] dfl dfl lint[0x1])
Mar  6 14:22:29 aascedu kernel: IOAPIC[0]: apic_id 0, version 17, address 0xfec00000, GSI 0-23
Mar  6 14:22:29 aascedu kernel: ACPI: INT_SRC_OVR (bus 0 bus_irq 0 global_irq 2 dfl dfl)
Mar  6 14:22:29 aascedu kernel: ACPI: INT_SRC_OVR (bus 0 bus_irq 5 global_irq 5 high level)
Mar  6 14:22:29 aascedu kernel: ACPI: INT_SRC_OVR (bus 0 bus_irq 9 global_irq 9 high level)
Mar  6 14:22:29 aascedu kernel: ACPI: INT_SRC_OVR (bus 0 bus_irq 10 global_irq 10 high level)
Mar  6 14:22:29 aascedu kernel: ACPI: INT_SRC_OVR (bus 0 bus_irq 11 global_irq 11 high level)
Mar  6 14:22:29 aascedu kernel: ACPI: Using ACPI (MADT) for SMP configuration information
Mar  6 14:22:29 aascedu kernel: ACPI: HPET id: 0x8086a201 base: 0xfed00000
Mar  6 14:22:29 aascedu kernel: TSC deadline timer available
Mar  6 14:22:29 aascedu kernel: CPU topo: Max. logical packages:   1
Mar  6 14:22:29 aascedu kernel: CPU topo: Max. logical dies:       1
Mar  6 14:22:29 aascedu kernel: CPU topo: Max. dies per package:   1
Mar  6 14:22:29 aascedu kernel: CPU topo: Max. threads per core:   1
Mar  6 14:22:29 aascedu kernel: CPU topo: Num. cores per package:    20
Mar  6 14:22:29 aascedu kernel: CPU topo: Num. threads per package:  20
Mar  6 14:22:29 aascedu kernel: CPU topo: Allowing 20 present CPUs plus 0 hotplug CPUs
Mar  6 14:22:29 aascedu kernel: kvm-guest: APIC: eoi() replaced with kvm_guest_apic_eoi_write()
Mar  6 14:22:29 aascedu kernel: kvm-guest: KVM setup pv remote TLB flush
Mar  6 14:22:29 aascedu kernel: kvm-guest: setup PV sched yield
Mar  6 14:22:29 aascedu kernel: PM: hibernation: Registered nosave memory: [mem 0x00000000-0x00000fff]
Mar  6 14:22:29 aascedu kernel: PM: hibernation: Registered nosave memory: [mem 0x0009f000-0x000fffff]
Mar  6 14:22:29 aascedu kernel: PM: hibernation: Registered nosave memory: [mem 0xbffe0000-0xffffffff]
Mar  6 14:22:29 aascedu kernel: [mem 0xc0000000-0xfeffbfff] available for PCI devices
Mar  6 14:22:29 aascedu kernel: Booting paravirtualized kernel on KVM
Mar  6 14:22:29 aascedu kernel: clocksource: refined-jiffies: mask: 0xffffffff max_cycles: 0xffffffff, max_idle_ns: 1910969940391419 ns
Mar  6 14:22:29 aascedu kernel: setup_percpu: NR_CPUS:64 nr_cpumask_bits:20 nr_cpu_ids:20 nr_node_ids:1
Mar  6 14:22:29 aascedu kernel: percpu: Embedded 52 pages/cpu s172760 r8192 d32040 u262144
Mar  6 14:22:29 aascedu kernel: pcpu-alloc: s172760 r8192 d32040 u262144 alloc=1*2097152
Mar  6 14:22:29 aascedu kernel: pcpu-alloc: [0] 00 01 02 03 04 05 06 07 [0] 08 09 10 11 12 13 14 15 
Mar  6 14:22:29 aascedu kernel: pcpu-alloc: [0] 16 17 18 19 -- -- -- -- 
Mar  6 14:22:29 aascedu kernel: Kernel command line: BOOT_IMAGE=/vmlinuz-6.16.1-lfs-12.4 root=PARTUUID=88408a23-622f-46c6-96b4-4c40c536478e ro
Mar  6 14:22:29 aascedu kernel: Unknown kernel command line parameters "BOOT_IMAGE=/vmlinuz-6.16.1-lfs-12.4", will be passed to user space.
Mar  6 14:22:29 aascedu kernel: random: crng init done
Mar  6 14:22:29 aascedu kernel: printk: log buffer data + meta data: 262144 + 917504 = 1179648 bytes
Mar  6 14:22:29 aascedu kernel: Dentry cache hash table entries: 1048576 (order: 11, 8388608 bytes, linear)
Mar  6 14:22:29 aascedu kernel: Inode-cache hash table entries: 524288 (order: 10, 4194304 bytes, linear)
Mar  6 14:22:29 aascedu kernel: software IO TLB: area num 32.
Mar  6 14:22:29 aascedu kernel: Fallback order for Node 0: 0 
Mar  6 14:22:29 aascedu kernel: Built 1 zonelists, mobility grouping on.  Total pages: 2097022
Mar  6 14:22:29 aascedu kernel: Policy zone: Normal
Mar  6 14:22:29 aascedu kernel: mem auto-init: stack:all(zero), heap alloc:off, heap free:off
Mar  6 14:22:29 aascedu kernel: SLUB: HWalign=64, Order=0-3, MinObjects=0, CPUs=20, Nodes=1
Mar  6 14:22:29 aascedu kernel: Dynamic Preempt: voluntary
Mar  6 14:22:29 aascedu kernel: rcu: Preemptible hierarchical RCU implementation.
Mar  6 14:22:29 aascedu kernel: rcu: \x09RCU event tracing is enabled.
Mar  6 14:22:29 aascedu kernel: rcu: \x09RCU restricting CPUs from NR_CPUS=64 to nr_cpu_ids=20.
Mar  6 14:22:29 aascedu kernel: \x09Trampoline variant of Tasks RCU enabled.
Mar  6 14:22:29 aascedu kernel: \x09Tracing variant of Tasks RCU enabled.
Mar  6 14:22:29 aascedu kernel: rcu: RCU calculated value of scheduler-enlistment delay is 100 jiffies.
Mar  6 14:22:29 aascedu kernel: rcu: Adjusting geometry for rcu_fanout_leaf=16, nr_cpu_ids=20
Mar  6 14:22:29 aascedu kernel: RCU Tasks: Setting shift to 5 and lim to 1 rcu_task_cb_adjust=1 rcu_task_cpu_ids=20.
Mar  6 14:22:29 aascedu kernel: RCU Tasks Trace: Setting shift to 5 and lim to 1 rcu_task_cb_adjust=1 rcu_task_cpu_ids=20.
Mar  6 14:22:29 aascedu kernel: NR_IRQS: 4352, nr_irqs: 584, preallocated irqs: 16
Mar  6 14:22:29 aascedu kernel: rcu: srcu_init: Setting srcu_struct sizes based on contention.
Mar  6 14:22:29 aascedu kernel: Console: colour dummy device 80x25
Mar  6 14:22:29 aascedu kernel: printk: legacy console [tty0] enabled
Mar  6 14:22:29 aascedu kernel: ACPI: Core revision 20250404
Mar  6 14:22:29 aascedu kernel: clocksource: hpet: mask: 0xffffffff max_cycles: 0xffffffff, max_idle_ns: 19112604467 ns
Mar  6 14:22:29 aascedu kernel: APIC: Switch to symmetric I/O mode setup
Mar  6 14:22:29 aascedu kernel: x2apic enabled
Mar  6 14:22:29 aascedu kernel: APIC: Switched APIC routing to: physical x2apic
Mar  6 14:22:29 aascedu kernel: kvm-guest: APIC: send_IPI_mask() replaced with kvm_send_ipi_mask()
Mar  6 14:22:29 aascedu kernel: kvm-guest: APIC: send_IPI_mask_allbutself() replaced with kvm_send_ipi_mask_allbutself()
Mar  6 14:22:29 aascedu kernel: kvm-guest: setup PV IPIs
Mar  6 14:22:29 aascedu kernel: ..TIMER: vector=0x30 apic1=0 pin1=2 apic2=-1 pin2=-1
Mar  6 14:22:29 aascedu kernel: clocksource: tsc-early: mask: 0xffffffffffffffff max_cycles: 0x1e71785e5dd, max_idle_ns: 440795244814 ns
Mar  6 14:22:29 aascedu kernel: Calibrating delay loop (skipped) preset value.. 4224.00 BogoMIPS (lpj=2112000)
Mar  6 14:22:29 aascedu kernel: x86/cpu: User Mode Instruction Prevention (UMIP) activated
Mar  6 14:22:29 aascedu kernel: Last level iTLB entries: 4KB 0, 2MB 0, 4MB 0
Mar  6 14:22:29 aascedu kernel: Last level dTLB entries: 4KB 0, 2MB 0, 4MB 0, 1GB 0
Mar  6 14:22:29 aascedu kernel: Speculative Store Bypass: Mitigation: Speculative Store Bypass disabled via prctl
Mar  6 14:22:29 aascedu kernel: Spectre V2 : Mitigation: Enhanced / Automatic IBRS
Mar  6 14:22:29 aascedu kernel: ITS: Mitigation: Aligned branch/return thunks
Mar  6 14:22:29 aascedu kernel: Spectre V1 : Mitigation: usercopy/swapgs barriers and __user pointer sanitization
Mar  6 14:22:29 aascedu kernel: Spectre V2 : Spectre v2 / PBRSB-eIBRS: Retire a single CALL on VMEXIT
Mar  6 14:22:29 aascedu kernel: Spectre V2 : mitigation: Enabling conditional Indirect Branch Prediction Barrier
Mar  6 14:22:29 aascedu kernel: Spectre V2 : Spectre BHI mitigation: SW BHB clearing on syscall and VM exit
Mar  6 14:22:29 aascedu kernel: x86/fpu: Supporting XSAVE feature 0x001: 'x87 floating point registers'
Mar  6 14:22:29 aascedu kernel: x86/fpu: Supporting XSAVE feature 0x002: 'SSE registers'
Mar  6 14:22:29 aascedu kernel: x86/fpu: Supporting XSAVE feature 0x004: 'AVX registers'
Mar  6 14:22:29 aascedu kernel: x86/fpu: Supporting XSAVE feature 0x200: 'Protection Keys User registers'
Mar  6 14:22:29 aascedu kernel: x86/fpu: xstate_offset[2]:  576, xstate_sizes[2]:  256
Mar  6 14:22:29 aascedu kernel: x86/fpu: xstate_offset[9]:  832, xstate_sizes[9]:    8
Mar  6 14:22:29 aascedu kernel: x86/fpu: Enabled xstate features 0x207, context size is 840 bytes, using 'compacted' format.
Mar  6 14:22:29 aascedu kernel: Freeing SMP alternatives memory: 56K
Mar  6 14:22:29 aascedu kernel: pid_max: default: 32768 minimum: 301
Mar  6 14:22:29 aascedu kernel: LSM: initializing lsm=capability,selinux
Mar  6 14:22:29 aascedu kernel: SELinux:  Initializing.
Mar  6 14:22:29 aascedu kernel: Mount-cache hash table entries: 16384 (order: 5, 131072 bytes, linear)
Mar  6 14:22:29 aascedu kernel: Mountpoint-cache hash table entries: 16384 (order: 5, 131072 bytes, linear)
Mar  6 14:22:29 aascedu kernel: smpboot: CPU0: 12th Gen Intel(R) Core(TM) i7-12700 (family: 0x6, model: 0x97, stepping: 0x2)
Mar  6 14:22:29 aascedu kernel: Performance Events: Alderlake Hybrid events, full-width counters, Intel PMU driver.
Mar  6 14:22:29 aascedu kernel: core: cpu_core PMU driver: 
Mar  6 14:22:29 aascedu kernel: ... version:                2
Mar  6 14:22:29 aascedu kernel: ... bit width:              48
Mar  6 14:22:29 aascedu kernel: ... generic registers:      6
Mar  6 14:22:29 aascedu kernel: ... value mask:             0000ffffffffffff
Mar  6 14:22:29 aascedu kernel: ... max period:             00007fffffffffff
Mar  6 14:22:29 aascedu kernel: ... fixed-purpose events:   3
Mar  6 14:22:29 aascedu kernel: ... event mask:             000100070000003f
Mar  6 14:22:29 aascedu kernel: signal: max sigframe size: 3632
Mar  6 14:22:29 aascedu kernel: rcu: Hierarchical SRCU implementation.
Mar  6 14:22:29 aascedu kernel: rcu: \x09Max phase no-delay instances is 400.
Mar  6 14:22:29 aascedu kernel: Timer migration: 2 hierarchy levels; 8 children per group; 2 crossnode level
Mar  6 14:22:29 aascedu kernel: smp: Bringing up secondary CPUs ...
Mar  6 14:22:29 aascedu kernel: smpboot: x86: Booting SMP configuration:
Mar  6 14:22:29 aascedu kernel: .... node  #0, CPUs:        #1  #2  #3  #4  #5  #6  #7  #8  #9 #10 #11 #12 #13 #14 #15 #16 #17 #18 #19
Mar  6 14:22:29 aascedu kernel: smp: Brought up 1 node, 20 CPUs
Mar  6 14:22:29 aascedu kernel: smpboot: Total of 20 processors activated (84480.00 BogoMIPS)
Mar  6 14:22:29 aascedu kernel: Memory: 8121700K/8388088K available (18814K kernel code, 2901K rwdata, 7392K rodata, 2812K init, 968K bss, 255664K reserved, 0K cma-reserved)
Mar  6 14:22:29 aascedu kernel: devtmpfs: initialized
Mar  6 14:22:29 aascedu kernel: clocksource: jiffies: mask: 0xffffffff max_cycles: 0xffffffff, max_idle_ns: 1911260446275000 ns
Mar  6 14:22:29 aascedu kernel: posixtimers hash table entries: 16384 (order: 6, 262144 bytes, linear)
Mar  6 14:22:29 aascedu kernel: futex hash table entries: 8192 (524288 bytes on 1 NUMA nodes, total 512 KiB, linear).
Mar  6 14:22:29 aascedu kernel: PM: RTC time: 13:22:29, date: 2026-03-06
Mar  6 14:22:29 aascedu kernel: NET: Registered PF_NETLINK/PF_ROUTE protocol family
Mar  6 14:22:29 aascedu kernel: audit: initializing netlink subsys (disabled)
Mar  6 14:22:29 aascedu kernel: audit: type=2000 audit(1772803350.881:1): state=initialized audit_enabled=0 res=1
Mar  6 14:22:29 aascedu kernel: thermal_sys: Registered thermal governor 'step_wise'
Mar  6 14:22:29 aascedu kernel: cpuidle: using governor menu
Mar  6 14:22:29 aascedu kernel: PCI: Using configuration type 1 for base access
Mar  6 14:22:29 aascedu kernel: kprobes: kprobe jump-optimization is enabled. All kprobes are optimized if possible.
Mar  6 14:22:29 aascedu kernel: HugeTLB: allocation took 0ms with hugepage_allocation_threads=5
Mar  6 14:22:29 aascedu kernel: HugeTLB: registered 2.00 MiB page size, pre-allocated 0 pages
Mar  6 14:22:29 aascedu kernel: HugeTLB: 28 KiB vmemmap can be freed for a 2.00 MiB page
Mar  6 14:22:29 aascedu kernel: ACPI: Added _OSI(Module Device)
Mar  6 14:22:29 aascedu kernel: ACPI: Added _OSI(Processor Device)
Mar  6 14:22:29 aascedu kernel: ACPI: Added _OSI(Processor Aggregator Device)
Mar  6 14:22:29 aascedu kernel: ACPI: 1 ACPI AML tables successfully acquired and loaded
Mar  6 14:22:29 aascedu kernel: ACPI: Interpreter enabled
Mar  6 14:22:29 aascedu kernel: ACPI: PM: (supports S0 S3 S4 S5)
Mar  6 14:22:29 aascedu kernel: ACPI: Using IOAPIC for interrupt routing
Mar  6 14:22:29 aascedu kernel: PCI: Using host bridge windows from ACPI; if necessary, use "pci=nocrs" and report a bug
Mar  6 14:22:29 aascedu kernel: PCI: Using E820 reservations for host bridge windows
Mar  6 14:22:29 aascedu kernel: ACPI: Enabled 2 GPEs in block 00 to 0F
Mar  6 14:22:29 aascedu kernel: ACPI: PCI Root Bridge [PCI0] (domain 0000 [bus 00-ff])
Mar  6 14:22:29 aascedu kernel: acpi PNP0A03:00: _OSC: OS supports [ASPM ClockPM Segments MSI HPX-Type3]
Mar  6 14:22:29 aascedu kernel: acpi PNP0A03:00: _OSC: not requesting OS control; OS requires [ExtendedConfig ASPM ClockPM MSI]
Mar  6 14:22:29 aascedu kernel: acpi PNP0A03:00: fail to add MMCONFIG information, can't access extended configuration space under this bridge
Mar  6 14:22:29 aascedu kernel: PCI host bridge to bus 0000:00
Mar  6 14:22:29 aascedu kernel: pci_bus 0000:00: root bus resource [io  0x0000-0x0cf7 window]
Mar  6 14:22:29 aascedu kernel: pci_bus 0000:00: root bus resource [io  0x0d00-0xffff window]
Mar  6 14:22:29 aascedu kernel: pci_bus 0000:00: root bus resource [mem 0x000a0000-0x000bffff window]
Mar  6 14:22:29 aascedu kernel: pci_bus 0000:00: root bus resource [mem 0xc0000000-0xfebfffff window]
Mar  6 14:22:29 aascedu kernel: pci_bus 0000:00: root bus resource [mem 0x240000000-0x2bfffffff window]
Mar  6 14:22:29 aascedu kernel: pci_bus 0000:00: root bus resource [bus 00-ff]
Mar  6 14:22:29 aascedu kernel: pci 0000:00:00.0: [8086:1237] type 00 class 0x060000 conventional PCI endpoint
Mar  6 14:22:29 aascedu kernel: pci 0000:00:01.0: [8086:7000] type 00 class 0x060100 conventional PCI endpoint
Mar  6 14:22:29 aascedu kernel: pci 0000:00:01.1: [8086:7010] type 00 class 0x010180 conventional PCI endpoint
Mar  6 14:22:29 aascedu kernel: pci 0000:00:01.1: BAR 4 [io  0xc040-0xc04f]
Mar  6 14:22:29 aascedu kernel: pci 0000:00:01.1: BAR 0 [io  0x01f0-0x01f7]: legacy IDE quirk
Mar  6 14:22:29 aascedu kernel: pci 0000:00:01.1: BAR 1 [io  0x03f6]: legacy IDE quirk
Mar  6 14:22:29 aascedu kernel: pci 0000:00:01.1: BAR 2 [io  0x0170-0x0177]: legacy IDE quirk
Mar  6 14:22:29 aascedu kernel: pci 0000:00:01.1: BAR 3 [io  0x0376]: legacy IDE quirk
Mar  6 14:22:29 aascedu kernel: pci 0000:00:01.3: [8086:7113] type 00 class 0x068000 conventional PCI endpoint
Mar  6 14:22:29 aascedu kernel: pci 0000:00:01.3: quirk: [io  0x0600-0x063f] claimed by PIIX4 ACPI
Mar  6 14:22:29 aascedu kernel: pci 0000:00:01.3: quirk: [io  0x0700-0x070f] claimed by PIIX4 SMB
Mar  6 14:22:29 aascedu kernel: pci 0000:00:02.0: [1af4:1050] type 00 class 0x030000 conventional PCI endpoint
Mar  6 14:22:29 aascedu kernel: pci 0000:00:02.0: BAR 0 [mem 0xfe000000-0xfe7fffff pref]
Mar  6 14:22:29 aascedu kernel: pci 0000:00:02.0: BAR 2 [mem 0xfe800000-0xfe803fff 64bit pref]
Mar  6 14:22:29 aascedu kernel: pci 0000:00:02.0: BAR 4 [mem 0xfebb0000-0xfebb0fff]
Mar  6 14:22:29 aascedu kernel: pci 0000:00:02.0: ROM [mem 0xfeba0000-0xfebaffff pref]
Mar  6 14:22:29 aascedu kernel: pci 0000:00:02.0: Video device with shadowed ROM at [mem 0x000c0000-0x000dffff]
Mar  6 14:22:29 aascedu kernel: pci 0000:00:03.0: [8086:100e] type 00 class 0x020000 conventional PCI endpoint
Mar  6 14:22:29 aascedu kernel: pci 0000:00:03.0: BAR 0 [mem 0xfeb80000-0xfeb9ffff]
Mar  6 14:22:29 aascedu kernel: pci 0000:00:03.0: BAR 1 [io  0xc000-0xc03f]
Mar  6 14:22:29 aascedu kernel: pci 0000:00:03.0: ROM [mem 0xfeb00000-0xfeb7ffff pref]
Mar  6 14:22:29 aascedu kernel: ACPI: PCI: Interrupt link LNKA configured for IRQ 10
Mar  6 14:22:29 aascedu kernel: ACPI: PCI: Interrupt link LNKB configured for IRQ 10
Mar  6 14:22:29 aascedu kernel: ACPI: PCI: Interrupt link LNKC configured for IRQ 11
Mar  6 14:22:29 aascedu kernel: ACPI: PCI: Interrupt link LNKD configured for IRQ 11
Mar  6 14:22:29 aascedu kernel: ACPI: PCI: Interrupt link LNKS configured for IRQ 9
Mar  6 14:22:29 aascedu kernel: iommu: Default domain type: Translated
Mar  6 14:22:29 aascedu kernel: iommu: DMA domain TLB invalidation policy: lazy mode
Mar  6 14:22:29 aascedu kernel: SCSI subsystem initialized
Mar  6 14:22:29 aascedu kernel: libata version 3.00 loaded.
Mar  6 14:22:29 aascedu kernel: ACPI: bus type USB registered
Mar  6 14:22:29 aascedu kernel: usbcore: registered new interface driver usbfs
Mar  6 14:22:29 aascedu kernel: usbcore: registered new interface driver hub
Mar  6 14:22:29 aascedu kernel: usbcore: registered new device driver usb
Mar  6 14:22:29 aascedu kernel: pps_core: LinuxPPS API ver. 1 registered
Mar  6 14:22:29 aascedu kernel: pps_core: Software ver. 5.3.6 - Copyright 2005-2007 Rodolfo Giometti <giometti@linux.it>
Mar  6 14:22:29 aascedu kernel: PTP clock support registered
Mar  6 14:22:29 aascedu kernel: Advanced Linux Sound Architecture Driver Initialized.
Mar  6 14:22:29 aascedu kernel: NetLabel: Initializing
Mar  6 14:22:29 aascedu kernel: NetLabel:  domain hash size = 128
Mar  6 14:22:29 aascedu kernel: NetLabel:  protocols = UNLABELED CIPSOv4 CALIPSO
Mar  6 14:22:29 aascedu kernel: NetLabel:  unlabeled traffic allowed by default
Mar  6 14:22:29 aascedu kernel: PCI: Using ACPI for IRQ routing
Mar  6 14:22:29 aascedu kernel: PCI: pci_cache_line_size set to 64 bytes
Mar  6 14:22:29 aascedu kernel: e820: reserve RAM buffer [mem 0x0009fc00-0x0009ffff]
Mar  6 14:22:29 aascedu kernel: e820: reserve RAM buffer [mem 0xbffe0000-0xbfffffff]
Mar  6 14:22:29 aascedu kernel: pci 0000:00:02.0: vgaarb: setting as boot VGA device
Mar  6 14:22:29 aascedu kernel: pci 0000:00:02.0: vgaarb: bridge control possible
Mar  6 14:22:29 aascedu kernel: pci 0000:00:02.0: vgaarb: VGA device added: decodes=io+mem,owns=io+mem,locks=none
Mar  6 14:22:29 aascedu kernel: vgaarb: loaded
Mar  6 14:22:29 aascedu kernel: hpet0: at MMIO 0xfed00000, IRQs 2, 8, 0
Mar  6 14:22:29 aascedu kernel: hpet0: 3 comparators, 64-bit 100.000000 MHz counter
Mar  6 14:22:29 aascedu kernel: clocksource: Switched to clocksource kvm-clock
Mar  6 14:22:29 aascedu kernel: VFS: Disk quotas dquot_6.6.0
Mar  6 14:22:29 aascedu kernel: VFS: Dquot-cache hash table entries: 512 (order 0, 4096 bytes)
Mar  6 14:22:29 aascedu kernel: pnp: PnP ACPI init
Mar  6 14:22:29 aascedu kernel: pnp 00:02: [dma 2]
Mar  6 14:22:29 aascedu kernel: pnp: PnP ACPI: found 6 devices
Mar  6 14:22:29 aascedu kernel: clocksource: acpi_pm: mask: 0xffffff max_cycles: 0xffffff, max_idle_ns: 2085701024 ns
Mar  6 14:22:29 aascedu kernel: NET: Registered PF_INET protocol family
Mar  6 14:22:29 aascedu kernel: IP idents hash table entries: 131072 (order: 8, 1048576 bytes, linear)
Mar  6 14:22:29 aascedu kernel: tcp_listen_portaddr_hash hash table entries: 4096 (order: 4, 65536 bytes, linear)
Mar  6 14:22:29 aascedu kernel: Table-perturb hash table entries: 65536 (order: 6, 262144 bytes, linear)
Mar  6 14:22:29 aascedu kernel: TCP established hash table entries: 65536 (order: 7, 524288 bytes, linear)
Mar  6 14:22:29 aascedu kernel: TCP bind hash table entries: 65536 (order: 9, 2097152 bytes, linear)
Mar  6 14:22:29 aascedu kernel: TCP: Hash tables configured (established 65536 bind 65536)
Mar  6 14:22:29 aascedu kernel: UDP hash table entries: 4096 (order: 6, 262144 bytes, linear)
Mar  6 14:22:29 aascedu kernel: UDP-Lite hash table entries: 4096 (order: 6, 262144 bytes, linear)
Mar  6 14:22:29 aascedu kernel: NET: Registered PF_UNIX/PF_LOCAL protocol family
Mar  6 14:22:29 aascedu kernel: RPC: Registered named UNIX socket transport module.
Mar  6 14:22:29 aascedu kernel: RPC: Registered udp transport module.
Mar  6 14:22:29 aascedu kernel: RPC: Registered tcp transport module.
Mar  6 14:22:29 aascedu kernel: RPC: Registered tcp-with-tls transport module.
Mar  6 14:22:29 aascedu kernel: RPC: Registered tcp NFSv4.1 backchannel transport module.
Mar  6 14:22:29 aascedu kernel: pci_bus 0000:00: resource 4 [io  0x0000-0x0cf7 window]
Mar  6 14:22:29 aascedu kernel: pci_bus 0000:00: resource 5 [io  0x0d00-0xffff window]
Mar  6 14:22:29 aascedu kernel: pci_bus 0000:00: resource 6 [mem 0x000a0000-0x000bffff window]
Mar  6 14:22:29 aascedu kernel: pci_bus 0000:00: resource 7 [mem 0xc0000000-0xfebfffff window]
Mar  6 14:22:29 aascedu kernel: pci_bus 0000:00: resource 8 [mem 0x240000000-0x2bfffffff window]
Mar  6 14:22:29 aascedu kernel: pci 0000:00:01.0: PIIX3: Enabling Passive Release
Mar  6 14:22:29 aascedu kernel: pci 0000:00:00.0: Limiting direct PCI/PCI transfers
Mar  6 14:22:29 aascedu kernel: PCI: CLS 0 bytes, default 64
Mar  6 14:22:29 aascedu kernel: PCI-DMA: Using software bounce buffering for IO (SWIOTLB)
Mar  6 14:22:29 aascedu kernel: software IO TLB: mapped [mem 0x00000000bbfe0000-0x00000000bffe0000] (64MB)
Mar  6 14:22:29 aascedu kernel: RAPL PMU: API unit is 2^-32 Joules, 0 fixed counters, 10737418240 ms ovfl timer
Mar  6 14:22:29 aascedu kernel: clocksource: tsc: mask: 0xffffffffffffffff max_cycles: 0x1e71785e5dd, max_idle_ns: 440795244814 ns
Mar  6 14:22:29 aascedu kernel: Initialise system trusted keyrings
Mar  6 14:22:29 aascedu kernel: workingset: timestamp_bits=40 max_order=21 bucket_order=0
Mar  6 14:22:29 aascedu kernel: NFS: Registering the id_resolver key type
Mar  6 14:22:29 aascedu kernel: Key type id_resolver registered
Mar  6 14:22:29 aascedu kernel: Key type id_legacy registered
Mar  6 14:22:29 aascedu kernel: 9p: Installing v9fs 9p2000 file system support
Mar  6 14:22:29 aascedu kernel: Key type asymmetric registered
Mar  6 14:22:29 aascedu kernel: Asymmetric key parser 'x509' registered
Mar  6 14:22:29 aascedu kernel: Block layer SCSI generic (bsg) driver version 0.4 loaded (major 251)
Mar  6 14:22:29 aascedu kernel: io scheduler mq-deadline registered
Mar  6 14:22:29 aascedu kernel: io scheduler kyber registered
Mar  6 14:22:29 aascedu kernel: input: Power Button as /devices/LNXSYSTM:00/LNXPWRBN:00/input/input0
Mar  6 14:22:29 aascedu kernel: ACPI: button: Power Button [PWRF]
Mar  6 14:22:29 aascedu kernel: ACPI: \x5c_SB_.LNKB: Enabled at IRQ 10
Mar  6 14:22:29 aascedu kernel: Serial: 8250/16550 driver, 4 ports, IRQ sharing enabled
Mar  6 14:22:29 aascedu kernel: 00:04: ttyS0 at I/O 0x3f8 (irq = 4, base_baud = 115200) is a 16550A
Mar  6 14:22:29 aascedu kernel: Non-volatile memory driver v1.3
Mar  6 14:22:29 aascedu kernel: Linux agpgart interface v0.103
Mar  6 14:22:29 aascedu kernel: ACPI: bus type drm_connector registered
Mar  6 14:22:29 aascedu kernel: [drm] pci: virtio-vga detected at 0000:00:02.0
Mar  6 14:22:29 aascedu kernel: virtio-pci 0000:00:02.0: vgaarb: deactivate vga console
Mar  6 14:22:29 aascedu kernel: [drm] features: -virgl +edid -resource_blob -host_visible
Mar  6 14:22:29 aascedu kernel: [drm] features: -context_init
Mar  6 14:22:29 aascedu kernel: [drm] number of scanouts: 1
Mar  6 14:22:29 aascedu kernel: [drm] number of cap sets: 0
Mar  6 14:22:29 aascedu kernel: virtio-pci 0000:00:02.0: [drm] Registered 1 planes with drm panic
Mar  6 14:22:29 aascedu kernel: [drm] Initialized virtio_gpu 0.1.0 for 0000:00:02.0 on minor 0
Mar  6 14:22:29 aascedu kernel: fbcon: virtio_gpudrmfb (fb0) is primary device
Mar  6 14:22:29 aascedu kernel: Console: switching to colour frame buffer device 80x30
Mar  6 14:22:29 aascedu kernel: virtio-pci 0000:00:02.0: [drm] fb0: virtio_gpudrmfb frame buffer device
Mar  6 14:22:29 aascedu kernel: loop: module loaded
Mar  6 14:22:29 aascedu kernel: scsi host0: ata_piix
Mar  6 14:22:29 aascedu kernel: scsi host1: ata_piix
Mar  6 14:22:29 aascedu kernel: ata1: PATA max MWDMA2 cmd 0x1f0 ctl 0x3f6 bmdma 0xc040 irq 14 lpm-pol 0
Mar  6 14:22:29 aascedu kernel: ata2: PATA max MWDMA2 cmd 0x170 ctl 0x376 bmdma 0xc048 irq 15 lpm-pol 0
Mar  6 14:22:29 aascedu kernel: e100: Intel(R) PRO/100 Network Driver
Mar  6 14:22:29 aascedu kernel: e100: Copyright(c) 1999-2006 Intel Corporation
Mar  6 14:22:29 aascedu kernel: e1000: Intel(R) PRO/1000 Network Driver
Mar  6 14:22:29 aascedu kernel: e1000: Copyright (c) 1999-2006 Intel Corporation.
Mar  6 14:22:29 aascedu kernel: ACPI: \x5c_SB_.LNKC: Enabled at IRQ 11
Mar  6 14:22:29 aascedu kernel: ata2: found unknown device (class 0)
Mar  6 14:22:29 aascedu kernel: ata1: found unknown device (class 0)
Mar  6 14:22:29 aascedu kernel: ata2.00: ATAPI: QEMU DVD-ROM, 2.5+, max UDMA/100
Mar  6 14:22:29 aascedu kernel: ata1.00: ATA-7: QEMU HARDDISK, 2.5+, max UDMA/100
Mar  6 14:22:29 aascedu kernel: ata1.00: 83886080 sectors, multi 16: LBA48 
Mar  6 14:22:29 aascedu kernel: scsi 0:0:0:0: Direct-Access     ATA      QEMU HARDDISK    2.5+ PQ: 0 ANSI: 5
Mar  6 14:22:29 aascedu kernel: scsi 0:0:0:0: Attached scsi generic sg0 type 0
Mar  6 14:22:29 aascedu kernel: sd 0:0:0:0: [sda] 83886080 512-byte logical blocks: (42.9 GB/40.0 GiB)
Mar  6 14:22:29 aascedu kernel: sd 0:0:0:0: [sda] Write Protect is off
Mar  6 14:22:29 aascedu kernel: sd 0:0:0:0: [sda] Mode Sense: 00 3a 00 00
Mar  6 14:22:29 aascedu kernel: sd 0:0:0:0: [sda] Write cache: enabled, read cache: enabled, doesn't support DPO or FUA
Mar  6 14:22:29 aascedu kernel: sd 0:0:0:0: [sda] Preferred minimum I/O size 512 bytes
Mar  6 14:22:29 aascedu kernel: scsi 1:0:0:0: CD-ROM            QEMU     QEMU DVD-ROM     2.5+ PQ: 0 ANSI: 5
Mar  6 14:22:29 aascedu kernel:  sda: sda1 sda3 sda4 sda5
Mar  6 14:22:29 aascedu kernel: sd 0:0:0:0: [sda] Attached SCSI disk
Mar  6 14:22:29 aascedu kernel: sr 1:0:0:0: [sr0] scsi3-mmc drive: 4x/4x cd/rw xa/form2 tray
Mar  6 14:22:29 aascedu kernel: cdrom: Uniform CD-ROM driver Revision: 3.20
Mar  6 14:22:29 aascedu kernel: sr 1:0:0:0: Attached scsi CD-ROM sr0
Mar  6 14:22:29 aascedu kernel: sr 1:0:0:0: Attached scsi generic sg1 type 5
Mar  6 14:22:29 aascedu kernel: e1000 0000:00:03.0 eth0: (PCI:33MHz:32-bit) 52:54:00:12:34:56
Mar  6 14:22:29 aascedu kernel: e1000 0000:00:03.0 eth0: Intel(R) PRO/1000 Network Connection
Mar  6 14:22:29 aascedu kernel: e1000e: Intel(R) PRO/1000 Network Driver
Mar  6 14:22:29 aascedu kernel: e1000e: Copyright(c) 1999 - 2015 Intel Corporation.
Mar  6 14:22:29 aascedu kernel: sky2: driver version 1.30
Mar  6 14:22:29 aascedu kernel: usbcore: registered new interface driver usblp
Mar  6 14:22:29 aascedu kernel: usbcore: registered new interface driver usb-storage
Mar  6 14:22:29 aascedu kernel: i8042: PNP: PS/2 Controller [PNP0303:KBD,PNP0f13:MOU] at 0x60,0x64 irq 1,12
Mar  6 14:22:29 aascedu kernel: serio: i8042 KBD port at 0x60,0x64 irq 1
Mar  6 14:22:29 aascedu kernel: serio: i8042 AUX port at 0x60,0x64 irq 12
Mar  6 14:22:29 aascedu kernel: rtc_cmos 00:05: RTC can wake from S4
Mar  6 14:22:29 aascedu kernel: rtc_cmos 00:05: registered as rtc0
Mar  6 14:22:29 aascedu kernel: input: AT Translated Set 2 keyboard as /devices/platform/i8042/serio0/input/input1
Mar  6 14:22:29 aascedu kernel: rtc_cmos 00:05: alarms up to one day, y3k, 242 bytes nvram, hpet irqs
Mar  6 14:22:29 aascedu kernel: device-mapper: ioctl: 4.50.0-ioctl (2025-04-28) initialised: dm-devel@lists.linux.dev
Mar  6 14:22:29 aascedu kernel: intel_pstate: CPU model not supported
Mar  6 14:22:29 aascedu kernel: hid: raw HID events driver (C) Jiri Kosina
Mar  6 14:22:29 aascedu kernel: usbcore: registered new interface driver usbhid
Mar  6 14:22:29 aascedu kernel: usbhid: USB HID core driver
Mar  6 14:22:29 aascedu kernel: Initializing XFRM netlink socket
Mar  6 14:22:29 aascedu kernel: NET: Registered PF_INET6 protocol family
Mar  6 14:22:29 aascedu kernel: Segment Routing with IPv6
Mar  6 14:22:29 aascedu kernel: In-situ OAM (IOAM) with IPv6
Mar  6 14:22:29 aascedu kernel: sit: IPv6, IPv4 and MPLS over IPv4 tunneling driver
Mar  6 14:22:29 aascedu kernel: NET: Registered PF_PACKET protocol family
Mar  6 14:22:29 aascedu kernel: 9pnet: Installing 9P2000 support
Mar  6 14:22:29 aascedu kernel: Key type dns_resolver registered
Mar  6 14:22:29 aascedu kernel: IPI shorthand broadcast: enabled
Mar  6 14:22:29 aascedu kernel: sched_clock: Marking stable (466002813, 446840)->(468065650, -1615997)
Mar  6 14:22:29 aascedu kernel: registered taskstats version 1
Mar  6 14:22:29 aascedu kernel: Loading compiled-in X.509 certificates
Mar  6 14:22:29 aascedu kernel: Demotion targets for Node 0: null
Mar  6 14:22:29 aascedu kernel: PM:   Magic number: 2:632:381
Mar  6 14:22:29 aascedu kernel: netconsole: network logging started
Mar  6 14:22:29 aascedu kernel: cfg80211: Loading compiled-in X.509 certificates for regulatory database
Mar  6 14:22:29 aascedu kernel: kworker/u80:0 (159) used greatest stack depth: 13952 bytes left
Mar  6 14:22:29 aascedu kernel: Loaded X.509 cert 'sforshee: 00b28ddf47aef9cea7'
Mar  6 14:22:29 aascedu kernel: Loaded X.509 cert 'wens: 61c038651aabdcf94bd0ac7ff06c7248db18c600'
Mar  6 14:22:29 aascedu kernel: platform regulatory.0: Direct firmware load for regulatory.db failed with error -2
Mar  6 14:22:29 aascedu kernel: cfg80211: failed to load regulatory.db
Mar  6 14:22:29 aascedu kernel: ALSA device list:
Mar  6 14:22:29 aascedu kernel:   No soundcards found.
Mar  6 14:22:29 aascedu kernel: input: ImExPS/2 Generic Explorer Mouse as /devices/platform/i8042/serio1/input/input3
Mar  6 14:22:29 aascedu kernel: md: Waiting for all devices to be available before autodetect
Mar  6 14:22:29 aascedu kernel: md: If you don't use raid, use raid=noautodetect
Mar  6 14:22:29 aascedu kernel: md: Autodetecting RAID arrays.
Mar  6 14:22:29 aascedu kernel: md: autorun ...
Mar  6 14:22:29 aascedu kernel: md: ... autorun DONE.
Mar  6 14:22:29 aascedu kernel: EXT4-fs (sda5): INFO: recovery required on readonly filesystem
Mar  6 14:22:29 aascedu kernel: EXT4-fs (sda5): write access will be enabled during recovery
Mar  6 14:22:30 aascedu kernel: EXT4-fs (sda5): recovery complete
Mar  6 14:22:30 aascedu kernel: EXT4-fs (sda5): mounted filesystem b4d7eb2a-b4ac-4ed8-99e4-9064ea766d25 ro with ordered data mode. Quota mode: none.
Mar  6 14:22:30 aascedu kernel: VFS: Mounted root (ext4 filesystem) readonly on device 8:5.
Mar  6 14:22:30 aascedu kernel: devtmpfs: mounted
Mar  6 14:22:30 aascedu kernel: Freeing unused kernel image (initmem) memory: 2812K
Mar  6 14:22:30 aascedu kernel: Write protecting the kernel read-only data: 28672k
Mar  6 14:22:30 aascedu kernel: Freeing unused kernel image (text/rodata gap) memory: 1664K
Mar  6 14:22:30 aascedu kernel: Freeing unused kernel image (rodata/data gap) memory: 800K
Mar  6 14:22:30 aascedu kernel: x86/mm: Checked W+X mappings: passed, no W+X pages found.
Mar  6 14:22:30 aascedu kernel: Run /sbin/init as init process
Mar  6 14:22:30 aascedu kernel:   with arguments:
Mar  6 14:22:30 aascedu kernel:     /sbin/init
Mar  6 14:22:30 aascedu kernel:   with environment:
Mar  6 14:22:30 aascedu kernel:     HOME=/
Mar  6 14:22:30 aascedu kernel:     TERM=linux
Mar  6 14:22:30 aascedu kernel:     BOOT_IMAGE=/vmlinuz-6.16.1-lfs-12.4
Mar  6 14:22:30 aascedu kernel: stty (170) used greatest stack depth: 12840 bytes left
Mar  6 14:22:30 aascedu kernel: dmesg (173) used greatest stack depth: 12816 bytes left
Mar  6 14:22:30 aascedu kernel: S00mountvirtfs (176) used greatest stack depth: 12328 bytes left
Mar  6 14:22:30 aascedu kernel: e1000 0000:00:03.0 ens3: renamed from eth0
Mar  6 14:22:31 aascedu kernel: Adding 2097148k swap on /dev/sda4.  Priority:1 extents:1 across:2097148k 
Mar  6 14:22:31 aascedu kernel: EXT4-fs (sda5): re-mounted b4d7eb2a-b4ac-4ed8-99e4-9064ea766d25.
Mar  6 14:22:31 aascedu kernel: EXT4-fs (sda5): re-mounted b4d7eb2a-b4ac-4ed8-99e4-9064ea766d25 r/w.
Mar  6 14:22:31 aascedu kernel: EXT4-fs (sda3): mounting ext2 file system using the ext4 subsystem
Mar  6 14:22:31 aascedu kernel: EXT4-fs (sda3): mounted filesystem 625a4ecc-c41c-46bf-bba8-be9d697adec1 r/w without journal. Quota mode: none.
Mar  6 14:22:33 aascedu kernel: e1000: ens3 NIC Link is Up 1000 Mbps Full Duplex, Flow Control: RX
Mar  6 14:34:41 aascedu kernel: Linux version 6.16.1aascedu (root@aascedu) (gcc (GCC) 15.2.0, GNU ld (GNU Binutils) 2.45) #1 SMP PREEMPT_DYNAMIC Fri Mar  6 09:31:47 CET 2026
Mar  6 14:34:41 aascedu kernel: Command line: BOOT_IMAGE=/vmlinuz-6.16.1-lfs-12.4 root=PARTUUID=88408a23-622f-46c6-96b4-4c40c536478e ro
Mar  6 14:34:41 aascedu kernel: BIOS-provided physical RAM map:
Mar  6 14:34:41 aascedu kernel: BIOS-e820: [mem 0x0000000000000000-0x000000000009fbff] usable
Mar  6 14:34:41 aascedu kernel: BIOS-e820: [mem 0x000000000009fc00-0x000000000009ffff] reserved
Mar  6 14:34:41 aascedu kernel: BIOS-e820: [mem 0x00000000000f0000-0x00000000000fffff] reserved
Mar  6 14:34:41 aascedu kernel: BIOS-e820: [mem 0x0000000000100000-0x00000000bffdffff] usable
Mar  6 14:34:41 aascedu kernel: BIOS-e820: [mem 0x00000000bffe0000-0x00000000bfffffff] reserved
Mar  6 14:34:41 aascedu kernel: BIOS-e820: [mem 0x00000000feffc000-0x00000000feffffff] reserved
Mar  6 14:34:41 aascedu kernel: BIOS-e820: [mem 0x00000000fffc0000-0x00000000ffffffff] reserved
Mar  6 14:34:41 aascedu kernel: BIOS-e820: [mem 0x0000000100000000-0x000000023fffffff] usable
Mar  6 14:34:41 aascedu kernel: NX (Execute Disable) protection: active
Mar  6 14:34:41 aascedu kernel: APIC: Static calls initialized
Mar  6 14:34:41 aascedu kernel: SMBIOS 2.8 present.
Mar  6 14:34:41 aascedu kernel: DMI: QEMU Standard PC (i440FX + PIIX, 1996), BIOS 1.15.0-1 04/01/2014
Mar  6 14:34:41 aascedu kernel: DMI: Memory slots populated: 1/1
Mar  6 14:34:41 aascedu kernel: Hypervisor detected: KVM
Mar  6 14:34:41 aascedu kernel: kvm-clock: Using msrs 4b564d01 and 4b564d00
Mar  6 14:34:41 aascedu kernel: kvm-clock: using sched offset of 2039574566 cycles
Mar  6 14:34:41 aascedu kernel: clocksource: kvm-clock: mask: 0xffffffffffffffff max_cycles: 0x1cd42e4dffb, max_idle_ns: 881590591483 ns
Mar  6 14:34:41 aascedu kernel: tsc: Detected 2112.000 MHz processor
Mar  6 14:34:41 aascedu kernel: e820: update [mem 0x00000000-0x00000fff] usable ==> reserved
Mar  6 14:34:41 aascedu kernel: e820: remove [mem 0x000a0000-0x000fffff] usable
Mar  6 14:34:41 aascedu kernel: last_pfn = 0x240000 max_arch_pfn = 0x400000000
Mar  6 14:34:41 aascedu kernel: MTRR map: 4 entries (3 fixed + 1 variable; max 19), built from 8 variable MTRRs
Mar  6 14:34:41 aascedu kernel: x86/PAT: Configuration [0-7]: WB  WC  UC- UC  WB  WP  UC- WT  
Mar  6 14:34:41 aascedu kernel: last_pfn = 0xbffe0 max_arch_pfn = 0x400000000
Mar  6 14:34:41 aascedu kernel: found SMP MP-table at [mem 0x000f5b90-0x000f5b9f]
Mar  6 14:34:41 aascedu kernel: Using GB pages for direct mapping
Mar  6 14:34:41 aascedu kernel: ACPI: Early table checksum verification disabled
Mar  6 14:34:41 aascedu kernel: ACPI: RSDP 0x00000000000F59B0 000014 (v00 BOCHS )
Mar  6 14:34:41 aascedu kernel: ACPI: RSDT 0x00000000BFFE1FFD 000034 (v01 BOCHS  BXPC     00000001 BXPC 00000001)
Mar  6 14:34:41 aascedu kernel: ACPI: FACP 0x00000000BFFE1E19 000074 (v01 BOCHS  BXPC     00000001 BXPC 00000001)
Mar  6 14:34:41 aascedu kernel: ACPI: DSDT 0x00000000BFFE0040 001DD9 (v01 BOCHS  BXPC     00000001 BXPC 00000001)
Mar  6 14:34:41 aascedu kernel: ACPI: FACS 0x00000000BFFE0000 000040
Mar  6 14:34:41 aascedu kernel: ACPI: APIC 0x00000000BFFE1E8D 000110 (v01 BOCHS  BXPC     00000001 BXPC 00000001)
Mar  6 14:34:41 aascedu kernel: ACPI: HPET 0x00000000BFFE1F9D 000038 (v01 BOCHS  BXPC     00000001 BXPC 00000001)
Mar  6 14:34:41 aascedu kernel: ACPI: WAET 0x00000000BFFE1FD5 000028 (v01 BOCHS  BXPC     00000001 BXPC 00000001)
Mar  6 14:34:41 aascedu kernel: ACPI: Reserving FACP table memory at [mem 0xbffe1e19-0xbffe1e8c]
Mar  6 14:34:41 aascedu kernel: ACPI: Reserving DSDT table memory at [mem 0xbffe0040-0xbffe1e18]
Mar  6 14:34:41 aascedu kernel: ACPI: Reserving FACS table memory at [mem 0xbffe0000-0xbffe003f]
Mar  6 14:34:41 aascedu kernel: ACPI: Reserving APIC table memory at [mem 0xbffe1e8d-0xbffe1f9c]
Mar  6 14:34:41 aascedu kernel: ACPI: Reserving HPET table memory at [mem 0xbffe1f9d-0xbffe1fd4]
Mar  6 14:34:41 aascedu kernel: ACPI: Reserving WAET table memory at [mem 0xbffe1fd5-0xbffe1ffc]
Mar  6 14:34:41 aascedu kernel: No NUMA configuration found
Mar  6 14:34:41 aascedu kernel: Faking a node at [mem 0x0000000000000000-0x000000023fffffff]
Mar  6 14:34:41 aascedu kernel: NODE_DATA(0) allocated [mem 0x23fffa900-0x23fffdfff]
Mar  6 14:34:41 aascedu kernel: Zone ranges:
Mar  6 14:34:41 aascedu kernel:   DMA      [mem 0x0000000000001000-0x0000000000ffffff]
Mar  6 14:34:41 aascedu kernel:   DMA32    [mem 0x0000000001000000-0x00000000ffffffff]
Mar  6 14:34:41 aascedu kernel:   Normal   [mem 0x0000000100000000-0x000000023fffffff]
Mar  6 14:34:41 aascedu kernel: Movable zone start for each node
Mar  6 14:34:41 aascedu kernel: Early memory node ranges
Mar  6 14:34:41 aascedu kernel:   node   0: [mem 0x0000000000001000-0x000000000009efff]
Mar  6 14:34:41 aascedu kernel:   node   0: [mem 0x0000000000100000-0x00000000bffdffff]
Mar  6 14:34:41 aascedu kernel:   node   0: [mem 0x0000000100000000-0x000000023fffffff]
Mar  6 14:34:41 aascedu kernel: Initmem setup node 0 [mem 0x0000000000001000-0x000000023fffffff]
Mar  6 14:34:41 aascedu kernel: On node 0, zone DMA: 1 pages in unavailable ranges
Mar  6 14:34:41 aascedu kernel: On node 0, zone DMA: 97 pages in unavailable ranges
Mar  6 14:34:41 aascedu kernel: On node 0, zone Normal: 32 pages in unavailable ranges
Mar  6 14:34:41 aascedu kernel: ACPI: PM-Timer IO Port: 0x608
Mar  6 14:34:41 aascedu kernel: ACPI: LAPIC_NMI (acpi_id[0xff] dfl dfl lint[0x1])
Mar  6 14:34:41 aascedu kernel: IOAPIC[0]: apic_id 0, version 17, address 0xfec00000, GSI 0-23
Mar  6 14:34:41 aascedu kernel: ACPI: INT_SRC_OVR (bus 0 bus_irq 0 global_irq 2 dfl dfl)
Mar  6 14:34:41 aascedu kernel: ACPI: INT_SRC_OVR (bus 0 bus_irq 5 global_irq 5 high level)
Mar  6 14:34:41 aascedu kernel: ACPI: INT_SRC_OVR (bus 0 bus_irq 9 global_irq 9 high level)
Mar  6 14:34:41 aascedu kernel: ACPI: INT_SRC_OVR (bus 0 bus_irq 10 global_irq 10 high level)
Mar  6 14:34:41 aascedu kernel: ACPI: INT_SRC_OVR (bus 0 bus_irq 11 global_irq 11 high level)
Mar  6 14:34:41 aascedu kernel: ACPI: Using ACPI (MADT) for SMP configuration information
Mar  6 14:34:41 aascedu kernel: ACPI: HPET id: 0x8086a201 base: 0xfed00000
Mar  6 14:34:41 aascedu kernel: TSC deadline timer available
Mar  6 14:34:41 aascedu kernel: CPU topo: Max. logical packages:   1
Mar  6 14:34:41 aascedu kernel: CPU topo: Max. logical dies:       1
Mar  6 14:34:41 aascedu kernel: CPU topo: Max. dies per package:   1
Mar  6 14:34:41 aascedu kernel: CPU topo: Max. threads per core:   1
Mar  6 14:34:41 aascedu kernel: CPU topo: Num. cores per package:    20
Mar  6 14:34:41 aascedu kernel: CPU topo: Num. threads per package:  20
Mar  6 14:34:41 aascedu kernel: CPU topo: Allowing 20 present CPUs plus 0 hotplug CPUs
Mar  6 14:34:41 aascedu kernel: kvm-guest: APIC: eoi() replaced with kvm_guest_apic_eoi_write()
Mar  6 14:34:41 aascedu kernel: kvm-guest: KVM setup pv remote TLB flush
Mar  6 14:34:41 aascedu kernel: kvm-guest: setup PV sched yield
Mar  6 14:34:41 aascedu kernel: PM: hibernation: Registered nosave memory: [mem 0x00000000-0x00000fff]
Mar  6 14:34:41 aascedu kernel: PM: hibernation: Registered nosave memory: [mem 0x0009f000-0x000fffff]
Mar  6 14:34:41 aascedu kernel: PM: hibernation: Registered nosave memory: [mem 0xbffe0000-0xffffffff]
Mar  6 14:34:41 aascedu kernel: [mem 0xc0000000-0xfeffbfff] available for PCI devices
Mar  6 14:34:41 aascedu kernel: Booting paravirtualized kernel on KVM
Mar  6 14:34:41 aascedu kernel: clocksource: refined-jiffies: mask: 0xffffffff max_cycles: 0xffffffff, max_idle_ns: 1910969940391419 ns
Mar  6 14:34:41 aascedu kernel: setup_percpu: NR_CPUS:64 nr_cpumask_bits:20 nr_cpu_ids:20 nr_node_ids:1
Mar  6 14:34:41 aascedu kernel: percpu: Embedded 52 pages/cpu s172760 r8192 d32040 u262144
Mar  6 14:34:41 aascedu kernel: pcpu-alloc: s172760 r8192 d32040 u262144 alloc=1*2097152
Mar  6 14:34:41 aascedu kernel: pcpu-alloc: [0] 00 01 02 03 04 05 06 07 [0] 08 09 10 11 12 13 14 15 
Mar  6 14:34:41 aascedu kernel: pcpu-alloc: [0] 16 17 18 19 -- -- -- -- 
Mar  6 14:34:41 aascedu kernel: Kernel command line: BOOT_IMAGE=/vmlinuz-6.16.1-lfs-12.4 root=PARTUUID=88408a23-622f-46c6-96b4-4c40c536478e ro
Mar  6 14:34:41 aascedu kernel: Unknown kernel command line parameters "BOOT_IMAGE=/vmlinuz-6.16.1-lfs-12.4", will be passed to user space.
Mar  6 14:34:41 aascedu kernel: random: crng init done
Mar  6 14:34:41 aascedu kernel: printk: log buffer data + meta data: 262144 + 917504 = 1179648 bytes
Mar  6 14:34:41 aascedu kernel: Dentry cache hash table entries: 1048576 (order: 11, 8388608 bytes, linear)
Mar  6 14:34:41 aascedu kernel: Inode-cache hash table entries: 524288 (order: 10, 4194304 bytes, linear)
Mar  6 14:34:41 aascedu kernel: software IO TLB: area num 32.
Mar  6 14:34:41 aascedu kernel: Fallback order for Node 0: 0 
Mar  6 14:34:41 aascedu kernel: Built 1 zonelists, mobility grouping on.  Total pages: 2097022
Mar  6 14:34:41 aascedu kernel: Policy zone: Normal
Mar  6 14:34:41 aascedu kernel: mem auto-init: stack:all(zero), heap alloc:off, heap free:off
Mar  6 14:34:41 aascedu kernel: SLUB: HWalign=64, Order=0-3, MinObjects=0, CPUs=20, Nodes=1
Mar  6 14:34:41 aascedu kernel: Dynamic Preempt: voluntary
Mar  6 14:34:41 aascedu kernel: rcu: Preemptible hierarchical RCU implementation.
Mar  6 14:34:41 aascedu kernel: rcu: \x09RCU event tracing is enabled.
Mar  6 14:34:41 aascedu kernel: rcu: \x09RCU restricting CPUs from NR_CPUS=64 to nr_cpu_ids=20.
Mar  6 14:34:41 aascedu kernel: \x09Trampoline variant of Tasks RCU enabled.
Mar  6 14:34:41 aascedu kernel: \x09Tracing variant of Tasks RCU enabled.
Mar  6 14:34:41 aascedu kernel: rcu: RCU calculated value of scheduler-enlistment delay is 100 jiffies.
Mar  6 14:34:41 aascedu kernel: rcu: Adjusting geometry for rcu_fanout_leaf=16, nr_cpu_ids=20
Mar  6 14:34:41 aascedu kernel: RCU Tasks: Setting shift to 5 and lim to 1 rcu_task_cb_adjust=1 rcu_task_cpu_ids=20.
Mar  6 14:34:41 aascedu kernel: RCU Tasks Trace: Setting shift to 5 and lim to 1 rcu_task_cb_adjust=1 rcu_task_cpu_ids=20.
Mar  6 14:34:41 aascedu kernel: NR_IRQS: 4352, nr_irqs: 584, preallocated irqs: 16
Mar  6 14:34:41 aascedu kernel: rcu: srcu_init: Setting srcu_struct sizes based on contention.
Mar  6 14:34:41 aascedu kernel: Console: colour dummy device 80x25
Mar  6 14:34:41 aascedu kernel: printk: legacy console [tty0] enabled
Mar  6 14:34:41 aascedu kernel: ACPI: Core revision 20250404
Mar  6 14:34:41 aascedu kernel: clocksource: hpet: mask: 0xffffffff max_cycles: 0xffffffff, max_idle_ns: 19112604467 ns
Mar  6 14:34:41 aascedu kernel: APIC: Switch to symmetric I/O mode setup
Mar  6 14:34:41 aascedu kernel: x2apic enabled
Mar  6 14:34:41 aascedu kernel: APIC: Switched APIC routing to: physical x2apic
Mar  6 14:34:41 aascedu kernel: kvm-guest: APIC: send_IPI_mask() replaced with kvm_send_ipi_mask()
Mar  6 14:34:41 aascedu kernel: kvm-guest: APIC: send_IPI_mask_allbutself() replaced with kvm_send_ipi_mask_allbutself()
Mar  6 14:34:41 aascedu kernel: kvm-guest: setup PV IPIs
Mar  6 14:34:41 aascedu kernel: ..TIMER: vector=0x30 apic1=0 pin1=2 apic2=-1 pin2=-1
Mar  6 14:34:41 aascedu kernel: clocksource: tsc-early: mask: 0xffffffffffffffff max_cycles: 0x1e71785e5dd, max_idle_ns: 440795244814 ns
Mar  6 14:34:41 aascedu kernel: Calibrating delay loop (skipped) preset value.. 4224.00 BogoMIPS (lpj=2112000)
Mar  6 14:34:41 aascedu kernel: x86/cpu: User Mode Instruction Prevention (UMIP) activated
Mar  6 14:34:41 aascedu kernel: Last level iTLB entries: 4KB 0, 2MB 0, 4MB 0
Mar  6 14:34:41 aascedu kernel: Last level dTLB entries: 4KB 0, 2MB 0, 4MB 0, 1GB 0
Mar  6 14:34:41 aascedu kernel: Speculative Store Bypass: Mitigation: Speculative Store Bypass disabled via prctl
Mar  6 14:34:41 aascedu kernel: Spectre V2 : Mitigation: Enhanced / Automatic IBRS
Mar  6 14:34:41 aascedu kernel: ITS: Mitigation: Aligned branch/return thunks
Mar  6 14:34:41 aascedu kernel: Spectre V1 : Mitigation: usercopy/swapgs barriers and __user pointer sanitization
Mar  6 14:34:41 aascedu kernel: Spectre V2 : Spectre v2 / PBRSB-eIBRS: Retire a single CALL on VMEXIT
Mar  6 14:34:41 aascedu kernel: Spectre V2 : mitigation: Enabling conditional Indirect Branch Prediction Barrier
Mar  6 14:34:41 aascedu kernel: Spectre V2 : Spectre BHI mitigation: SW BHB clearing on syscall and VM exit
Mar  6 14:34:41 aascedu kernel: x86/fpu: Supporting XSAVE feature 0x001: 'x87 floating point registers'
Mar  6 14:34:41 aascedu kernel: x86/fpu: Supporting XSAVE feature 0x002: 'SSE registers'
Mar  6 14:34:41 aascedu kernel: x86/fpu: Supporting XSAVE feature 0x004: 'AVX registers'
Mar  6 14:34:41 aascedu kernel: x86/fpu: Supporting XSAVE feature 0x200: 'Protection Keys User registers'
Mar  6 14:34:41 aascedu kernel: x86/fpu: xstate_offset[2]:  576, xstate_sizes[2]:  256
Mar  6 14:34:41 aascedu kernel: x86/fpu: xstate_offset[9]:  832, xstate_sizes[9]:    8
Mar  6 14:34:41 aascedu kernel: x86/fpu: Enabled xstate features 0x207, context size is 840 bytes, using 'compacted' format.
Mar  6 14:34:41 aascedu kernel: Freeing SMP alternatives memory: 56K
Mar  6 14:34:41 aascedu kernel: pid_max: default: 32768 minimum: 301
Mar  6 14:34:41 aascedu kernel: LSM: initializing lsm=capability,selinux
Mar  6 14:34:41 aascedu kernel: SELinux:  Initializing.
Mar  6 14:34:41 aascedu kernel: Mount-cache hash table entries: 16384 (order: 5, 131072 bytes, linear)
Mar  6 14:34:41 aascedu kernel: Mountpoint-cache hash table entries: 16384 (order: 5, 131072 bytes, linear)
Mar  6 14:34:41 aascedu kernel: smpboot: CPU0: 12th Gen Intel(R) Core(TM) i7-12700 (family: 0x6, model: 0x97, stepping: 0x2)
Mar  6 14:34:41 aascedu kernel: Performance Events: Alderlake Hybrid events, full-width counters, Intel PMU driver.
Mar  6 14:34:41 aascedu kernel: core: cpu_core PMU driver: 
Mar  6 14:34:41 aascedu kernel: ... version:                2
Mar  6 14:34:41 aascedu kernel: ... bit width:              48
Mar  6 14:34:41 aascedu kernel: ... generic registers:      6
Mar  6 14:34:41 aascedu kernel: ... value mask:             0000ffffffffffff
Mar  6 14:34:41 aascedu kernel: ... max period:             00007fffffffffff
Mar  6 14:34:41 aascedu kernel: ... fixed-purpose events:   3
Mar  6 14:34:41 aascedu kernel: ... event mask:             000100070000003f
Mar  6 14:34:41 aascedu kernel: signal: max sigframe size: 3632
Mar  6 14:34:41 aascedu kernel: rcu: Hierarchical SRCU implementation.
Mar  6 14:34:41 aascedu kernel: rcu: \x09Max phase no-delay instances is 400.
Mar  6 14:34:41 aascedu kernel: Timer migration: 2 hierarchy levels; 8 children per group; 2 crossnode level
Mar  6 14:34:41 aascedu kernel: smp: Bringing up secondary CPUs ...
Mar  6 14:34:41 aascedu kernel: smpboot: x86: Booting SMP configuration:
Mar  6 14:34:41 aascedu kernel: .... node  #0, CPUs:        #1  #2  #3  #4  #5  #6  #7  #8  #9 #10 #11 #12 #13 #14 #15 #16 #17 #18 #19
Mar  6 14:34:41 aascedu kernel: smp: Brought up 1 node, 20 CPUs
Mar  6 14:34:41 aascedu kernel: smpboot: Total of 20 processors activated (84480.00 BogoMIPS)
Mar  6 14:34:41 aascedu kernel: Memory: 8121704K/8388088K available (18814K kernel code, 2901K rwdata, 7392K rodata, 2812K init, 968K bss, 255664K reserved, 0K cma-reserved)
Mar  6 14:34:41 aascedu kernel: devtmpfs: initialized
Mar  6 14:34:41 aascedu kernel: clocksource: jiffies: mask: 0xffffffff max_cycles: 0xffffffff, max_idle_ns: 1911260446275000 ns
Mar  6 14:34:41 aascedu kernel: posixtimers hash table entries: 16384 (order: 6, 262144 bytes, linear)
Mar  6 14:34:41 aascedu kernel: futex hash table entries: 8192 (524288 bytes on 1 NUMA nodes, total 512 KiB, linear).
Mar  6 14:34:41 aascedu kernel: PM: RTC time: 13:34:42, date: 2026-03-06
Mar  6 14:34:41 aascedu kernel: NET: Registered PF_NETLINK/PF_ROUTE protocol family
Mar  6 14:34:41 aascedu kernel: audit: initializing netlink subsys (disabled)
Mar  6 14:34:41 aascedu kernel: audit: type=2000 audit(1772804083.042:1): state=initialized audit_enabled=0 res=1
Mar  6 14:34:41 aascedu kernel: thermal_sys: Registered thermal governor 'step_wise'
Mar  6 14:34:41 aascedu kernel: cpuidle: using governor menu
Mar  6 14:34:41 aascedu kernel: PCI: Using configuration type 1 for base access
Mar  6 14:34:41 aascedu kernel: kprobes: kprobe jump-optimization is enabled. All kprobes are optimized if possible.
Mar  6 14:34:41 aascedu kernel: HugeTLB: allocation took 0ms with hugepage_allocation_threads=5
Mar  6 14:34:41 aascedu kernel: HugeTLB: registered 2.00 MiB page size, pre-allocated 0 pages
Mar  6 14:34:41 aascedu kernel: HugeTLB: 28 KiB vmemmap can be freed for a 2.00 MiB page
Mar  6 14:34:41 aascedu kernel: ACPI: Added _OSI(Module Device)
Mar  6 14:34:41 aascedu kernel: ACPI: Added _OSI(Processor Device)
Mar  6 14:34:41 aascedu kernel: ACPI: Added _OSI(Processor Aggregator Device)
Mar  6 14:34:41 aascedu kernel: ACPI: 1 ACPI AML tables successfully acquired and loaded
Mar  6 14:34:41 aascedu kernel: ACPI: Interpreter enabled
Mar  6 14:34:41 aascedu kernel: ACPI: PM: (supports S0 S3 S4 S5)
Mar  6 14:34:41 aascedu kernel: ACPI: Using IOAPIC for interrupt routing
Mar  6 14:34:41 aascedu kernel: PCI: Using host bridge windows from ACPI; if necessary, use "pci=nocrs" and report a bug
Mar  6 14:34:41 aascedu kernel: PCI: Using E820 reservations for host bridge windows
Mar  6 14:34:41 aascedu kernel: ACPI: Enabled 2 GPEs in block 00 to 0F
Mar  6 14:34:41 aascedu kernel: ACPI: PCI Root Bridge [PCI0] (domain 0000 [bus 00-ff])
Mar  6 14:34:41 aascedu kernel: acpi PNP0A03:00: _OSC: OS supports [ASPM ClockPM Segments MSI HPX-Type3]
Mar  6 14:34:41 aascedu kernel: acpi PNP0A03:00: _OSC: not requesting OS control; OS requires [ExtendedConfig ASPM ClockPM MSI]
Mar  6 14:34:41 aascedu kernel: acpi PNP0A03:00: fail to add MMCONFIG information, can't access extended configuration space under this bridge
Mar  6 14:34:41 aascedu kernel: PCI host bridge to bus 0000:00
Mar  6 14:34:41 aascedu kernel: pci_bus 0000:00: root bus resource [io  0x0000-0x0cf7 window]
Mar  6 14:34:41 aascedu kernel: pci_bus 0000:00: root bus resource [io  0x0d00-0xffff window]
Mar  6 14:34:41 aascedu kernel: pci_bus 0000:00: root bus resource [mem 0x000a0000-0x000bffff window]
Mar  6 14:34:41 aascedu kernel: pci_bus 0000:00: root bus resource [mem 0xc0000000-0xfebfffff window]
Mar  6 14:34:41 aascedu kernel: pci_bus 0000:00: root bus resource [mem 0x240000000-0x2bfffffff window]
Mar  6 14:34:41 aascedu kernel: pci_bus 0000:00: root bus resource [bus 00-ff]
Mar  6 14:34:41 aascedu kernel: pci 0000:00:00.0: [8086:1237] type 00 class 0x060000 conventional PCI endpoint
Mar  6 14:34:41 aascedu kernel: pci 0000:00:01.0: [8086:7000] type 00 class 0x060100 conventional PCI endpoint
Mar  6 14:34:41 aascedu kernel: pci 0000:00:01.1: [8086:7010] type 00 class 0x010180 conventional PCI endpoint
Mar  6 14:34:41 aascedu kernel: pci 0000:00:01.1: BAR 4 [io  0xc040-0xc04f]
Mar  6 14:34:41 aascedu kernel: pci 0000:00:01.1: BAR 0 [io  0x01f0-0x01f7]: legacy IDE quirk
Mar  6 14:34:41 aascedu kernel: pci 0000:00:01.1: BAR 1 [io  0x03f6]: legacy IDE quirk
Mar  6 14:34:41 aascedu kernel: pci 0000:00:01.1: BAR 2 [io  0x0170-0x0177]: legacy IDE quirk
Mar  6 14:34:41 aascedu kernel: pci 0000:00:01.1: BAR 3 [io  0x0376]: legacy IDE quirk
Mar  6 14:34:41 aascedu kernel: pci 0000:00:01.3: [8086:7113] type 00 class 0x068000 conventional PCI endpoint
Mar  6 14:34:41 aascedu kernel: pci 0000:00:01.3: quirk: [io  0x0600-0x063f] claimed by PIIX4 ACPI
Mar  6 14:34:41 aascedu kernel: pci 0000:00:01.3: quirk: [io  0x0700-0x070f] claimed by PIIX4 SMB
Mar  6 14:34:41 aascedu kernel: pci 0000:00:02.0: [1af4:1050] type 00 class 0x030000 conventional PCI endpoint
Mar  6 14:34:41 aascedu kernel: pci 0000:00:02.0: BAR 0 [mem 0xfe000000-0xfe7fffff pref]
Mar  6 14:34:41 aascedu kernel: pci 0000:00:02.0: BAR 2 [mem 0xfe800000-0xfe803fff 64bit pref]
Mar  6 14:34:41 aascedu kernel: pci 0000:00:02.0: BAR 4 [mem 0xfebb0000-0xfebb0fff]
Mar  6 14:34:41 aascedu kernel: pci 0000:00:02.0: ROM [mem 0xfeba0000-0xfebaffff pref]
Mar  6 14:34:41 aascedu kernel: pci 0000:00:02.0: Video device with shadowed ROM at [mem 0x000c0000-0x000dffff]
Mar  6 14:34:41 aascedu kernel: pci 0000:00:03.0: [8086:100e] type 00 class 0x020000 conventional PCI endpoint
Mar  6 14:34:41 aascedu kernel: pci 0000:00:03.0: BAR 0 [mem 0xfeb80000-0xfeb9ffff]
Mar  6 14:34:41 aascedu kernel: pci 0000:00:03.0: BAR 1 [io  0xc000-0xc03f]
Mar  6 14:34:41 aascedu kernel: pci 0000:00:03.0: ROM [mem 0xfeb00000-0xfeb7ffff pref]
Mar  6 14:34:41 aascedu kernel: ACPI: PCI: Interrupt link LNKA configured for IRQ 10
Mar  6 14:34:41 aascedu kernel: ACPI: PCI: Interrupt link LNKB configured for IRQ 10
Mar  6 14:34:41 aascedu kernel: ACPI: PCI: Interrupt link LNKC configured for IRQ 11
Mar  6 14:34:41 aascedu kernel: ACPI: PCI: Interrupt link LNKD configured for IRQ 11
Mar  6 14:34:41 aascedu kernel: ACPI: PCI: Interrupt link LNKS configured for IRQ 9
Mar  6 14:34:41 aascedu kernel: iommu: Default domain type: Translated
Mar  6 14:34:41 aascedu kernel: iommu: DMA domain TLB invalidation policy: lazy mode
Mar  6 14:34:41 aascedu kernel: SCSI subsystem initialized
Mar  6 14:34:41 aascedu kernel: libata version 3.00 loaded.
Mar  6 14:34:41 aascedu kernel: ACPI: bus type USB registered
Mar  6 14:34:41 aascedu kernel: usbcore: registered new interface driver usbfs
Mar  6 14:34:41 aascedu kernel: usbcore: registered new interface driver hub
Mar  6 14:34:41 aascedu kernel: usbcore: registered new device driver usb
Mar  6 14:34:41 aascedu kernel: pps_core: LinuxPPS API ver. 1 registered
Mar  6 14:34:41 aascedu kernel: pps_core: Software ver. 5.3.6 - Copyright 2005-2007 Rodolfo Giometti <giometti@linux.it>
Mar  6 14:34:41 aascedu kernel: PTP clock support registered
Mar  6 14:34:41 aascedu kernel: Advanced Linux Sound Architecture Driver Initialized.
Mar  6 14:34:41 aascedu kernel: NetLabel: Initializing
Mar  6 14:34:41 aascedu kernel: NetLabel:  domain hash size = 128
Mar  6 14:34:41 aascedu kernel: NetLabel:  protocols = UNLABELED CIPSOv4 CALIPSO
Mar  6 14:34:41 aascedu kernel: NetLabel:  unlabeled traffic allowed by default
Mar  6 14:34:41 aascedu kernel: PCI: Using ACPI for IRQ routing
Mar  6 14:34:41 aascedu kernel: PCI: pci_cache_line_size set to 64 bytes
Mar  6 14:34:41 aascedu kernel: e820: reserve RAM buffer [mem 0x0009fc00-0x0009ffff]
Mar  6 14:34:41 aascedu kernel: e820: reserve RAM buffer [mem 0xbffe0000-0xbfffffff]
Mar  6 14:34:41 aascedu kernel: pci 0000:00:02.0: vgaarb: setting as boot VGA device
Mar  6 14:34:41 aascedu kernel: pci 0000:00:02.0: vgaarb: bridge control possible
Mar  6 14:34:41 aascedu kernel: pci 0000:00:02.0: vgaarb: VGA device added: decodes=io+mem,owns=io+mem,locks=none
Mar  6 14:34:41 aascedu kernel: vgaarb: loaded
Mar  6 14:34:41 aascedu kernel: hpet0: at MMIO 0xfed00000, IRQs 2, 8, 0
Mar  6 14:34:41 aascedu kernel: hpet0: 3 comparators, 64-bit 100.000000 MHz counter
Mar  6 14:34:41 aascedu kernel: clocksource: Switched to clocksource kvm-clock
Mar  6 14:34:41 aascedu kernel: VFS: Disk quotas dquot_6.6.0
Mar  6 14:34:41 aascedu kernel: VFS: Dquot-cache hash table entries: 512 (order 0, 4096 bytes)
Mar  6 14:34:41 aascedu kernel: pnp: PnP ACPI init
Mar  6 14:34:41 aascedu kernel: pnp 00:02: [dma 2]
Mar  6 14:34:41 aascedu kernel: pnp: PnP ACPI: found 6 devices
Mar  6 14:34:41 aascedu kernel: clocksource: acpi_pm: mask: 0xffffff max_cycles: 0xffffff, max_idle_ns: 2085701024 ns
Mar  6 14:34:41 aascedu kernel: NET: Registered PF_INET protocol family
Mar  6 14:34:41 aascedu kernel: IP idents hash table entries: 131072 (order: 8, 1048576 bytes, linear)
Mar  6 14:34:41 aascedu kernel: tcp_listen_portaddr_hash hash table entries: 4096 (order: 4, 65536 bytes, linear)
Mar  6 14:34:41 aascedu kernel: Table-perturb hash table entries: 65536 (order: 6, 262144 bytes, linear)
Mar  6 14:34:41 aascedu kernel: TCP established hash table entries: 65536 (order: 7, 524288 bytes, linear)
Mar  6 14:34:41 aascedu kernel: TCP bind hash table entries: 65536 (order: 9, 2097152 bytes, linear)
Mar  6 14:34:41 aascedu kernel: TCP: Hash tables configured (established 65536 bind 65536)
Mar  6 14:34:41 aascedu kernel: UDP hash table entries: 4096 (order: 6, 262144 bytes, linear)
Mar  6 14:34:41 aascedu kernel: UDP-Lite hash table entries: 4096 (order: 6, 262144 bytes, linear)
Mar  6 14:34:41 aascedu kernel: NET: Registered PF_UNIX/PF_LOCAL protocol family
Mar  6 14:34:41 aascedu kernel: RPC: Registered named UNIX socket transport module.
Mar  6 14:34:41 aascedu kernel: RPC: Registered udp transport module.
Mar  6 14:34:41 aascedu kernel: RPC: Registered tcp transport module.
Mar  6 14:34:41 aascedu kernel: RPC: Registered tcp-with-tls transport module.
Mar  6 14:34:41 aascedu kernel: RPC: Registered tcp NFSv4.1 backchannel transport module.
Mar  6 14:34:41 aascedu kernel: pci_bus 0000:00: resource 4 [io  0x0000-0x0cf7 window]
Mar  6 14:34:41 aascedu kernel: pci_bus 0000:00: resource 5 [io  0x0d00-0xffff window]
Mar  6 14:34:41 aascedu kernel: pci_bus 0000:00: resource 6 [mem 0x000a0000-0x000bffff window]
Mar  6 14:34:41 aascedu kernel: pci_bus 0000:00: resource 7 [mem 0xc0000000-0xfebfffff window]
Mar  6 14:34:41 aascedu kernel: pci_bus 0000:00: resource 8 [mem 0x240000000-0x2bfffffff window]
Mar  6 14:34:41 aascedu kernel: pci 0000:00:01.0: PIIX3: Enabling Passive Release
Mar  6 14:34:41 aascedu kernel: pci 0000:00:00.0: Limiting direct PCI/PCI transfers
Mar  6 14:34:41 aascedu kernel: PCI: CLS 0 bytes, default 64
Mar  6 14:34:41 aascedu kernel: PCI-DMA: Using software bounce buffering for IO (SWIOTLB)
Mar  6 14:34:41 aascedu kernel: software IO TLB: mapped [mem 0x00000000bbfe0000-0x00000000bffe0000] (64MB)
Mar  6 14:34:41 aascedu kernel: RAPL PMU: API unit is 2^-32 Joules, 0 fixed counters, 10737418240 ms ovfl timer
Mar  6 14:34:41 aascedu kernel: clocksource: tsc: mask: 0xffffffffffffffff max_cycles: 0x1e71785e5dd, max_idle_ns: 440795244814 ns
Mar  6 14:34:41 aascedu kernel: Initialise system trusted keyrings
Mar  6 14:34:41 aascedu kernel: workingset: timestamp_bits=40 max_order=21 bucket_order=0
Mar  6 14:34:41 aascedu kernel: NFS: Registering the id_resolver key type
Mar  6 14:34:41 aascedu kernel: Key type id_resolver registered
Mar  6 14:34:41 aascedu kernel: Key type id_legacy registered
Mar  6 14:34:41 aascedu kernel: 9p: Installing v9fs 9p2000 file system support
Mar  6 14:34:41 aascedu kernel: Key type asymmetric registered
Mar  6 14:34:41 aascedu kernel: Asymmetric key parser 'x509' registered
Mar  6 14:34:41 aascedu kernel: Block layer SCSI generic (bsg) driver version 0.4 loaded (major 251)
Mar  6 14:34:41 aascedu kernel: io scheduler mq-deadline registered
Mar  6 14:34:41 aascedu kernel: io scheduler kyber registered
Mar  6 14:34:41 aascedu kernel: input: Power Button as /devices/LNXSYSTM:00/LNXPWRBN:00/input/input0
Mar  6 14:34:41 aascedu kernel: ACPI: button: Power Button [PWRF]
Mar  6 14:34:41 aascedu kernel: ACPI: \x5c_SB_.LNKB: Enabled at IRQ 10
Mar  6 14:34:41 aascedu kernel: Serial: 8250/16550 driver, 4 ports, IRQ sharing enabled
Mar  6 14:34:41 aascedu kernel: 00:04: ttyS0 at I/O 0x3f8 (irq = 4, base_baud = 115200) is a 16550A
Mar  6 14:34:41 aascedu kernel: Non-volatile memory driver v1.3
Mar  6 14:34:41 aascedu kernel: Linux agpgart interface v0.103
Mar  6 14:34:41 aascedu kernel: ACPI: bus type drm_connector registered
Mar  6 14:34:41 aascedu kernel: [drm] pci: virtio-vga detected at 0000:00:02.0
Mar  6 14:34:41 aascedu kernel: virtio-pci 0000:00:02.0: vgaarb: deactivate vga console
Mar  6 14:34:41 aascedu kernel: [drm] features: -virgl +edid -resource_blob -host_visible
Mar  6 14:34:41 aascedu kernel: [drm] features: -context_init
Mar  6 14:34:41 aascedu kernel: [drm] number of scanouts: 1
Mar  6 14:34:41 aascedu kernel: [drm] number of cap sets: 0
Mar  6 14:34:41 aascedu kernel: virtio-pci 0000:00:02.0: [drm] Registered 1 planes with drm panic
Mar  6 14:34:41 aascedu kernel: [drm] Initialized virtio_gpu 0.1.0 for 0000:00:02.0 on minor 0
Mar  6 14:34:41 aascedu kernel: fbcon: virtio_gpudrmfb (fb0) is primary device
Mar  6 14:34:41 aascedu kernel: Console: switching to colour frame buffer device 80x30
Mar  6 14:34:41 aascedu kernel: virtio-pci 0000:00:02.0: [drm] fb0: virtio_gpudrmfb frame buffer device
Mar  6 14:34:41 aascedu kernel: loop: module loaded
Mar  6 14:34:41 aascedu kernel: scsi host0: ata_piix
Mar  6 14:34:41 aascedu kernel: scsi host1: ata_piix
Mar  6 14:34:41 aascedu kernel: ata1: PATA max MWDMA2 cmd 0x1f0 ctl 0x3f6 bmdma 0xc040 irq 14 lpm-pol 0
Mar  6 14:34:41 aascedu kernel: ata2: PATA max MWDMA2 cmd 0x170 ctl 0x376 bmdma 0xc048 irq 15 lpm-pol 0
Mar  6 14:34:41 aascedu kernel: e100: Intel(R) PRO/100 Network Driver
Mar  6 14:34:41 aascedu kernel: e100: Copyright(c) 1999-2006 Intel Corporation
Mar  6 14:34:41 aascedu kernel: e1000: Intel(R) PRO/1000 Network Driver
Mar  6 14:34:41 aascedu kernel: e1000: Copyright (c) 1999-2006 Intel Corporation.
Mar  6 14:34:41 aascedu kernel: ACPI: \x5c_SB_.LNKC: Enabled at IRQ 11
Mar  6 14:34:41 aascedu kernel: ata2: found unknown device (class 0)
Mar  6 14:34:41 aascedu kernel: ata1: found unknown device (class 0)
Mar  6 14:34:41 aascedu kernel: ata2.00: ATAPI: QEMU DVD-ROM, 2.5+, max UDMA/100
Mar  6 14:34:41 aascedu kernel: ata1.00: ATA-7: QEMU HARDDISK, 2.5+, max UDMA/100
Mar  6 14:34:41 aascedu kernel: ata1.00: 83886080 sectors, multi 16: LBA48 
Mar  6 14:34:41 aascedu kernel: scsi 0:0:0:0: Direct-Access     ATA      QEMU HARDDISK    2.5+ PQ: 0 ANSI: 5
Mar  6 14:34:41 aascedu kernel: sd 0:0:0:0: [sda] 83886080 512-byte logical blocks: (42.9 GB/40.0 GiB)
Mar  6 14:34:41 aascedu kernel: sd 0:0:0:0: Attached scsi generic sg0 type 0
Mar  6 14:34:41 aascedu kernel: sd 0:0:0:0: [sda] Write Protect is off
Mar  6 14:34:41 aascedu kernel: sd 0:0:0:0: [sda] Mode Sense: 00 3a 00 00
Mar  6 14:34:41 aascedu kernel: sd 0:0:0:0: [sda] Write cache: enabled, read cache: enabled, doesn't support DPO or FUA
Mar  6 14:34:41 aascedu kernel: scsi 1:0:0:0: CD-ROM            QEMU     QEMU DVD-ROM     2.5+ PQ: 0 ANSI: 5
Mar  6 14:34:41 aascedu kernel: sd 0:0:0:0: [sda] Preferred minimum I/O size 512 bytes
Mar  6 14:34:41 aascedu kernel:  sda: sda1 sda3 sda4 sda5
Mar  6 14:34:41 aascedu kernel: sd 0:0:0:0: [sda] Attached SCSI disk
Mar  6 14:34:41 aascedu kernel: sr 1:0:0:0: [sr0] scsi3-mmc drive: 4x/4x cd/rw xa/form2 tray
Mar  6 14:34:41 aascedu kernel: cdrom: Uniform CD-ROM driver Revision: 3.20
Mar  6 14:34:41 aascedu kernel: sr 1:0:0:0: Attached scsi CD-ROM sr0
Mar  6 14:34:41 aascedu kernel: sr 1:0:0:0: Attached scsi generic sg1 type 5
Mar  6 14:34:41 aascedu kernel: e1000 0000:00:03.0 eth0: (PCI:33MHz:32-bit) 52:54:00:12:34:56
Mar  6 14:34:41 aascedu kernel: e1000 0000:00:03.0 eth0: Intel(R) PRO/1000 Network Connection
Mar  6 14:34:41 aascedu kernel: e1000e: Intel(R) PRO/1000 Network Driver
Mar  6 14:34:41 aascedu kernel: e1000e: Copyright(c) 1999 - 2015 Intel Corporation.
Mar  6 14:34:41 aascedu kernel: sky2: driver version 1.30
Mar  6 14:34:41 aascedu kernel: usbcore: registered new interface driver usblp
Mar  6 14:34:41 aascedu kernel: usbcore: registered new interface driver usb-storage
Mar  6 14:34:41 aascedu kernel: i8042: PNP: PS/2 Controller [PNP0303:KBD,PNP0f13:MOU] at 0x60,0x64 irq 1,12
Mar  6 14:34:41 aascedu kernel: serio: i8042 KBD port at 0x60,0x64 irq 1
Mar  6 14:34:41 aascedu kernel: serio: i8042 AUX port at 0x60,0x64 irq 12
Mar  6 14:34:41 aascedu kernel: rtc_cmos 00:05: RTC can wake from S4
Mar  6 14:34:41 aascedu kernel: input: AT Translated Set 2 keyboard as /devices/platform/i8042/serio0/input/input1
Mar  6 14:34:41 aascedu kernel: rtc_cmos 00:05: registered as rtc0
Mar  6 14:34:41 aascedu kernel: rtc_cmos 00:05: alarms up to one day, y3k, 242 bytes nvram, hpet irqs
Mar  6 14:34:41 aascedu kernel: device-mapper: ioctl: 4.50.0-ioctl (2025-04-28) initialised: dm-devel@lists.linux.dev
Mar  6 14:34:41 aascedu kernel: intel_pstate: CPU model not supported
Mar  6 14:34:41 aascedu kernel: hid: raw HID events driver (C) Jiri Kosina
Mar  6 14:34:41 aascedu kernel: usbcore: registered new interface driver usbhid
Mar  6 14:34:41 aascedu kernel: usbhid: USB HID core driver
Mar  6 14:34:41 aascedu kernel: Initializing XFRM netlink socket
Mar  6 14:34:41 aascedu kernel: NET: Registered PF_INET6 protocol family
Mar  6 14:34:41 aascedu kernel: Segment Routing with IPv6
Mar  6 14:34:41 aascedu kernel: In-situ OAM (IOAM) with IPv6
Mar  6 14:34:41 aascedu kernel: sit: IPv6, IPv4 and MPLS over IPv4 tunneling driver
Mar  6 14:34:41 aascedu kernel: NET: Registered PF_PACKET protocol family
Mar  6 14:34:41 aascedu kernel: 9pnet: Installing 9P2000 support
Mar  6 14:34:41 aascedu kernel: Key type dns_resolver registered
Mar  6 14:34:41 aascedu kernel: IPI shorthand broadcast: enabled
Mar  6 14:34:41 aascedu kernel: sched_clock: Marking stable (468001653, 413412)->(470717442, -2302377)
Mar  6 14:34:41 aascedu kernel: registered taskstats version 1
Mar  6 14:34:41 aascedu kernel: Loading compiled-in X.509 certificates
Mar  6 14:34:41 aascedu kernel: Demotion targets for Node 0: null
Mar  6 14:34:41 aascedu kernel: PM:   Magic number: 2:838:583
Mar  6 14:34:41 aascedu kernel: netconsole: network logging started
Mar  6 14:34:41 aascedu kernel: cfg80211: Loading compiled-in X.509 certificates for regulatory database
Mar  6 14:34:41 aascedu kernel: kworker/u80:0 (158) used greatest stack depth: 13952 bytes left
Mar  6 14:34:41 aascedu kernel: Loaded X.509 cert 'sforshee: 00b28ddf47aef9cea7'
Mar  6 14:34:41 aascedu kernel: Loaded X.509 cert 'wens: 61c038651aabdcf94bd0ac7ff06c7248db18c600'
Mar  6 14:34:41 aascedu kernel: ALSA device list:
Mar  6 14:34:41 aascedu kernel:   No soundcards found.
Mar  6 14:34:41 aascedu kernel: platform regulatory.0: Direct firmware load for regulatory.db failed with error -2
Mar  6 14:34:41 aascedu kernel: cfg80211: failed to load regulatory.db
Mar  6 14:34:41 aascedu kernel: input: ImExPS/2 Generic Explorer Mouse as /devices/platform/i8042/serio1/input/input3
Mar  6 14:34:41 aascedu kernel: md: Waiting for all devices to be available before autodetect
Mar  6 14:34:41 aascedu kernel: md: If you don't use raid, use raid=noautodetect
Mar  6 14:34:41 aascedu kernel: md: Autodetecting RAID arrays.
Mar  6 14:34:41 aascedu kernel: md: autorun ...
Mar  6 14:34:41 aascedu kernel: md: ... autorun DONE.
Mar  6 14:34:41 aascedu kernel: EXT4-fs (sda5): INFO: recovery required on readonly filesystem
Mar  6 14:34:41 aascedu kernel: EXT4-fs (sda5): write access will be enabled during recovery
Mar  6 14:34:41 aascedu kernel: EXT4-fs (sda5): recovery complete
Mar  6 14:34:41 aascedu kernel: EXT4-fs (sda5): mounted filesystem b4d7eb2a-b4ac-4ed8-99e4-9064ea766d25 ro with ordered data mode. Quota mode: none.
Mar  6 14:34:41 aascedu kernel: VFS: Mounted root (ext4 filesystem) readonly on device 8:5.
Mar  6 14:34:41 aascedu kernel: devtmpfs: mounted
Mar  6 14:34:41 aascedu kernel: Freeing unused kernel image (initmem) memory: 2812K
Mar  6 14:34:41 aascedu kernel: Write protecting the kernel read-only data: 28672k
Mar  6 14:34:41 aascedu kernel: Freeing unused kernel image (text/rodata gap) memory: 1664K
Mar  6 14:34:41 aascedu kernel: Freeing unused kernel image (rodata/data gap) memory: 800K
Mar  6 14:34:41 aascedu kernel: x86/mm: Checked W+X mappings: passed, no W+X pages found.
Mar  6 14:34:41 aascedu kernel: Run /sbin/init as init process
Mar  6 14:34:41 aascedu kernel:   with arguments:
Mar  6 14:34:41 aascedu kernel:     /sbin/init
Mar  6 14:34:41 aascedu kernel:   with environment:
Mar  6 14:34:41 aascedu kernel:     HOME=/
Mar  6 14:34:41 aascedu kernel:     TERM=linux
Mar  6 14:34:41 aascedu kernel:     BOOT_IMAGE=/vmlinuz-6.16.1-lfs-12.4
Mar  6 14:34:42 aascedu kernel: stty (169) used greatest stack depth: 12328 bytes left
Mar  6 14:34:42 aascedu kernel: e1000 0000:00:03.0 ens3: renamed from eth0
Mar  6 14:34:42 aascedu kernel: Adding 2097148k swap on /dev/sda4.  Priority:1 extents:1 across:2097148k 
Mar  6 14:34:42 aascedu kernel: EXT4-fs (sda5): re-mounted b4d7eb2a-b4ac-4ed8-99e4-9064ea766d25.
Mar  6 14:34:43 aascedu kernel: EXT4-fs (sda5): re-mounted b4d7eb2a-b4ac-4ed8-99e4-9064ea766d25 r/w.
Mar  6 14:34:43 aascedu kernel: EXT4-fs (sda3): mounting ext2 file system using the ext4 subsystem
Mar  6 14:34:43 aascedu kernel: EXT4-fs (sda3): mounted filesystem 625a4ecc-c41c-46bf-bba8-be9d697adec1 r/w without journal. Quota mode: none.
Mar  6 14:34:45 aascedu kernel: e1000: ens3 NIC Link is Up 1000 Mbps Full Duplex, Flow Control: RX
Mar  6 14:38:29 aascedu kernel: Linux version 6.16.1aascedu (root@aascedu) (gcc (GCC) 15.2.0, GNU ld (GNU Binutils) 2.45) #1 SMP PREEMPT_DYNAMIC Fri Mar  6 09:31:47 CET 2026
Mar  6 14:38:29 aascedu kernel: Command line: BOOT_IMAGE=/vmlinuz-6.16.1-lfs-12.4 root=PARTUUID=88408a23-622f-46c6-96b4-4c40c536478e ro
Mar  6 14:38:29 aascedu kernel: BIOS-provided physical RAM map:
Mar  6 14:38:29 aascedu kernel: BIOS-e820: [mem 0x0000000000000000-0x000000000009fbff] usable
Mar  6 14:38:29 aascedu kernel: BIOS-e820: [mem 0x000000000009fc00-0x000000000009ffff] reserved
Mar  6 14:38:29 aascedu kernel: BIOS-e820: [mem 0x00000000000f0000-0x00000000000fffff] reserved
Mar  6 14:38:29 aascedu kernel: BIOS-e820: [mem 0x0000000000100000-0x00000000bffdffff] usable
Mar  6 14:38:29 aascedu kernel: BIOS-e820: [mem 0x00000000bffe0000-0x00000000bfffffff] reserved
Mar  6 14:38:29 aascedu kernel: BIOS-e820: [mem 0x00000000feffc000-0x00000000feffffff] reserved
Mar  6 14:38:29 aascedu kernel: BIOS-e820: [mem 0x00000000fffc0000-0x00000000ffffffff] reserved
Mar  6 14:38:29 aascedu kernel: BIOS-e820: [mem 0x0000000100000000-0x000000023fffffff] usable
Mar  6 14:38:29 aascedu kernel: NX (Execute Disable) protection: active
Mar  6 14:38:29 aascedu kernel: APIC: Static calls initialized
Mar  6 14:38:29 aascedu kernel: SMBIOS 2.8 present.
Mar  6 14:38:29 aascedu kernel: DMI: QEMU Standard PC (i440FX + PIIX, 1996), BIOS 1.15.0-1 04/01/2014
Mar  6 14:38:29 aascedu kernel: DMI: Memory slots populated: 1/1
Mar  6 14:38:29 aascedu kernel: Hypervisor detected: KVM
Mar  6 14:38:29 aascedu kernel: kvm-clock: Using msrs 4b564d01 and 4b564d00
Mar  6 14:38:29 aascedu kernel: kvm-clock: using sched offset of 2215697902 cycles
Mar  6 14:38:29 aascedu kernel: clocksource: kvm-clock: mask: 0xffffffffffffffff max_cycles: 0x1cd42e4dffb, max_idle_ns: 881590591483 ns
Mar  6 14:38:29 aascedu kernel: tsc: Detected 2112.000 MHz processor
Mar  6 14:38:29 aascedu kernel: e820: update [mem 0x00000000-0x00000fff] usable ==> reserved
Mar  6 14:38:29 aascedu kernel: e820: remove [mem 0x000a0000-0x000fffff] usable
Mar  6 14:38:29 aascedu kernel: last_pfn = 0x240000 max_arch_pfn = 0x400000000
Mar  6 14:38:29 aascedu kernel: MTRR map: 4 entries (3 fixed + 1 variable; max 19), built from 8 variable MTRRs
Mar  6 14:38:29 aascedu kernel: x86/PAT: Configuration [0-7]: WB  WC  UC- UC  WB  WP  UC- WT  
Mar  6 14:38:29 aascedu kernel: last_pfn = 0xbffe0 max_arch_pfn = 0x400000000
Mar  6 14:38:29 aascedu kernel: found SMP MP-table at [mem 0x000f5b90-0x000f5b9f]
Mar  6 14:38:29 aascedu kernel: Using GB pages for direct mapping
Mar  6 14:38:29 aascedu kernel: ACPI: Early table checksum verification disabled
Mar  6 14:38:29 aascedu kernel: ACPI: RSDP 0x00000000000F59B0 000014 (v00 BOCHS )
Mar  6 14:38:29 aascedu kernel: ACPI: RSDT 0x00000000BFFE1FFD 000034 (v01 BOCHS  BXPC     00000001 BXPC 00000001)
Mar  6 14:38:29 aascedu kernel: ACPI: FACP 0x00000000BFFE1E19 000074 (v01 BOCHS  BXPC     00000001 BXPC 00000001)
Mar  6 14:38:29 aascedu kernel: ACPI: DSDT 0x00000000BFFE0040 001DD9 (v01 BOCHS  BXPC     00000001 BXPC 00000001)
Mar  6 14:38:29 aascedu kernel: ACPI: FACS 0x00000000BFFE0000 000040
Mar  6 14:38:29 aascedu kernel: ACPI: APIC 0x00000000BFFE1E8D 000110 (v01 BOCHS  BXPC     00000001 BXPC 00000001)
Mar  6 14:38:29 aascedu kernel: ACPI: HPET 0x00000000BFFE1F9D 000038 (v01 BOCHS  BXPC     00000001 BXPC 00000001)
Mar  6 14:38:29 aascedu kernel: ACPI: WAET 0x00000000BFFE1FD5 000028 (v01 BOCHS  BXPC     00000001 BXPC 00000001)
Mar  6 14:38:29 aascedu kernel: ACPI: Reserving FACP table memory at [mem 0xbffe1e19-0xbffe1e8c]
Mar  6 14:38:29 aascedu kernel: ACPI: Reserving DSDT table memory at [mem 0xbffe0040-0xbffe1e18]
Mar  6 14:38:29 aascedu kernel: ACPI: Reserving FACS table memory at [mem 0xbffe0000-0xbffe003f]
Mar  6 14:38:29 aascedu kernel: ACPI: Reserving APIC table memory at [mem 0xbffe1e8d-0xbffe1f9c]
Mar  6 14:38:29 aascedu kernel: ACPI: Reserving HPET table memory at [mem 0xbffe1f9d-0xbffe1fd4]
Mar  6 14:38:29 aascedu kernel: ACPI: Reserving WAET table memory at [mem 0xbffe1fd5-0xbffe1ffc]
Mar  6 14:38:29 aascedu kernel: No NUMA configuration found
Mar  6 14:38:29 aascedu kernel: Faking a node at [mem 0x0000000000000000-0x000000023fffffff]
Mar  6 14:38:29 aascedu kernel: NODE_DATA(0) allocated [mem 0x23fffc900-0x23fffffff]
Mar  6 14:38:29 aascedu kernel: Zone ranges:
Mar  6 14:38:29 aascedu kernel:   DMA      [mem 0x0000000000001000-0x0000000000ffffff]
Mar  6 14:38:29 aascedu kernel:   DMA32    [mem 0x0000000001000000-0x00000000ffffffff]
Mar  6 14:38:29 aascedu kernel:   Normal   [mem 0x0000000100000000-0x000000023fffffff]
Mar  6 14:38:29 aascedu kernel: Movable zone start for each node
Mar  6 14:38:29 aascedu kernel: Early memory node ranges
Mar  6 14:38:29 aascedu kernel:   node   0: [mem 0x0000000000001000-0x000000000009efff]
Mar  6 14:38:29 aascedu kernel:   node   0: [mem 0x0000000000100000-0x00000000bffdffff]
Mar  6 14:38:29 aascedu kernel:   node   0: [mem 0x0000000100000000-0x000000023fffffff]
Mar  6 14:38:29 aascedu kernel: Initmem setup node 0 [mem 0x0000000000001000-0x000000023fffffff]
Mar  6 14:38:29 aascedu kernel: On node 0, zone DMA: 1 pages in unavailable ranges
Mar  6 14:38:29 aascedu kernel: On node 0, zone DMA: 97 pages in unavailable ranges
Mar  6 14:38:29 aascedu kernel: On node 0, zone Normal: 32 pages in unavailable ranges
Mar  6 14:38:29 aascedu kernel: ACPI: PM-Timer IO Port: 0x608
Mar  6 14:38:29 aascedu kernel: ACPI: LAPIC_NMI (acpi_id[0xff] dfl dfl lint[0x1])
Mar  6 14:38:29 aascedu kernel: IOAPIC[0]: apic_id 0, version 17, address 0xfec00000, GSI 0-23
Mar  6 14:38:29 aascedu kernel: ACPI: INT_SRC_OVR (bus 0 bus_irq 0 global_irq 2 dfl dfl)
Mar  6 14:38:29 aascedu kernel: ACPI: INT_SRC_OVR (bus 0 bus_irq 5 global_irq 5 high level)
Mar  6 14:38:29 aascedu kernel: ACPI: INT_SRC_OVR (bus 0 bus_irq 9 global_irq 9 high level)
Mar  6 14:38:29 aascedu kernel: ACPI: INT_SRC_OVR (bus 0 bus_irq 10 global_irq 10 high level)
Mar  6 14:38:29 aascedu kernel: ACPI: INT_SRC_OVR (bus 0 bus_irq 11 global_irq 11 high level)
Mar  6 14:38:29 aascedu kernel: ACPI: Using ACPI (MADT) for SMP configuration information
Mar  6 14:38:29 aascedu kernel: ACPI: HPET id: 0x8086a201 base: 0xfed00000
Mar  6 14:38:29 aascedu kernel: TSC deadline timer available
Mar  6 14:38:29 aascedu kernel: CPU topo: Max. logical packages:   1
Mar  6 14:38:29 aascedu kernel: CPU topo: Max. logical dies:       1
Mar  6 14:38:29 aascedu kernel: CPU topo: Max. dies per package:   1
Mar  6 14:38:29 aascedu kernel: CPU topo: Max. threads per core:   1
Mar  6 14:38:29 aascedu kernel: CPU topo: Num. cores per package:    20
Mar  6 14:38:29 aascedu kernel: CPU topo: Num. threads per package:  20
Mar  6 14:38:29 aascedu kernel: CPU topo: Allowing 20 present CPUs plus 0 hotplug CPUs
Mar  6 14:38:29 aascedu kernel: kvm-guest: APIC: eoi() replaced with kvm_guest_apic_eoi_write()
Mar  6 14:38:29 aascedu kernel: kvm-guest: KVM setup pv remote TLB flush
Mar  6 14:38:29 aascedu kernel: kvm-guest: setup PV sched yield
Mar  6 14:38:29 aascedu kernel: PM: hibernation: Registered nosave memory: [mem 0x00000000-0x00000fff]
Mar  6 14:38:29 aascedu kernel: PM: hibernation: Registered nosave memory: [mem 0x0009f000-0x000fffff]
Mar  6 14:38:29 aascedu kernel: PM: hibernation: Registered nosave memory: [mem 0xbffe0000-0xffffffff]
Mar  6 14:38:29 aascedu kernel: [mem 0xc0000000-0xfeffbfff] available for PCI devices
Mar  6 14:38:29 aascedu kernel: Booting paravirtualized kernel on KVM
Mar  6 14:38:29 aascedu kernel: clocksource: refined-jiffies: mask: 0xffffffff max_cycles: 0xffffffff, max_idle_ns: 1910969940391419 ns
Mar  6 14:38:29 aascedu kernel: setup_percpu: NR_CPUS:64 nr_cpumask_bits:20 nr_cpu_ids:20 nr_node_ids:1
Mar  6 14:38:29 aascedu kernel: percpu: Embedded 52 pages/cpu s172760 r8192 d32040 u262144
Mar  6 14:38:29 aascedu kernel: pcpu-alloc: s172760 r8192 d32040 u262144 alloc=1*2097152
Mar  6 14:38:29 aascedu kernel: pcpu-alloc: [0] 00 01 02 03 04 05 06 07 [0] 08 09 10 11 12 13 14 15 
Mar  6 14:38:29 aascedu kernel: pcpu-alloc: [0] 16 17 18 19 -- -- -- -- 
Mar  6 14:38:29 aascedu kernel: Kernel command line: BOOT_IMAGE=/vmlinuz-6.16.1-lfs-12.4 root=PARTUUID=88408a23-622f-46c6-96b4-4c40c536478e ro
Mar  6 14:38:29 aascedu kernel: Unknown kernel command line parameters "BOOT_IMAGE=/vmlinuz-6.16.1-lfs-12.4", will be passed to user space.
Mar  6 14:38:29 aascedu kernel: random: crng init done
Mar  6 14:38:29 aascedu kernel: printk: log buffer data + meta data: 262144 + 917504 = 1179648 bytes
Mar  6 14:38:29 aascedu kernel: Dentry cache hash table entries: 1048576 (order: 11, 8388608 bytes, linear)
Mar  6 14:38:29 aascedu kernel: Inode-cache hash table entries: 524288 (order: 10, 4194304 bytes, linear)
Mar  6 14:38:29 aascedu kernel: software IO TLB: area num 32.
Mar  6 14:38:29 aascedu kernel: Fallback order for Node 0: 0 
Mar  6 14:38:29 aascedu kernel: Built 1 zonelists, mobility grouping on.  Total pages: 2097022
Mar  6 14:38:29 aascedu kernel: Policy zone: Normal
Mar  6 14:38:29 aascedu kernel: mem auto-init: stack:all(zero), heap alloc:off, heap free:off
Mar  6 14:38:29 aascedu kernel: SLUB: HWalign=64, Order=0-3, MinObjects=0, CPUs=20, Nodes=1
Mar  6 14:38:29 aascedu kernel: Dynamic Preempt: voluntary
Mar  6 14:38:29 aascedu kernel: rcu: Preemptible hierarchical RCU implementation.
Mar  6 14:38:29 aascedu kernel: rcu: \x09RCU event tracing is enabled.
Mar  6 14:38:29 aascedu kernel: rcu: \x09RCU restricting CPUs from NR_CPUS=64 to nr_cpu_ids=20.
Mar  6 14:38:29 aascedu kernel: \x09Trampoline variant of Tasks RCU enabled.
Mar  6 14:38:29 aascedu kernel: \x09Tracing variant of Tasks RCU enabled.
Mar  6 14:38:29 aascedu kernel: rcu: RCU calculated value of scheduler-enlistment delay is 100 jiffies.
Mar  6 14:38:29 aascedu kernel: rcu: Adjusting geometry for rcu_fanout_leaf=16, nr_cpu_ids=20
Mar  6 14:38:29 aascedu kernel: RCU Tasks: Setting shift to 5 and lim to 1 rcu_task_cb_adjust=1 rcu_task_cpu_ids=20.
Mar  6 14:38:29 aascedu kernel: RCU Tasks Trace: Setting shift to 5 and lim to 1 rcu_task_cb_adjust=1 rcu_task_cpu_ids=20.
Mar  6 14:38:29 aascedu kernel: NR_IRQS: 4352, nr_irqs: 584, preallocated irqs: 16
Mar  6 14:38:29 aascedu kernel: rcu: srcu_init: Setting srcu_struct sizes based on contention.
Mar  6 14:38:29 aascedu kernel: Console: colour dummy device 80x25
Mar  6 14:38:29 aascedu kernel: printk: legacy console [tty0] enabled
Mar  6 14:38:29 aascedu kernel: ACPI: Core revision 20250404
Mar  6 14:38:29 aascedu kernel: clocksource: hpet: mask: 0xffffffff max_cycles: 0xffffffff, max_idle_ns: 19112604467 ns
Mar  6 14:38:29 aascedu kernel: APIC: Switch to symmetric I/O mode setup
Mar  6 14:38:29 aascedu kernel: x2apic enabled
Mar  6 14:38:29 aascedu kernel: APIC: Switched APIC routing to: physical x2apic
Mar  6 14:38:29 aascedu kernel: kvm-guest: APIC: send_IPI_mask() replaced with kvm_send_ipi_mask()
Mar  6 14:38:29 aascedu kernel: kvm-guest: APIC: send_IPI_mask_allbutself() replaced with kvm_send_ipi_mask_allbutself()
Mar  6 14:38:29 aascedu kernel: kvm-guest: setup PV IPIs
Mar  6 14:38:29 aascedu kernel: ..TIMER: vector=0x30 apic1=0 pin1=2 apic2=-1 pin2=-1
Mar  6 14:38:29 aascedu kernel: clocksource: tsc-early: mask: 0xffffffffffffffff max_cycles: 0x1e71785e5dd, max_idle_ns: 440795244814 ns
Mar  6 14:38:29 aascedu kernel: Calibrating delay loop (skipped) preset value.. 4224.00 BogoMIPS (lpj=2112000)
Mar  6 14:38:29 aascedu kernel: x86/cpu: User Mode Instruction Prevention (UMIP) activated
Mar  6 14:38:29 aascedu kernel: Last level iTLB entries: 4KB 0, 2MB 0, 4MB 0
Mar  6 14:38:29 aascedu kernel: Last level dTLB entries: 4KB 0, 2MB 0, 4MB 0, 1GB 0
Mar  6 14:38:29 aascedu kernel: Speculative Store Bypass: Mitigation: Speculative Store Bypass disabled via prctl
Mar  6 14:38:29 aascedu kernel: Spectre V2 : Mitigation: Enhanced / Automatic IBRS
Mar  6 14:38:29 aascedu kernel: ITS: Mitigation: Aligned branch/return thunks
Mar  6 14:38:29 aascedu kernel: Spectre V1 : Mitigation: usercopy/swapgs barriers and __user pointer sanitization
Mar  6 14:38:29 aascedu kernel: Spectre V2 : Spectre v2 / PBRSB-eIBRS: Retire a single CALL on VMEXIT
Mar  6 14:38:29 aascedu kernel: Spectre V2 : mitigation: Enabling conditional Indirect Branch Prediction Barrier
Mar  6 14:38:29 aascedu kernel: Spectre V2 : Spectre BHI mitigation: SW BHB clearing on syscall and VM exit
Mar  6 14:38:29 aascedu kernel: x86/fpu: Supporting XSAVE feature 0x001: 'x87 floating point registers'
Mar  6 14:38:29 aascedu kernel: x86/fpu: Supporting XSAVE feature 0x002: 'SSE registers'
Mar  6 14:38:29 aascedu kernel: x86/fpu: Supporting XSAVE feature 0x004: 'AVX registers'
Mar  6 14:38:29 aascedu kernel: x86/fpu: Supporting XSAVE feature 0x200: 'Protection Keys User registers'
Mar  6 14:38:29 aascedu kernel: x86/fpu: xstate_offset[2]:  576, xstate_sizes[2]:  256
Mar  6 14:38:29 aascedu kernel: x86/fpu: xstate_offset[9]:  832, xstate_sizes[9]:    8
Mar  6 14:38:29 aascedu kernel: x86/fpu: Enabled xstate features 0x207, context size is 840 bytes, using 'compacted' format.
Mar  6 14:38:29 aascedu kernel: Freeing SMP alternatives memory: 56K
Mar  6 14:38:29 aascedu kernel: pid_max: default: 32768 minimum: 301
Mar  6 14:38:29 aascedu kernel: LSM: initializing lsm=capability,selinux
Mar  6 14:38:29 aascedu kernel: SELinux:  Initializing.
Mar  6 14:38:29 aascedu kernel: Mount-cache hash table entries: 16384 (order: 5, 131072 bytes, linear)
Mar  6 14:38:29 aascedu kernel: Mountpoint-cache hash table entries: 16384 (order: 5, 131072 bytes, linear)
Mar  6 14:38:29 aascedu kernel: smpboot: CPU0: 12th Gen Intel(R) Core(TM) i7-12700 (family: 0x6, model: 0x97, stepping: 0x2)
Mar  6 14:38:29 aascedu kernel: Performance Events: Alderlake Hybrid events, full-width counters, Intel PMU driver.
Mar  6 14:38:29 aascedu kernel: core: cpu_core PMU driver: 
Mar  6 14:38:29 aascedu kernel: ... version:                2
Mar  6 14:38:29 aascedu kernel: ... bit width:              48
Mar  6 14:38:29 aascedu kernel: ... generic registers:      6
Mar  6 14:38:29 aascedu kernel: ... value mask:             0000ffffffffffff
Mar  6 14:38:29 aascedu kernel: ... max period:             00007fffffffffff
Mar  6 14:38:29 aascedu kernel: ... fixed-purpose events:   3
Mar  6 14:38:29 aascedu kernel: ... event mask:             000100070000003f
Mar  6 14:38:29 aascedu kernel: signal: max sigframe size: 3632
Mar  6 14:38:29 aascedu kernel: rcu: Hierarchical SRCU implementation.
Mar  6 14:38:29 aascedu kernel: rcu: \x09Max phase no-delay instances is 400.
Mar  6 14:38:29 aascedu kernel: Timer migration: 2 hierarchy levels; 8 children per group; 2 crossnode level
Mar  6 14:38:29 aascedu kernel: smp: Bringing up secondary CPUs ...
Mar  6 14:38:29 aascedu kernel: smpboot: x86: Booting SMP configuration:
Mar  6 14:38:29 aascedu kernel: .... node  #0, CPUs:        #1  #2  #3  #4  #5  #6  #7  #8  #9 #10 #11 #12 #13 #14 #15 #16 #17 #18 #19
Mar  6 14:38:29 aascedu kernel: smp: Brought up 1 node, 20 CPUs
Mar  6 14:38:29 aascedu kernel: smpboot: Total of 20 processors activated (84480.00 BogoMIPS)
Mar  6 14:38:29 aascedu kernel: Memory: 8121704K/8388088K available (18814K kernel code, 2901K rwdata, 7392K rodata, 2812K init, 968K bss, 255660K reserved, 0K cma-reserved)
Mar  6 14:38:29 aascedu kernel: devtmpfs: initialized
Mar  6 14:38:29 aascedu kernel: clocksource: jiffies: mask: 0xffffffff max_cycles: 0xffffffff, max_idle_ns: 1911260446275000 ns
Mar  6 14:38:29 aascedu kernel: posixtimers hash table entries: 16384 (order: 6, 262144 bytes, linear)
Mar  6 14:38:29 aascedu kernel: futex hash table entries: 8192 (524288 bytes on 1 NUMA nodes, total 512 KiB, linear).
Mar  6 14:38:29 aascedu kernel: PM: RTC time: 13:38:29, date: 2026-03-06
Mar  6 14:38:29 aascedu kernel: NET: Registered PF_NETLINK/PF_ROUTE protocol family
Mar  6 14:38:29 aascedu kernel: audit: initializing netlink subsys (disabled)
Mar  6 14:38:29 aascedu kernel: audit: type=2000 audit(1772804310.132:1): state=initialized audit_enabled=0 res=1
Mar  6 14:38:29 aascedu kernel: thermal_sys: Registered thermal governor 'step_wise'
Mar  6 14:38:29 aascedu kernel: cpuidle: using governor menu
Mar  6 14:38:29 aascedu kernel: PCI: Using configuration type 1 for base access
Mar  6 14:38:29 aascedu kernel: kprobes: kprobe jump-optimization is enabled. All kprobes are optimized if possible.
Mar  6 14:38:29 aascedu kernel: HugeTLB: allocation took 0ms with hugepage_allocation_threads=5
Mar  6 14:38:29 aascedu kernel: HugeTLB: registered 2.00 MiB page size, pre-allocated 0 pages
Mar  6 14:38:29 aascedu kernel: HugeTLB: 28 KiB vmemmap can be freed for a 2.00 MiB page
Mar  6 14:38:29 aascedu kernel: ACPI: Added _OSI(Module Device)
Mar  6 14:38:29 aascedu kernel: ACPI: Added _OSI(Processor Device)
Mar  6 14:38:29 aascedu kernel: ACPI: Added _OSI(Processor Aggregator Device)
Mar  6 14:38:29 aascedu kernel: ACPI: 1 ACPI AML tables successfully acquired and loaded
Mar  6 14:38:29 aascedu kernel: ACPI: Interpreter enabled
Mar  6 14:38:29 aascedu kernel: ACPI: PM: (supports S0 S3 S4 S5)
Mar  6 14:38:29 aascedu kernel: ACPI: Using IOAPIC for interrupt routing
Mar  6 14:38:29 aascedu kernel: PCI: Using host bridge windows from ACPI; if necessary, use "pci=nocrs" and report a bug
Mar  6 14:38:29 aascedu kernel: PCI: Using E820 reservations for host bridge windows
Mar  6 14:38:29 aascedu kernel: ACPI: Enabled 2 GPEs in block 00 to 0F
Mar  6 14:38:29 aascedu kernel: ACPI: PCI Root Bridge [PCI0] (domain 0000 [bus 00-ff])
Mar  6 14:38:29 aascedu kernel: acpi PNP0A03:00: _OSC: OS supports [ASPM ClockPM Segments MSI HPX-Type3]
Mar  6 14:38:29 aascedu kernel: acpi PNP0A03:00: _OSC: not requesting OS control; OS requires [ExtendedConfig ASPM ClockPM MSI]
Mar  6 14:38:29 aascedu kernel: acpi PNP0A03:00: fail to add MMCONFIG information, can't access extended configuration space under this bridge
Mar  6 14:38:29 aascedu kernel: PCI host bridge to bus 0000:00
Mar  6 14:38:29 aascedu kernel: pci_bus 0000:00: root bus resource [io  0x0000-0x0cf7 window]
Mar  6 14:38:29 aascedu kernel: pci_bus 0000:00: root bus resource [io  0x0d00-0xffff window]
Mar  6 14:38:29 aascedu kernel: pci_bus 0000:00: root bus resource [mem 0x000a0000-0x000bffff window]
Mar  6 14:38:29 aascedu kernel: pci_bus 0000:00: root bus resource [mem 0xc0000000-0xfebfffff window]
Mar  6 14:38:29 aascedu kernel: pci_bus 0000:00: root bus resource [mem 0x240000000-0x2bfffffff window]
Mar  6 14:38:29 aascedu kernel: pci_bus 0000:00: root bus resource [bus 00-ff]
Mar  6 14:38:29 aascedu kernel: pci 0000:00:00.0: [8086:1237] type 00 class 0x060000 conventional PCI endpoint
Mar  6 14:38:29 aascedu kernel: pci 0000:00:01.0: [8086:7000] type 00 class 0x060100 conventional PCI endpoint
Mar  6 14:38:29 aascedu kernel: pci 0000:00:01.1: [8086:7010] type 00 class 0x010180 conventional PCI endpoint
Mar  6 14:38:29 aascedu kernel: pci 0000:00:01.1: BAR 4 [io  0xc040-0xc04f]
Mar  6 14:38:29 aascedu kernel: pci 0000:00:01.1: BAR 0 [io  0x01f0-0x01f7]: legacy IDE quirk
Mar  6 14:38:29 aascedu kernel: pci 0000:00:01.1: BAR 1 [io  0x03f6]: legacy IDE quirk
Mar  6 14:38:29 aascedu kernel: pci 0000:00:01.1: BAR 2 [io  0x0170-0x0177]: legacy IDE quirk
Mar  6 14:38:29 aascedu kernel: pci 0000:00:01.1: BAR 3 [io  0x0376]: legacy IDE quirk
Mar  6 14:38:29 aascedu kernel: pci 0000:00:01.3: [8086:7113] type 00 class 0x068000 conventional PCI endpoint
Mar  6 14:38:29 aascedu kernel: pci 0000:00:01.3: quirk: [io  0x0600-0x063f] claimed by PIIX4 ACPI
Mar  6 14:38:29 aascedu kernel: pci 0000:00:01.3: quirk: [io  0x0700-0x070f] claimed by PIIX4 SMB
Mar  6 14:38:29 aascedu kernel: pci 0000:00:02.0: [1af4:1050] type 00 class 0x030000 conventional PCI endpoint
Mar  6 14:38:29 aascedu kernel: pci 0000:00:02.0: BAR 0 [mem 0xfe000000-0xfe7fffff pref]
Mar  6 14:38:29 aascedu kernel: pci 0000:00:02.0: BAR 2 [mem 0xfe800000-0xfe803fff 64bit pref]
Mar  6 14:38:29 aascedu kernel: pci 0000:00:02.0: BAR 4 [mem 0xfebb0000-0xfebb0fff]
Mar  6 14:38:29 aascedu kernel: pci 0000:00:02.0: ROM [mem 0xfeba0000-0xfebaffff pref]
Mar  6 14:38:29 aascedu kernel: pci 0000:00:02.0: Video device with shadowed ROM at [mem 0x000c0000-0x000dffff]
Mar  6 14:38:29 aascedu kernel: pci 0000:00:03.0: [8086:100e] type 00 class 0x020000 conventional PCI endpoint
Mar  6 14:38:29 aascedu kernel: pci 0000:00:03.0: BAR 0 [mem 0xfeb80000-0xfeb9ffff]
Mar  6 14:38:29 aascedu kernel: pci 0000:00:03.0: BAR 1 [io  0xc000-0xc03f]
Mar  6 14:38:29 aascedu kernel: pci 0000:00:03.0: ROM [mem 0xfeb00000-0xfeb7ffff pref]
Mar  6 14:38:29 aascedu kernel: ACPI: PCI: Interrupt link LNKA configured for IRQ 10
Mar  6 14:38:29 aascedu kernel: ACPI: PCI: Interrupt link LNKB configured for IRQ 10
Mar  6 14:38:29 aascedu kernel: ACPI: PCI: Interrupt link LNKC configured for IRQ 11
Mar  6 14:38:29 aascedu kernel: ACPI: PCI: Interrupt link LNKD configured for IRQ 11
Mar  6 14:38:29 aascedu kernel: ACPI: PCI: Interrupt link LNKS configured for IRQ 9
Mar  6 14:38:29 aascedu kernel: iommu: Default domain type: Translated
Mar  6 14:38:29 aascedu kernel: iommu: DMA domain TLB invalidation policy: lazy mode
Mar  6 14:38:29 aascedu kernel: SCSI subsystem initialized
Mar  6 14:38:29 aascedu kernel: libata version 3.00 loaded.
Mar  6 14:38:29 aascedu kernel: ACPI: bus type USB registered
Mar  6 14:38:29 aascedu kernel: usbcore: registered new interface driver usbfs
Mar  6 14:38:29 aascedu kernel: usbcore: registered new interface driver hub
Mar  6 14:38:29 aascedu kernel: usbcore: registered new device driver usb
Mar  6 14:38:29 aascedu kernel: pps_core: LinuxPPS API ver. 1 registered
Mar  6 14:38:29 aascedu kernel: pps_core: Software ver. 5.3.6 - Copyright 2005-2007 Rodolfo Giometti <giometti@linux.it>
Mar  6 14:38:29 aascedu kernel: PTP clock support registered
Mar  6 14:38:29 aascedu kernel: Advanced Linux Sound Architecture Driver Initialized.
Mar  6 14:38:29 aascedu kernel: NetLabel: Initializing
Mar  6 14:38:29 aascedu kernel: NetLabel:  domain hash size = 128
Mar  6 14:38:29 aascedu kernel: NetLabel:  protocols = UNLABELED CIPSOv4 CALIPSO
Mar  6 14:38:29 aascedu kernel: NetLabel:  unlabeled traffic allowed by default
Mar  6 14:38:29 aascedu kernel: PCI: Using ACPI for IRQ routing
Mar  6 14:38:29 aascedu kernel: PCI: pci_cache_line_size set to 64 bytes
Mar  6 14:38:29 aascedu kernel: e820: reserve RAM buffer [mem 0x0009fc00-0x0009ffff]
Mar  6 14:38:29 aascedu kernel: e820: reserve RAM buffer [mem 0xbffe0000-0xbfffffff]
Mar  6 14:38:29 aascedu kernel: pci 0000:00:02.0: vgaarb: setting as boot VGA device
Mar  6 14:38:29 aascedu kernel: pci 0000:00:02.0: vgaarb: bridge control possible
Mar  6 14:38:29 aascedu kernel: pci 0000:00:02.0: vgaarb: VGA device added: decodes=io+mem,owns=io+mem,locks=none
Mar  6 14:38:29 aascedu kernel: vgaarb: loaded
Mar  6 14:38:29 aascedu kernel: hpet0: at MMIO 0xfed00000, IRQs 2, 8, 0
Mar  6 14:38:29 aascedu kernel: hpet0: 3 comparators, 64-bit 100.000000 MHz counter
Mar  6 14:38:29 aascedu kernel: clocksource: Switched to clocksource kvm-clock
Mar  6 14:38:29 aascedu kernel: VFS: Disk quotas dquot_6.6.0
Mar  6 14:38:29 aascedu kernel: VFS: Dquot-cache hash table entries: 512 (order 0, 4096 bytes)
Mar  6 14:38:29 aascedu kernel: pnp: PnP ACPI init
Mar  6 14:38:29 aascedu kernel: pnp 00:02: [dma 2]
Mar  6 14:38:29 aascedu kernel: pnp: PnP ACPI: found 6 devices
Mar  6 14:38:29 aascedu kernel: clocksource: acpi_pm: mask: 0xffffff max_cycles: 0xffffff, max_idle_ns: 2085701024 ns
Mar  6 14:38:29 aascedu kernel: NET: Registered PF_INET protocol family
Mar  6 14:38:29 aascedu kernel: IP idents hash table entries: 131072 (order: 8, 1048576 bytes, linear)
Mar  6 14:38:29 aascedu kernel: tcp_listen_portaddr_hash hash table entries: 4096 (order: 4, 65536 bytes, linear)
Mar  6 14:38:29 aascedu kernel: Table-perturb hash table entries: 65536 (order: 6, 262144 bytes, linear)
Mar  6 14:38:29 aascedu kernel: TCP established hash table entries: 65536 (order: 7, 524288 bytes, linear)
Mar  6 14:38:29 aascedu kernel: TCP bind hash table entries: 65536 (order: 9, 2097152 bytes, linear)
Mar  6 14:38:29 aascedu kernel: TCP: Hash tables configured (established 65536 bind 65536)
Mar  6 14:38:29 aascedu kernel: UDP hash table entries: 4096 (order: 6, 262144 bytes, linear)
Mar  6 14:38:29 aascedu kernel: UDP-Lite hash table entries: 4096 (order: 6, 262144 bytes, linear)
Mar  6 14:38:29 aascedu kernel: NET: Registered PF_UNIX/PF_LOCAL protocol family
Mar  6 14:38:29 aascedu kernel: RPC: Registered named UNIX socket transport module.
Mar  6 14:38:29 aascedu kernel: RPC: Registered udp transport module.
Mar  6 14:38:29 aascedu kernel: RPC: Registered tcp transport module.
Mar  6 14:38:29 aascedu kernel: RPC: Registered tcp-with-tls transport module.
Mar  6 14:38:29 aascedu kernel: RPC: Registered tcp NFSv4.1 backchannel transport module.
Mar  6 14:38:29 aascedu kernel: pci_bus 0000:00: resource 4 [io  0x0000-0x0cf7 window]
Mar  6 14:38:29 aascedu kernel: pci_bus 0000:00: resource 5 [io  0x0d00-0xffff window]
Mar  6 14:38:29 aascedu kernel: pci_bus 0000:00: resource 6 [mem 0x000a0000-0x000bffff window]
Mar  6 14:38:29 aascedu kernel: pci_bus 0000:00: resource 7 [mem 0xc0000000-0xfebfffff window]
Mar  6 14:38:29 aascedu kernel: pci_bus 0000:00: resource 8 [mem 0x240000000-0x2bfffffff window]
Mar  6 14:38:29 aascedu kernel: pci 0000:00:01.0: PIIX3: Enabling Passive Release
Mar  6 14:38:29 aascedu kernel: pci 0000:00:00.0: Limiting direct PCI/PCI transfers
Mar  6 14:38:29 aascedu kernel: PCI: CLS 0 bytes, default 64
Mar  6 14:38:29 aascedu kernel: PCI-DMA: Using software bounce buffering for IO (SWIOTLB)
Mar  6 14:38:29 aascedu kernel: software IO TLB: mapped [mem 0x00000000bbfe0000-0x00000000bffe0000] (64MB)
Mar  6 14:38:29 aascedu kernel: RAPL PMU: API unit is 2^-32 Joules, 0 fixed counters, 10737418240 ms ovfl timer
Mar  6 14:38:29 aascedu kernel: clocksource: tsc: mask: 0xffffffffffffffff max_cycles: 0x1e71785e5dd, max_idle_ns: 440795244814 ns
Mar  6 14:38:29 aascedu kernel: Initialise system trusted keyrings
Mar  6 14:38:29 aascedu kernel: workingset: timestamp_bits=40 max_order=21 bucket_order=0
Mar  6 14:38:29 aascedu kernel: NFS: Registering the id_resolver key type
Mar  6 14:38:29 aascedu kernel: Key type id_resolver registered
Mar  6 14:38:29 aascedu kernel: Key type id_legacy registered
Mar  6 14:38:29 aascedu kernel: 9p: Installing v9fs 9p2000 file system support
Mar  6 14:38:29 aascedu kernel: Key type asymmetric registered
Mar  6 14:38:29 aascedu kernel: Asymmetric key parser 'x509' registered
Mar  6 14:38:29 aascedu kernel: Block layer SCSI generic (bsg) driver version 0.4 loaded (major 251)
Mar  6 14:38:29 aascedu kernel: io scheduler mq-deadline registered
Mar  6 14:38:29 aascedu kernel: io scheduler kyber registered
Mar  6 14:38:29 aascedu kernel: input: Power Button as /devices/LNXSYSTM:00/LNXPWRBN:00/input/input0
Mar  6 14:38:29 aascedu kernel: ACPI: button: Power Button [PWRF]
Mar  6 14:38:29 aascedu kernel: ACPI: \x5c_SB_.LNKB: Enabled at IRQ 10
Mar  6 14:38:29 aascedu kernel: Serial: 8250/16550 driver, 4 ports, IRQ sharing enabled
Mar  6 14:38:29 aascedu kernel: 00:04: ttyS0 at I/O 0x3f8 (irq = 4, base_baud = 115200) is a 16550A
Mar  6 14:38:29 aascedu kernel: Non-volatile memory driver v1.3
Mar  6 14:38:29 aascedu kernel: Linux agpgart interface v0.103
Mar  6 14:38:29 aascedu kernel: ACPI: bus type drm_connector registered
Mar  6 14:38:29 aascedu kernel: [drm] pci: virtio-vga detected at 0000:00:02.0
Mar  6 14:38:29 aascedu kernel: virtio-pci 0000:00:02.0: vgaarb: deactivate vga console
Mar  6 14:38:29 aascedu kernel: [drm] features: -virgl +edid -resource_blob -host_visible
Mar  6 14:38:29 aascedu kernel: [drm] features: -context_init
Mar  6 14:38:29 aascedu kernel: [drm] number of scanouts: 1
Mar  6 14:38:29 aascedu kernel: [drm] number of cap sets: 0
Mar  6 14:38:29 aascedu kernel: virtio-pci 0000:00:02.0: [drm] Registered 1 planes with drm panic
Mar  6 14:38:29 aascedu kernel: [drm] Initialized virtio_gpu 0.1.0 for 0000:00:02.0 on minor 0
Mar  6 14:38:29 aascedu kernel: fbcon: virtio_gpudrmfb (fb0) is primary device
Mar  6 14:38:29 aascedu kernel: Console: switching to colour frame buffer device 80x30
Mar  6 14:38:29 aascedu kernel: virtio-pci 0000:00:02.0: [drm] fb0: virtio_gpudrmfb frame buffer device
Mar  6 14:38:29 aascedu kernel: loop: module loaded
Mar  6 14:38:29 aascedu kernel: scsi host0: ata_piix
Mar  6 14:38:29 aascedu kernel: scsi host1: ata_piix
Mar  6 14:38:29 aascedu kernel: ata1: PATA max MWDMA2 cmd 0x1f0 ctl 0x3f6 bmdma 0xc040 irq 14 lpm-pol 0
Mar  6 14:38:29 aascedu kernel: ata2: PATA max MWDMA2 cmd 0x170 ctl 0x376 bmdma 0xc048 irq 15 lpm-pol 0
Mar  6 14:38:29 aascedu kernel: e100: Intel(R) PRO/100 Network Driver
Mar  6 14:38:29 aascedu kernel: e100: Copyright(c) 1999-2006 Intel Corporation
Mar  6 14:38:29 aascedu kernel: e1000: Intel(R) PRO/1000 Network Driver
Mar  6 14:38:29 aascedu kernel: e1000: Copyright (c) 1999-2006 Intel Corporation.
Mar  6 14:38:29 aascedu kernel: ACPI: \x5c_SB_.LNKC: Enabled at IRQ 11
Mar  6 14:38:29 aascedu kernel: ata2: found unknown device (class 0)
Mar  6 14:38:29 aascedu kernel: ata1: found unknown device (class 0)
Mar  6 14:38:29 aascedu kernel: ata2.00: ATAPI: QEMU DVD-ROM, 2.5+, max UDMA/100
Mar  6 14:38:29 aascedu kernel: ata1.00: ATA-7: QEMU HARDDISK, 2.5+, max UDMA/100
Mar  6 14:38:29 aascedu kernel: ata1.00: 83886080 sectors, multi 16: LBA48 
Mar  6 14:38:29 aascedu kernel: scsi 0:0:0:0: Direct-Access     ATA      QEMU HARDDISK    2.5+ PQ: 0 ANSI: 5
Mar  6 14:38:29 aascedu kernel: sd 0:0:0:0: Attached scsi generic sg0 type 0
Mar  6 14:38:29 aascedu kernel: sd 0:0:0:0: [sda] 83886080 512-byte logical blocks: (42.9 GB/40.0 GiB)
Mar  6 14:38:29 aascedu kernel: sd 0:0:0:0: [sda] Write Protect is off
Mar  6 14:38:29 aascedu kernel: sd 0:0:0:0: [sda] Mode Sense: 00 3a 00 00
Mar  6 14:38:29 aascedu kernel: scsi 1:0:0:0: CD-ROM            QEMU     QEMU DVD-ROM     2.5+ PQ: 0 ANSI: 5
Mar  6 14:38:29 aascedu kernel: sd 0:0:0:0: [sda] Write cache: enabled, read cache: enabled, doesn't support DPO or FUA
Mar  6 14:38:29 aascedu kernel: sd 0:0:0:0: [sda] Preferred minimum I/O size 512 bytes
Mar  6 14:38:29 aascedu kernel:  sda: sda1 sda3 sda4 sda5
Mar  6 14:38:29 aascedu kernel: sd 0:0:0:0: [sda] Attached SCSI disk
Mar  6 14:38:29 aascedu kernel: sr 1:0:0:0: [sr0] scsi3-mmc drive: 4x/4x cd/rw xa/form2 tray
Mar  6 14:38:29 aascedu kernel: cdrom: Uniform CD-ROM driver Revision: 3.20
Mar  6 14:38:29 aascedu kernel: sr 1:0:0:0: Attached scsi CD-ROM sr0
Mar  6 14:38:29 aascedu kernel: sr 1:0:0:0: Attached scsi generic sg1 type 5
Mar  6 14:38:29 aascedu kernel: e1000 0000:00:03.0 eth0: (PCI:33MHz:32-bit) 52:54:00:12:34:56
Mar  6 14:38:29 aascedu kernel: e1000 0000:00:03.0 eth0: Intel(R) PRO/1000 Network Connection
Mar  6 14:38:29 aascedu kernel: e1000e: Intel(R) PRO/1000 Network Driver
Mar  6 14:38:29 aascedu kernel: e1000e: Copyright(c) 1999 - 2015 Intel Corporation.
Mar  6 14:38:29 aascedu kernel: sky2: driver version 1.30
Mar  6 14:38:29 aascedu kernel: usbcore: registered new interface driver usblp
Mar  6 14:38:29 aascedu kernel: usbcore: registered new interface driver usb-storage
Mar  6 14:38:29 aascedu kernel: i8042: PNP: PS/2 Controller [PNP0303:KBD,PNP0f13:MOU] at 0x60,0x64 irq 1,12
Mar  6 14:38:29 aascedu kernel: serio: i8042 KBD port at 0x60,0x64 irq 1
Mar  6 14:38:29 aascedu kernel: serio: i8042 AUX port at 0x60,0x64 irq 12
Mar  6 14:38:29 aascedu kernel: rtc_cmos 00:05: RTC can wake from S4
Mar  6 14:38:29 aascedu kernel: input: AT Translated Set 2 keyboard as /devices/platform/i8042/serio0/input/input1
Mar  6 14:38:29 aascedu kernel: rtc_cmos 00:05: registered as rtc0
Mar  6 14:38:29 aascedu kernel: rtc_cmos 00:05: alarms up to one day, y3k, 242 bytes nvram, hpet irqs
Mar  6 14:38:29 aascedu kernel: device-mapper: ioctl: 4.50.0-ioctl (2025-04-28) initialised: dm-devel@lists.linux.dev
Mar  6 14:38:29 aascedu kernel: intel_pstate: CPU model not supported
Mar  6 14:38:29 aascedu kernel: hid: raw HID events driver (C) Jiri Kosina
Mar  6 14:38:29 aascedu kernel: usbcore: registered new interface driver usbhid
Mar  6 14:38:29 aascedu kernel: usbhid: USB HID core driver
Mar  6 14:38:29 aascedu kernel: Initializing XFRM netlink socket
Mar  6 14:38:29 aascedu kernel: NET: Registered PF_INET6 protocol family
Mar  6 14:38:29 aascedu kernel: Segment Routing with IPv6
Mar  6 14:38:29 aascedu kernel: In-situ OAM (IOAM) with IPv6
Mar  6 14:38:29 aascedu kernel: sit: IPv6, IPv4 and MPLS over IPv4 tunneling driver
Mar  6 14:38:29 aascedu kernel: NET: Registered PF_PACKET protocol family
Mar  6 14:38:29 aascedu kernel: 9pnet: Installing 9P2000 support
Mar  6 14:38:29 aascedu kernel: Key type dns_resolver registered
Mar  6 14:38:29 aascedu kernel: IPI shorthand broadcast: enabled
Mar  6 14:38:29 aascedu kernel: sched_clock: Marking stable (470019869, 415919)->(471471958, -1036170)
Mar  6 14:38:29 aascedu kernel: registered taskstats version 1
Mar  6 14:38:29 aascedu kernel: Loading compiled-in X.509 certificates
Mar  6 14:38:29 aascedu kernel: Demotion targets for Node 0: null
Mar  6 14:38:29 aascedu kernel: PM:   Magic number: 2:391:634
Mar  6 14:38:29 aascedu kernel: netconsole: network logging started
Mar  6 14:38:29 aascedu kernel: cfg80211: Loading compiled-in X.509 certificates for regulatory database
Mar  6 14:38:29 aascedu kernel: kworker/u80:0 (158) used greatest stack depth: 13952 bytes left
Mar  6 14:38:29 aascedu kernel: Loaded X.509 cert 'sforshee: 00b28ddf47aef9cea7'
Mar  6 14:38:29 aascedu kernel: Loaded X.509 cert 'wens: 61c038651aabdcf94bd0ac7ff06c7248db18c600'
Mar  6 14:38:29 aascedu kernel: platform regulatory.0: Direct firmware load for regulatory.db failed with error -2
Mar  6 14:38:29 aascedu kernel: cfg80211: failed to load regulatory.db
Mar  6 14:38:29 aascedu kernel: ALSA device list:
Mar  6 14:38:29 aascedu kernel:   No soundcards found.
Mar  6 14:38:29 aascedu kernel: input: ImExPS/2 Generic Explorer Mouse as /devices/platform/i8042/serio1/input/input3
Mar  6 14:38:29 aascedu kernel: md: Waiting for all devices to be available before autodetect
Mar  6 14:38:29 aascedu kernel: md: If you don't use raid, use raid=noautodetect
Mar  6 14:38:29 aascedu kernel: md: Autodetecting RAID arrays.
Mar  6 14:38:29 aascedu kernel: md: autorun ...
Mar  6 14:38:29 aascedu kernel: md: ... autorun DONE.
Mar  6 14:38:29 aascedu kernel: EXT4-fs (sda5): INFO: recovery required on readonly filesystem
Mar  6 14:38:29 aascedu kernel: EXT4-fs (sda5): write access will be enabled during recovery
Mar  6 14:38:29 aascedu kernel: EXT4-fs (sda5): recovery complete
Mar  6 14:38:29 aascedu kernel: EXT4-fs (sda5): mounted filesystem b4d7eb2a-b4ac-4ed8-99e4-9064ea766d25 ro with ordered data mode. Quota mode: none.
Mar  6 14:38:29 aascedu kernel: VFS: Mounted root (ext4 filesystem) readonly on device 8:5.
Mar  6 14:38:29 aascedu kernel: devtmpfs: mounted
Mar  6 14:38:29 aascedu kernel: Freeing unused kernel image (initmem) memory: 2812K
Mar  6 14:38:29 aascedu kernel: Write protecting the kernel read-only data: 28672k
Mar  6 14:38:29 aascedu kernel: Freeing unused kernel image (text/rodata gap) memory: 1664K
Mar  6 14:38:29 aascedu kernel: Freeing unused kernel image (rodata/data gap) memory: 800K
Mar  6 14:38:29 aascedu kernel: x86/mm: Checked W+X mappings: passed, no W+X pages found.
Mar  6 14:38:29 aascedu kernel: Run /sbin/init as init process
Mar  6 14:38:29 aascedu kernel:   with arguments:
Mar  6 14:38:29 aascedu kernel:     /sbin/init
Mar  6 14:38:29 aascedu kernel:   with environment:
Mar  6 14:38:29 aascedu kernel:     HOME=/
Mar  6 14:38:29 aascedu kernel:     TERM=linux
Mar  6 14:38:29 aascedu kernel:     BOOT_IMAGE=/vmlinuz-6.16.1-lfs-12.4
Mar  6 14:38:29 aascedu kernel: stty (170) used greatest stack depth: 12328 bytes left
Mar  6 14:38:30 aascedu kernel: S08localnet (266) used greatest stack depth: 12280 bytes left
Mar  6 14:38:30 aascedu kernel: e1000 0000:00:03.0 ens3: renamed from eth0
Mar  6 14:38:30 aascedu kernel: Adding 2097148k swap on /dev/sda4.  Priority:1 extents:1 across:2097148k 
Mar  6 14:38:30 aascedu kernel: EXT4-fs (sda5): re-mounted b4d7eb2a-b4ac-4ed8-99e4-9064ea766d25.
Mar  6 14:38:30 aascedu kernel: EXT4-fs (sda5): re-mounted b4d7eb2a-b4ac-4ed8-99e4-9064ea766d25 r/w.
Mar  6 14:38:30 aascedu kernel: EXT4-fs (sda3): mounting ext2 file system using the ext4 subsystem
Mar  6 14:38:30 aascedu kernel: EXT4-fs (sda3): mounted filesystem 625a4ecc-c41c-46bf-bba8-be9d697adec1 r/w without journal. Quota mode: none.
Mar  6 14:38:32 aascedu kernel: e1000: ens3 NIC Link is Up 1000 Mbps Full Duplex, Flow Control: RX
Mar  9 09:16:11 aascedu kernel: Linux version 6.16.1aascedu (root@aascedu) (gcc (GCC) 15.2.0, GNU ld (GNU Binutils) 2.45) #1 SMP PREEMPT_DYNAMIC Fri Mar  6 09:31:47 CET 2026
Mar  9 09:16:11 aascedu kernel: Command line: BOOT_IMAGE=/vmlinuz-6.16.1-lfs-12.4 root=PARTUUID=88408a23-622f-46c6-96b4-4c40c536478e ro
Mar  9 09:16:11 aascedu kernel: BIOS-provided physical RAM map:
Mar  9 09:16:11 aascedu kernel: BIOS-e820: [mem 0x0000000000000000-0x000000000009fbff] usable
Mar  9 09:16:11 aascedu kernel: BIOS-e820: [mem 0x000000000009fc00-0x000000000009ffff] reserved
Mar  9 09:16:11 aascedu kernel: BIOS-e820: [mem 0x00000000000f0000-0x00000000000fffff] reserved
Mar  9 09:16:11 aascedu kernel: BIOS-e820: [mem 0x0000000000100000-0x00000000bffdffff] usable
Mar  9 09:16:11 aascedu kernel: BIOS-e820: [mem 0x00000000bffe0000-0x00000000bfffffff] reserved
Mar  9 09:16:11 aascedu kernel: BIOS-e820: [mem 0x00000000feffc000-0x00000000feffffff] reserved
Mar  9 09:16:11 aascedu kernel: BIOS-e820: [mem 0x00000000fffc0000-0x00000000ffffffff] reserved
Mar  9 09:16:11 aascedu kernel: BIOS-e820: [mem 0x0000000100000000-0x000000023fffffff] usable
Mar  9 09:16:11 aascedu kernel: NX (Execute Disable) protection: active
Mar  9 09:16:11 aascedu kernel: APIC: Static calls initialized
Mar  9 09:16:11 aascedu kernel: SMBIOS 2.8 present.
Mar  9 09:16:11 aascedu kernel: DMI: QEMU Standard PC (i440FX + PIIX, 1996), BIOS 1.15.0-1 04/01/2014
Mar  9 09:16:11 aascedu kernel: DMI: Memory slots populated: 1/1
Mar  9 09:16:11 aascedu kernel: Hypervisor detected: KVM
Mar  9 09:16:11 aascedu kernel: kvm-clock: Using msrs 4b564d01 and 4b564d00
Mar  9 09:16:11 aascedu kernel: kvm-clock: using sched offset of 2263011218 cycles
Mar  9 09:16:11 aascedu kernel: clocksource: kvm-clock: mask: 0xffffffffffffffff max_cycles: 0x1cd42e4dffb, max_idle_ns: 881590591483 ns
Mar  9 09:16:11 aascedu kernel: tsc: Detected 2112.000 MHz processor
Mar  9 09:16:11 aascedu kernel: e820: update [mem 0x00000000-0x00000fff] usable ==> reserved
Mar  9 09:16:11 aascedu kernel: e820: remove [mem 0x000a0000-0x000fffff] usable
Mar  9 09:16:11 aascedu kernel: last_pfn = 0x240000 max_arch_pfn = 0x400000000
Mar  9 09:16:11 aascedu kernel: MTRR map: 4 entries (3 fixed + 1 variable; max 19), built from 8 variable MTRRs
Mar  9 09:16:11 aascedu kernel: x86/PAT: Configuration [0-7]: WB  WC  UC- UC  WB  WP  UC- WT  
Mar  9 09:16:11 aascedu kernel: last_pfn = 0xbffe0 max_arch_pfn = 0x400000000
Mar  9 09:16:11 aascedu kernel: found SMP MP-table at [mem 0x000f5b90-0x000f5b9f]
Mar  9 09:16:11 aascedu kernel: Using GB pages for direct mapping
Mar  9 09:16:11 aascedu kernel: ACPI: Early table checksum verification disabled
Mar  9 09:16:11 aascedu kernel: ACPI: RSDP 0x00000000000F59B0 000014 (v00 BOCHS )
Mar  9 09:16:11 aascedu kernel: ACPI: RSDT 0x00000000BFFE1FFD 000034 (v01 BOCHS  BXPC     00000001 BXPC 00000001)
Mar  9 09:16:11 aascedu kernel: ACPI: FACP 0x00000000BFFE1E19 000074 (v01 BOCHS  BXPC     00000001 BXPC 00000001)
Mar  9 09:16:11 aascedu kernel: ACPI: DSDT 0x00000000BFFE0040 001DD9 (v01 BOCHS  BXPC     00000001 BXPC 00000001)
Mar  9 09:16:11 aascedu kernel: ACPI: FACS 0x00000000BFFE0000 000040
Mar  9 09:16:11 aascedu kernel: ACPI: APIC 0x00000000BFFE1E8D 000110 (v01 BOCHS  BXPC     00000001 BXPC 00000001)
Mar  9 09:16:11 aascedu kernel: ACPI: HPET 0x00000000BFFE1F9D 000038 (v01 BOCHS  BXPC     00000001 BXPC 00000001)
Mar  9 09:16:11 aascedu kernel: ACPI: WAET 0x00000000BFFE1FD5 000028 (v01 BOCHS  BXPC     00000001 BXPC 00000001)
Mar  9 09:16:11 aascedu kernel: ACPI: Reserving FACP table memory at [mem 0xbffe1e19-0xbffe1e8c]
Mar  9 09:16:11 aascedu kernel: ACPI: Reserving DSDT table memory at [mem 0xbffe0040-0xbffe1e18]
Mar  9 09:16:11 aascedu kernel: ACPI: Reserving FACS table memory at [mem 0xbffe0000-0xbffe003f]
Mar  9 09:16:11 aascedu kernel: ACPI: Reserving APIC table memory at [mem 0xbffe1e8d-0xbffe1f9c]
Mar  9 09:16:11 aascedu kernel: ACPI: Reserving HPET table memory at [mem 0xbffe1f9d-0xbffe1fd4]
Mar  9 09:16:11 aascedu kernel: ACPI: Reserving WAET table memory at [mem 0xbffe1fd5-0xbffe1ffc]
Mar  9 09:16:11 aascedu kernel: No NUMA configuration found
Mar  9 09:16:11 aascedu kernel: Faking a node at [mem 0x0000000000000000-0x000000023fffffff]
Mar  9 09:16:11 aascedu kernel: NODE_DATA(0) allocated [mem 0x23fffc900-0x23fffffff]
Mar  9 09:16:11 aascedu kernel: Zone ranges:
Mar  9 09:16:11 aascedu kernel:   DMA      [mem 0x0000000000001000-0x0000000000ffffff]
Mar  9 09:16:11 aascedu kernel:   DMA32    [mem 0x0000000001000000-0x00000000ffffffff]
Mar  9 09:16:11 aascedu kernel:   Normal   [mem 0x0000000100000000-0x000000023fffffff]
Mar  9 09:16:11 aascedu kernel: Movable zone start for each node
Mar  9 09:16:11 aascedu kernel: Early memory node ranges
Mar  9 09:16:11 aascedu kernel:   node   0: [mem 0x0000000000001000-0x000000000009efff]
Mar  9 09:16:11 aascedu kernel:   node   0: [mem 0x0000000000100000-0x00000000bffdffff]
Mar  9 09:16:11 aascedu kernel:   node   0: [mem 0x0000000100000000-0x000000023fffffff]
Mar  9 09:16:11 aascedu kernel: Initmem setup node 0 [mem 0x0000000000001000-0x000000023fffffff]
Mar  9 09:16:11 aascedu kernel: On node 0, zone DMA: 1 pages in unavailable ranges
Mar  9 09:16:11 aascedu kernel: On node 0, zone DMA: 97 pages in unavailable ranges
Mar  9 09:16:11 aascedu kernel: On node 0, zone Normal: 32 pages in unavailable ranges
Mar  9 09:16:11 aascedu kernel: ACPI: PM-Timer IO Port: 0x608
Mar  9 09:16:11 aascedu kernel: ACPI: LAPIC_NMI (acpi_id[0xff] dfl dfl lint[0x1])
Mar  9 09:16:11 aascedu kernel: IOAPIC[0]: apic_id 0, version 17, address 0xfec00000, GSI 0-23
Mar  9 09:16:11 aascedu kernel: ACPI: INT_SRC_OVR (bus 0 bus_irq 0 global_irq 2 dfl dfl)
Mar  9 09:16:11 aascedu kernel: ACPI: INT_SRC_OVR (bus 0 bus_irq 5 global_irq 5 high level)
Mar  9 09:16:11 aascedu kernel: ACPI: INT_SRC_OVR (bus 0 bus_irq 9 global_irq 9 high level)
Mar  9 09:16:11 aascedu kernel: ACPI: INT_SRC_OVR (bus 0 bus_irq 10 global_irq 10 high level)
Mar  9 09:16:11 aascedu kernel: ACPI: INT_SRC_OVR (bus 0 bus_irq 11 global_irq 11 high level)
Mar  9 09:16:11 aascedu kernel: ACPI: Using ACPI (MADT) for SMP configuration information
Mar  9 09:16:11 aascedu kernel: ACPI: HPET id: 0x8086a201 base: 0xfed00000
Mar  9 09:16:11 aascedu kernel: TSC deadline timer available
Mar  9 09:16:11 aascedu kernel: CPU topo: Max. logical packages:   1
Mar  9 09:16:11 aascedu kernel: CPU topo: Max. logical dies:       1
Mar  9 09:16:11 aascedu kernel: CPU topo: Max. dies per package:   1
Mar  9 09:16:11 aascedu kernel: CPU topo: Max. threads per core:   1
Mar  9 09:16:11 aascedu kernel: CPU topo: Num. cores per package:    20
Mar  9 09:16:11 aascedu kernel: CPU topo: Num. threads per package:  20
Mar  9 09:16:11 aascedu kernel: CPU topo: Allowing 20 present CPUs plus 0 hotplug CPUs
Mar  9 09:16:11 aascedu kernel: kvm-guest: APIC: eoi() replaced with kvm_guest_apic_eoi_write()
Mar  9 09:16:11 aascedu kernel: kvm-guest: KVM setup pv remote TLB flush
Mar  9 09:16:11 aascedu kernel: kvm-guest: setup PV sched yield
Mar  9 09:16:11 aascedu kernel: PM: hibernation: Registered nosave memory: [mem 0x00000000-0x00000fff]
Mar  9 09:16:11 aascedu kernel: PM: hibernation: Registered nosave memory: [mem 0x0009f000-0x000fffff]
Mar  9 09:16:11 aascedu kernel: PM: hibernation: Registered nosave memory: [mem 0xbffe0000-0xffffffff]
Mar  9 09:16:11 aascedu kernel: [mem 0xc0000000-0xfeffbfff] available for PCI devices
Mar  9 09:16:11 aascedu kernel: Booting paravirtualized kernel on KVM
Mar  9 09:16:11 aascedu kernel: clocksource: refined-jiffies: mask: 0xffffffff max_cycles: 0xffffffff, max_idle_ns: 1910969940391419 ns
Mar  9 09:16:11 aascedu kernel: setup_percpu: NR_CPUS:64 nr_cpumask_bits:20 nr_cpu_ids:20 nr_node_ids:1
Mar  9 09:16:11 aascedu kernel: percpu: Embedded 52 pages/cpu s172760 r8192 d32040 u262144
Mar  9 09:16:11 aascedu kernel: pcpu-alloc: s172760 r8192 d32040 u262144 alloc=1*2097152
Mar  9 09:16:11 aascedu kernel: pcpu-alloc: [0] 00 01 02 03 04 05 06 07 [0] 08 09 10 11 12 13 14 15 
Mar  9 09:16:11 aascedu kernel: pcpu-alloc: [0] 16 17 18 19 -- -- -- -- 
Mar  9 09:16:11 aascedu kernel: Kernel command line: BOOT_IMAGE=/vmlinuz-6.16.1-lfs-12.4 root=PARTUUID=88408a23-622f-46c6-96b4-4c40c536478e ro
Mar  9 09:16:11 aascedu kernel: Unknown kernel command line parameters "BOOT_IMAGE=/vmlinuz-6.16.1-lfs-12.4", will be passed to user space.
Mar  9 09:16:11 aascedu kernel: random: crng init done
Mar  9 09:16:11 aascedu kernel: printk: log buffer data + meta data: 262144 + 917504 = 1179648 bytes
Mar  9 09:16:11 aascedu kernel: Dentry cache hash table entries: 1048576 (order: 11, 8388608 bytes, linear)
Mar  9 09:16:11 aascedu kernel: Inode-cache hash table entries: 524288 (order: 10, 4194304 bytes, linear)
Mar  9 09:16:11 aascedu kernel: software IO TLB: area num 32.
Mar  9 09:16:11 aascedu kernel: Fallback order for Node 0: 0 
Mar  9 09:16:11 aascedu kernel: Built 1 zonelists, mobility grouping on.  Total pages: 2097022
Mar  9 09:16:11 aascedu kernel: Policy zone: Normal
Mar  9 09:16:11 aascedu kernel: mem auto-init: stack:all(zero), heap alloc:off, heap free:off
Mar  9 09:16:11 aascedu kernel: SLUB: HWalign=64, Order=0-3, MinObjects=0, CPUs=20, Nodes=1
Mar  9 09:16:11 aascedu kernel: Dynamic Preempt: voluntary
Mar  9 09:16:11 aascedu kernel: rcu: Preemptible hierarchical RCU implementation.
Mar  9 09:16:11 aascedu kernel: rcu: \x09RCU event tracing is enabled.
Mar  9 09:16:11 aascedu kernel: rcu: \x09RCU restricting CPUs from NR_CPUS=64 to nr_cpu_ids=20.
Mar  9 09:16:11 aascedu kernel: \x09Trampoline variant of Tasks RCU enabled.
Mar  9 09:16:11 aascedu kernel: \x09Tracing variant of Tasks RCU enabled.
Mar  9 09:16:11 aascedu kernel: rcu: RCU calculated value of scheduler-enlistment delay is 100 jiffies.
Mar  9 09:16:11 aascedu kernel: rcu: Adjusting geometry for rcu_fanout_leaf=16, nr_cpu_ids=20
Mar  9 09:16:11 aascedu kernel: RCU Tasks: Setting shift to 5 and lim to 1 rcu_task_cb_adjust=1 rcu_task_cpu_ids=20.
Mar  9 09:16:11 aascedu kernel: RCU Tasks Trace: Setting shift to 5 and lim to 1 rcu_task_cb_adjust=1 rcu_task_cpu_ids=20.
Mar  9 09:16:11 aascedu kernel: NR_IRQS: 4352, nr_irqs: 584, preallocated irqs: 16
Mar  9 09:16:11 aascedu kernel: rcu: srcu_init: Setting srcu_struct sizes based on contention.
Mar  9 09:16:11 aascedu kernel: Console: colour dummy device 80x25
Mar  9 09:16:11 aascedu kernel: printk: legacy console [tty0] enabled
Mar  9 09:16:11 aascedu kernel: ACPI: Core revision 20250404
Mar  9 09:16:11 aascedu kernel: clocksource: hpet: mask: 0xffffffff max_cycles: 0xffffffff, max_idle_ns: 19112604467 ns
Mar  9 09:16:11 aascedu kernel: APIC: Switch to symmetric I/O mode setup
Mar  9 09:16:11 aascedu kernel: x2apic enabled
Mar  9 09:16:11 aascedu kernel: APIC: Switched APIC routing to: physical x2apic
Mar  9 09:16:11 aascedu kernel: kvm-guest: APIC: send_IPI_mask() replaced with kvm_send_ipi_mask()
Mar  9 09:16:11 aascedu kernel: kvm-guest: APIC: send_IPI_mask_allbutself() replaced with kvm_send_ipi_mask_allbutself()
Mar  9 09:16:11 aascedu kernel: kvm-guest: setup PV IPIs
Mar  9 09:16:11 aascedu kernel: ..TIMER: vector=0x30 apic1=0 pin1=2 apic2=-1 pin2=-1
Mar  9 09:16:11 aascedu kernel: clocksource: tsc-early: mask: 0xffffffffffffffff max_cycles: 0x1e71785e5dd, max_idle_ns: 440795244814 ns
Mar  9 09:16:11 aascedu kernel: Calibrating delay loop (skipped) preset value.. 4224.00 BogoMIPS (lpj=2112000)
Mar  9 09:16:11 aascedu kernel: x86/cpu: User Mode Instruction Prevention (UMIP) activated
Mar  9 09:16:11 aascedu kernel: Last level iTLB entries: 4KB 0, 2MB 0, 4MB 0
Mar  9 09:16:11 aascedu kernel: Last level dTLB entries: 4KB 0, 2MB 0, 4MB 0, 1GB 0
Mar  9 09:16:11 aascedu kernel: Speculative Store Bypass: Mitigation: Speculative Store Bypass disabled via prctl
Mar  9 09:16:11 aascedu kernel: Spectre V2 : Mitigation: Enhanced / Automatic IBRS
Mar  9 09:16:11 aascedu kernel: ITS: Mitigation: Aligned branch/return thunks
Mar  9 09:16:11 aascedu kernel: Spectre V1 : Mitigation: usercopy/swapgs barriers and __user pointer sanitization
Mar  9 09:16:11 aascedu kernel: Spectre V2 : Spectre v2 / PBRSB-eIBRS: Retire a single CALL on VMEXIT
Mar  9 09:16:11 aascedu kernel: Spectre V2 : mitigation: Enabling conditional Indirect Branch Prediction Barrier
Mar  9 09:16:11 aascedu kernel: Spectre V2 : Spectre BHI mitigation: SW BHB clearing on syscall and VM exit
Mar  9 09:16:11 aascedu kernel: x86/fpu: Supporting XSAVE feature 0x001: 'x87 floating point registers'
Mar  9 09:16:11 aascedu kernel: x86/fpu: Supporting XSAVE feature 0x002: 'SSE registers'
Mar  9 09:16:11 aascedu kernel: x86/fpu: Supporting XSAVE feature 0x004: 'AVX registers'
Mar  9 09:16:11 aascedu kernel: x86/fpu: Supporting XSAVE feature 0x200: 'Protection Keys User registers'
Mar  9 09:16:11 aascedu kernel: x86/fpu: xstate_offset[2]:  576, xstate_sizes[2]:  256
Mar  9 09:16:11 aascedu kernel: x86/fpu: xstate_offset[9]:  832, xstate_sizes[9]:    8
Mar  9 09:16:11 aascedu kernel: x86/fpu: Enabled xstate features 0x207, context size is 840 bytes, using 'compacted' format.
Mar  9 09:16:11 aascedu kernel: Freeing SMP alternatives memory: 56K
Mar  9 09:16:11 aascedu kernel: pid_max: default: 32768 minimum: 301
Mar  9 09:16:11 aascedu kernel: LSM: initializing lsm=capability,selinux
Mar  9 09:16:11 aascedu kernel: SELinux:  Initializing.
Mar  9 09:16:11 aascedu kernel: Mount-cache hash table entries: 16384 (order: 5, 131072 bytes, linear)
Mar  9 09:16:11 aascedu kernel: Mountpoint-cache hash table entries: 16384 (order: 5, 131072 bytes, linear)
Mar  9 09:16:11 aascedu kernel: smpboot: CPU0: 12th Gen Intel(R) Core(TM) i7-12700 (family: 0x6, model: 0x97, stepping: 0x2)
Mar  9 09:16:11 aascedu kernel: Performance Events: Alderlake Hybrid events, full-width counters, Intel PMU driver.
Mar  9 09:16:11 aascedu kernel: core: cpu_core PMU driver: 
Mar  9 09:16:11 aascedu kernel: ... version:                2
Mar  9 09:16:11 aascedu kernel: ... bit width:              48
Mar  9 09:16:11 aascedu kernel: ... generic registers:      6
Mar  9 09:16:11 aascedu kernel: ... value mask:             0000ffffffffffff
Mar  9 09:16:11 aascedu kernel: ... max period:             00007fffffffffff
Mar  9 09:16:11 aascedu kernel: ... fixed-purpose events:   3
Mar  9 09:16:11 aascedu kernel: ... event mask:             000100070000003f
Mar  9 09:16:11 aascedu kernel: signal: max sigframe size: 3632
Mar  9 09:16:11 aascedu kernel: rcu: Hierarchical SRCU implementation.
Mar  9 09:16:11 aascedu kernel: rcu: \x09Max phase no-delay instances is 400.
Mar  9 09:16:11 aascedu kernel: Timer migration: 2 hierarchy levels; 8 children per group; 2 crossnode level
Mar  9 09:16:11 aascedu kernel: smp: Bringing up secondary CPUs ...
Mar  9 09:16:11 aascedu kernel: smpboot: x86: Booting SMP configuration:
Mar  9 09:16:11 aascedu kernel: .... node  #0, CPUs:        #1  #2  #3  #4  #5  #6  #7  #8  #9 #10 #11 #12 #13 #14 #15 #16 #17 #18 #19
Mar  9 09:16:11 aascedu kernel: smp: Brought up 1 node, 20 CPUs
Mar  9 09:16:11 aascedu kernel: smpboot: Total of 20 processors activated (84480.00 BogoMIPS)
Mar  9 09:16:11 aascedu kernel: Memory: 8121708K/8388088K available (18814K kernel code, 2901K rwdata, 7392K rodata, 2812K init, 968K bss, 255656K reserved, 0K cma-reserved)
Mar  9 09:16:11 aascedu kernel: devtmpfs: initialized
Mar  9 09:16:11 aascedu kernel: clocksource: jiffies: mask: 0xffffffff max_cycles: 0xffffffff, max_idle_ns: 1911260446275000 ns
Mar  9 09:16:11 aascedu kernel: posixtimers hash table entries: 16384 (order: 6, 262144 bytes, linear)
Mar  9 09:16:11 aascedu kernel: futex hash table entries: 8192 (524288 bytes on 1 NUMA nodes, total 512 KiB, linear).
Mar  9 09:16:11 aascedu kernel: PM: RTC time: 08:16:11, date: 2026-03-09
Mar  9 09:16:11 aascedu kernel: NET: Registered PF_NETLINK/PF_ROUTE protocol family
Mar  9 09:16:11 aascedu kernel: audit: initializing netlink subsys (disabled)
Mar  9 09:16:11 aascedu kernel: audit: type=2000 audit(1773044171.727:1): state=initialized audit_enabled=0 res=1
Mar  9 09:16:11 aascedu kernel: thermal_sys: Registered thermal governor 'step_wise'
Mar  9 09:16:11 aascedu kernel: cpuidle: using governor menu
Mar  9 09:16:11 aascedu kernel: PCI: Using configuration type 1 for base access
Mar  9 09:16:11 aascedu kernel: kprobes: kprobe jump-optimization is enabled. All kprobes are optimized if possible.
Mar  9 09:16:11 aascedu kernel: HugeTLB: allocation took 0ms with hugepage_allocation_threads=5
Mar  9 09:16:11 aascedu kernel: HugeTLB: registered 2.00 MiB page size, pre-allocated 0 pages
Mar  9 09:16:11 aascedu kernel: HugeTLB: 28 KiB vmemmap can be freed for a 2.00 MiB page
Mar  9 09:16:11 aascedu kernel: ACPI: Added _OSI(Module Device)
Mar  9 09:16:11 aascedu kernel: ACPI: Added _OSI(Processor Device)
Mar  9 09:16:11 aascedu kernel: ACPI: Added _OSI(Processor Aggregator Device)
Mar  9 09:16:11 aascedu kernel: ACPI: 1 ACPI AML tables successfully acquired and loaded
Mar  9 09:16:11 aascedu kernel: ACPI: Interpreter enabled
Mar  9 09:16:11 aascedu kernel: ACPI: PM: (supports S0 S3 S4 S5)
Mar  9 09:16:11 aascedu kernel: ACPI: Using IOAPIC for interrupt routing
Mar  9 09:16:11 aascedu kernel: PCI: Using host bridge windows from ACPI; if necessary, use "pci=nocrs" and report a bug
Mar  9 09:16:11 aascedu kernel: PCI: Using E820 reservations for host bridge windows
Mar  9 09:16:11 aascedu kernel: ACPI: Enabled 2 GPEs in block 00 to 0F
Mar  9 09:16:11 aascedu kernel: ACPI: PCI Root Bridge [PCI0] (domain 0000 [bus 00-ff])
Mar  9 09:16:11 aascedu kernel: acpi PNP0A03:00: _OSC: OS supports [ASPM ClockPM Segments MSI HPX-Type3]
Mar  9 09:16:11 aascedu kernel: acpi PNP0A03:00: _OSC: not requesting OS control; OS requires [ExtendedConfig ASPM ClockPM MSI]
Mar  9 09:16:11 aascedu kernel: acpi PNP0A03:00: fail to add MMCONFIG information, can't access extended configuration space under this bridge
Mar  9 09:16:11 aascedu kernel: PCI host bridge to bus 0000:00
Mar  9 09:16:11 aascedu kernel: pci_bus 0000:00: root bus resource [io  0x0000-0x0cf7 window]
Mar  9 09:16:11 aascedu kernel: pci_bus 0000:00: root bus resource [io  0x0d00-0xffff window]
Mar  9 09:16:11 aascedu kernel: pci_bus 0000:00: root bus resource [mem 0x000a0000-0x000bffff window]
Mar  9 09:16:11 aascedu kernel: pci_bus 0000:00: root bus resource [mem 0xc0000000-0xfebfffff window]
Mar  9 09:16:11 aascedu kernel: pci_bus 0000:00: root bus resource [mem 0x240000000-0x2bfffffff window]
Mar  9 09:16:11 aascedu kernel: pci_bus 0000:00: root bus resource [bus 00-ff]
Mar  9 09:16:11 aascedu kernel: pci 0000:00:00.0: [8086:1237] type 00 class 0x060000 conventional PCI endpoint
Mar  9 09:16:11 aascedu kernel: pci 0000:00:01.0: [8086:7000] type 00 class 0x060100 conventional PCI endpoint
Mar  9 09:16:11 aascedu kernel: pci 0000:00:01.1: [8086:7010] type 00 class 0x010180 conventional PCI endpoint
Mar  9 09:16:11 aascedu kernel: pci 0000:00:01.1: BAR 4 [io  0xc040-0xc04f]
Mar  9 09:16:11 aascedu kernel: pci 0000:00:01.1: BAR 0 [io  0x01f0-0x01f7]: legacy IDE quirk
Mar  9 09:16:11 aascedu kernel: pci 0000:00:01.1: BAR 1 [io  0x03f6]: legacy IDE quirk
Mar  9 09:16:11 aascedu kernel: pci 0000:00:01.1: BAR 2 [io  0x0170-0x0177]: legacy IDE quirk
Mar  9 09:16:11 aascedu kernel: pci 0000:00:01.1: BAR 3 [io  0x0376]: legacy IDE quirk
Mar  9 09:16:11 aascedu kernel: pci 0000:00:01.3: [8086:7113] type 00 class 0x068000 conventional PCI endpoint
Mar  9 09:16:11 aascedu kernel: pci 0000:00:01.3: quirk: [io  0x0600-0x063f] claimed by PIIX4 ACPI
Mar  9 09:16:11 aascedu kernel: pci 0000:00:01.3: quirk: [io  0x0700-0x070f] claimed by PIIX4 SMB
Mar  9 09:16:11 aascedu kernel: pci 0000:00:02.0: [1af4:1050] type 00 class 0x030000 conventional PCI endpoint
Mar  9 09:16:11 aascedu kernel: pci 0000:00:02.0: BAR 0 [mem 0xfe000000-0xfe7fffff pref]
Mar  9 09:16:11 aascedu kernel: pci 0000:00:02.0: BAR 2 [mem 0xfe800000-0xfe803fff 64bit pref]
Mar  9 09:16:11 aascedu kernel: pci 0000:00:02.0: BAR 4 [mem 0xfebb0000-0xfebb0fff]
Mar  9 09:16:11 aascedu kernel: pci 0000:00:02.0: ROM [mem 0xfeba0000-0xfebaffff pref]
Mar  9 09:16:11 aascedu kernel: pci 0000:00:02.0: Video device with shadowed ROM at [mem 0x000c0000-0x000dffff]
Mar  9 09:16:11 aascedu kernel: pci 0000:00:03.0: [8086:100e] type 00 class 0x020000 conventional PCI endpoint
Mar  9 09:16:11 aascedu kernel: pci 0000:00:03.0: BAR 0 [mem 0xfeb80000-0xfeb9ffff]
Mar  9 09:16:11 aascedu kernel: pci 0000:00:03.0: BAR 1 [io  0xc000-0xc03f]
Mar  9 09:16:11 aascedu kernel: pci 0000:00:03.0: ROM [mem 0xfeb00000-0xfeb7ffff pref]
Mar  9 09:16:11 aascedu kernel: ACPI: PCI: Interrupt link LNKA configured for IRQ 10
Mar  9 09:16:11 aascedu kernel: ACPI: PCI: Interrupt link LNKB configured for IRQ 10
Mar  9 09:16:11 aascedu kernel: ACPI: PCI: Interrupt link LNKC configured for IRQ 11
Mar  9 09:16:11 aascedu kernel: ACPI: PCI: Interrupt link LNKD configured for IRQ 11
Mar  9 09:16:11 aascedu kernel: ACPI: PCI: Interrupt link LNKS configured for IRQ 9
Mar  9 09:16:11 aascedu kernel: iommu: Default domain type: Translated
Mar  9 09:16:11 aascedu kernel: iommu: DMA domain TLB invalidation policy: lazy mode
Mar  9 09:16:11 aascedu kernel: SCSI subsystem initialized
Mar  9 09:16:11 aascedu kernel: libata version 3.00 loaded.
Mar  9 09:16:11 aascedu kernel: ACPI: bus type USB registered
Mar  9 09:16:11 aascedu kernel: usbcore: registered new interface driver usbfs
Mar  9 09:16:11 aascedu kernel: usbcore: registered new interface driver hub
Mar  9 09:16:11 aascedu kernel: usbcore: registered new device driver usb
Mar  9 09:16:11 aascedu kernel: pps_core: LinuxPPS API ver. 1 registered
Mar  9 09:16:11 aascedu kernel: pps_core: Software ver. 5.3.6 - Copyright 2005-2007 Rodolfo Giometti <giometti@linux.it>
Mar  9 09:16:11 aascedu kernel: PTP clock support registered
Mar  9 09:16:11 aascedu kernel: Advanced Linux Sound Architecture Driver Initialized.
Mar  9 09:16:11 aascedu kernel: NetLabel: Initializing
Mar  9 09:16:11 aascedu kernel: NetLabel:  domain hash size = 128
Mar  9 09:16:11 aascedu kernel: NetLabel:  protocols = UNLABELED CIPSOv4 CALIPSO
Mar  9 09:16:11 aascedu kernel: NetLabel:  unlabeled traffic allowed by default
Mar  9 09:16:11 aascedu kernel: PCI: Using ACPI for IRQ routing
Mar  9 09:16:11 aascedu kernel: PCI: pci_cache_line_size set to 64 bytes
Mar  9 09:16:11 aascedu kernel: e820: reserve RAM buffer [mem 0x0009fc00-0x0009ffff]
Mar  9 09:16:11 aascedu kernel: e820: reserve RAM buffer [mem 0xbffe0000-0xbfffffff]
Mar  9 09:16:11 aascedu kernel: pci 0000:00:02.0: vgaarb: setting as boot VGA device
Mar  9 09:16:11 aascedu kernel: pci 0000:00:02.0: vgaarb: bridge control possible
Mar  9 09:16:11 aascedu kernel: pci 0000:00:02.0: vgaarb: VGA device added: decodes=io+mem,owns=io+mem,locks=none
Mar  9 09:16:11 aascedu kernel: vgaarb: loaded
Mar  9 09:16:11 aascedu kernel: hpet0: at MMIO 0xfed00000, IRQs 2, 8, 0
Mar  9 09:16:11 aascedu kernel: hpet0: 3 comparators, 64-bit 100.000000 MHz counter
Mar  9 09:16:11 aascedu kernel: clocksource: Switched to clocksource kvm-clock
Mar  9 09:16:11 aascedu kernel: VFS: Disk quotas dquot_6.6.0
Mar  9 09:16:11 aascedu kernel: VFS: Dquot-cache hash table entries: 512 (order 0, 4096 bytes)
Mar  9 09:16:11 aascedu kernel: pnp: PnP ACPI init
Mar  9 09:16:11 aascedu kernel: pnp 00:02: [dma 2]
Mar  9 09:16:11 aascedu kernel: pnp: PnP ACPI: found 6 devices
Mar  9 09:16:11 aascedu kernel: clocksource: acpi_pm: mask: 0xffffff max_cycles: 0xffffff, max_idle_ns: 2085701024 ns
Mar  9 09:16:11 aascedu kernel: NET: Registered PF_INET protocol family
Mar  9 09:16:11 aascedu kernel: IP idents hash table entries: 131072 (order: 8, 1048576 bytes, linear)
Mar  9 09:16:11 aascedu kernel: tcp_listen_portaddr_hash hash table entries: 4096 (order: 4, 65536 bytes, linear)
Mar  9 09:16:11 aascedu kernel: Table-perturb hash table entries: 65536 (order: 6, 262144 bytes, linear)
Mar  9 09:16:11 aascedu kernel: TCP established hash table entries: 65536 (order: 7, 524288 bytes, linear)
Mar  9 09:16:11 aascedu kernel: TCP bind hash table entries: 65536 (order: 9, 2097152 bytes, linear)
Mar  9 09:16:11 aascedu kernel: TCP: Hash tables configured (established 65536 bind 65536)
Mar  9 09:16:11 aascedu kernel: UDP hash table entries: 4096 (order: 6, 262144 bytes, linear)
Mar  9 09:16:11 aascedu kernel: UDP-Lite hash table entries: 4096 (order: 6, 262144 bytes, linear)
Mar  9 09:16:11 aascedu kernel: NET: Registered PF_UNIX/PF_LOCAL protocol family
Mar  9 09:16:11 aascedu kernel: RPC: Registered named UNIX socket transport module.
Mar  9 09:16:11 aascedu kernel: RPC: Registered udp transport module.
Mar  9 09:16:11 aascedu kernel: RPC: Registered tcp transport module.
Mar  9 09:16:11 aascedu kernel: RPC: Registered tcp-with-tls transport module.
Mar  9 09:16:11 aascedu kernel: RPC: Registered tcp NFSv4.1 backchannel transport module.
Mar  9 09:16:11 aascedu kernel: pci_bus 0000:00: resource 4 [io  0x0000-0x0cf7 window]
Mar  9 09:16:11 aascedu kernel: pci_bus 0000:00: resource 5 [io  0x0d00-0xffff window]
Mar  9 09:16:11 aascedu kernel: pci_bus 0000:00: resource 6 [mem 0x000a0000-0x000bffff window]
Mar  9 09:16:11 aascedu kernel: pci_bus 0000:00: resource 7 [mem 0xc0000000-0xfebfffff window]
Mar  9 09:16:11 aascedu kernel: pci_bus 0000:00: resource 8 [mem 0x240000000-0x2bfffffff window]
Mar  9 09:16:11 aascedu kernel: pci 0000:00:01.0: PIIX3: Enabling Passive Release
Mar  9 09:16:11 aascedu kernel: pci 0000:00:00.0: Limiting direct PCI/PCI transfers
Mar  9 09:16:11 aascedu kernel: PCI: CLS 0 bytes, default 64
Mar  9 09:16:11 aascedu kernel: PCI-DMA: Using software bounce buffering for IO (SWIOTLB)
Mar  9 09:16:11 aascedu kernel: software IO TLB: mapped [mem 0x00000000bbfe0000-0x00000000bffe0000] (64MB)
Mar  9 09:16:11 aascedu kernel: RAPL PMU: API unit is 2^-32 Joules, 0 fixed counters, 10737418240 ms ovfl timer
Mar  9 09:16:11 aascedu kernel: clocksource: tsc: mask: 0xffffffffffffffff max_cycles: 0x1e71785e5dd, max_idle_ns: 440795244814 ns
Mar  9 09:16:11 aascedu kernel: Initialise system trusted keyrings
Mar  9 09:16:11 aascedu kernel: workingset: timestamp_bits=40 max_order=21 bucket_order=0
Mar  9 09:16:11 aascedu kernel: NFS: Registering the id_resolver key type
Mar  9 09:16:11 aascedu kernel: Key type id_resolver registered
Mar  9 09:16:11 aascedu kernel: Key type id_legacy registered
Mar  9 09:16:11 aascedu kernel: 9p: Installing v9fs 9p2000 file system support
Mar  9 09:16:11 aascedu kernel: Key type asymmetric registered
Mar  9 09:16:11 aascedu kernel: Asymmetric key parser 'x509' registered
Mar  9 09:16:11 aascedu kernel: Block layer SCSI generic (bsg) driver version 0.4 loaded (major 251)
Mar  9 09:16:11 aascedu kernel: io scheduler mq-deadline registered
Mar  9 09:16:11 aascedu kernel: io scheduler kyber registered
Mar  9 09:16:11 aascedu kernel: input: Power Button as /devices/LNXSYSTM:00/LNXPWRBN:00/input/input0
Mar  9 09:16:11 aascedu kernel: ACPI: button: Power Button [PWRF]
Mar  9 09:16:11 aascedu kernel: ACPI: \x5c_SB_.LNKB: Enabled at IRQ 10
Mar  9 09:16:11 aascedu kernel: Serial: 8250/16550 driver, 4 ports, IRQ sharing enabled
Mar  9 09:16:11 aascedu kernel: 00:04: ttyS0 at I/O 0x3f8 (irq = 4, base_baud = 115200) is a 16550A
Mar  9 09:16:11 aascedu kernel: Non-volatile memory driver v1.3
Mar  9 09:16:11 aascedu kernel: Linux agpgart interface v0.103
Mar  9 09:16:11 aascedu kernel: ACPI: bus type drm_connector registered
Mar  9 09:16:11 aascedu kernel: [drm] pci: virtio-vga detected at 0000:00:02.0
Mar  9 09:16:11 aascedu kernel: virtio-pci 0000:00:02.0: vgaarb: deactivate vga console
Mar  9 09:16:11 aascedu kernel: [drm] features: -virgl +edid -resource_blob -host_visible
Mar  9 09:16:11 aascedu kernel: [drm] features: -context_init
Mar  9 09:16:11 aascedu kernel: [drm] number of scanouts: 1
Mar  9 09:16:11 aascedu kernel: [drm] number of cap sets: 0
Mar  9 09:16:11 aascedu kernel: virtio-pci 0000:00:02.0: [drm] Registered 1 planes with drm panic
Mar  9 09:16:11 aascedu kernel: [drm] Initialized virtio_gpu 0.1.0 for 0000:00:02.0 on minor 0
Mar  9 09:16:11 aascedu kernel: fbcon: virtio_gpudrmfb (fb0) is primary device
Mar  9 09:16:11 aascedu kernel: Console: switching to colour frame buffer device 80x30
Mar  9 09:16:11 aascedu kernel: virtio-pci 0000:00:02.0: [drm] fb0: virtio_gpudrmfb frame buffer device
Mar  9 09:16:11 aascedu kernel: loop: module loaded
Mar  9 09:16:11 aascedu kernel: scsi host0: ata_piix
Mar  9 09:16:11 aascedu kernel: scsi host1: ata_piix
Mar  9 09:16:11 aascedu kernel: ata1: PATA max MWDMA2 cmd 0x1f0 ctl 0x3f6 bmdma 0xc040 irq 14 lpm-pol 0
Mar  9 09:16:11 aascedu kernel: ata2: PATA max MWDMA2 cmd 0x170 ctl 0x376 bmdma 0xc048 irq 15 lpm-pol 0
Mar  9 09:16:11 aascedu kernel: e100: Intel(R) PRO/100 Network Driver
Mar  9 09:16:11 aascedu kernel: e100: Copyright(c) 1999-2006 Intel Corporation
Mar  9 09:16:11 aascedu kernel: e1000: Intel(R) PRO/1000 Network Driver
Mar  9 09:16:11 aascedu kernel: e1000: Copyright (c) 1999-2006 Intel Corporation.
Mar  9 09:16:11 aascedu kernel: ACPI: \x5c_SB_.LNKC: Enabled at IRQ 11
Mar  9 09:16:11 aascedu kernel: ata2: found unknown device (class 0)
Mar  9 09:16:11 aascedu kernel: ata1: found unknown device (class 0)
Mar  9 09:16:11 aascedu kernel: ata2.00: ATAPI: QEMU DVD-ROM, 2.5+, max UDMA/100
Mar  9 09:16:11 aascedu kernel: ata1.00: ATA-7: QEMU HARDDISK, 2.5+, max UDMA/100
Mar  9 09:16:11 aascedu kernel: ata1.00: 83886080 sectors, multi 16: LBA48 
Mar  9 09:16:11 aascedu kernel: scsi 0:0:0:0: Direct-Access     ATA      QEMU HARDDISK    2.5+ PQ: 0 ANSI: 5
Mar  9 09:16:11 aascedu kernel: sd 0:0:0:0: [sda] 83886080 512-byte logical blocks: (42.9 GB/40.0 GiB)
Mar  9 09:16:11 aascedu kernel: sd 0:0:0:0: Attached scsi generic sg0 type 0
Mar  9 09:16:11 aascedu kernel: sd 0:0:0:0: [sda] Write Protect is off
Mar  9 09:16:11 aascedu kernel: sd 0:0:0:0: [sda] Mode Sense: 00 3a 00 00
Mar  9 09:16:11 aascedu kernel: sd 0:0:0:0: [sda] Write cache: enabled, read cache: enabled, doesn't support DPO or FUA
Mar  9 09:16:11 aascedu kernel: scsi 1:0:0:0: CD-ROM            QEMU     QEMU DVD-ROM     2.5+ PQ: 0 ANSI: 5
Mar  9 09:16:11 aascedu kernel: sd 0:0:0:0: [sda] Preferred minimum I/O size 512 bytes
Mar  9 09:16:11 aascedu kernel:  sda: sda1 sda3 sda4 sda5
Mar  9 09:16:11 aascedu kernel: sd 0:0:0:0: [sda] Attached SCSI disk
Mar  9 09:16:11 aascedu kernel: sr 1:0:0:0: [sr0] scsi3-mmc drive: 4x/4x cd/rw xa/form2 tray
Mar  9 09:16:11 aascedu kernel: cdrom: Uniform CD-ROM driver Revision: 3.20
Mar  9 09:16:11 aascedu kernel: sr 1:0:0:0: Attached scsi CD-ROM sr0
Mar  9 09:16:11 aascedu kernel: sr 1:0:0:0: Attached scsi generic sg1 type 5
Mar  9 09:16:11 aascedu kernel: e1000 0000:00:03.0 eth0: (PCI:33MHz:32-bit) 52:54:00:12:34:56
Mar  9 09:16:11 aascedu kernel: e1000 0000:00:03.0 eth0: Intel(R) PRO/1000 Network Connection
Mar  9 09:16:11 aascedu kernel: e1000e: Intel(R) PRO/1000 Network Driver
Mar  9 09:16:11 aascedu kernel: e1000e: Copyright(c) 1999 - 2015 Intel Corporation.
Mar  9 09:16:11 aascedu kernel: sky2: driver version 1.30
Mar  9 09:16:11 aascedu kernel: usbcore: registered new interface driver usblp
Mar  9 09:16:11 aascedu kernel: usbcore: registered new interface driver usb-storage
Mar  9 09:16:11 aascedu kernel: i8042: PNP: PS/2 Controller [PNP0303:KBD,PNP0f13:MOU] at 0x60,0x64 irq 1,12
Mar  9 09:16:11 aascedu kernel: serio: i8042 KBD port at 0x60,0x64 irq 1
Mar  9 09:16:11 aascedu kernel: serio: i8042 AUX port at 0x60,0x64 irq 12
Mar  9 09:16:11 aascedu kernel: input: AT Translated Set 2 keyboard as /devices/platform/i8042/serio0/input/input1
Mar  9 09:16:11 aascedu kernel: rtc_cmos 00:05: RTC can wake from S4
Mar  9 09:16:11 aascedu kernel: rtc_cmos 00:05: registered as rtc0
Mar  9 09:16:11 aascedu kernel: rtc_cmos 00:05: alarms up to one day, y3k, 242 bytes nvram, hpet irqs
Mar  9 09:16:11 aascedu kernel: device-mapper: ioctl: 4.50.0-ioctl (2025-04-28) initialised: dm-devel@lists.linux.dev
Mar  9 09:16:11 aascedu kernel: intel_pstate: CPU model not supported
Mar  9 09:16:11 aascedu kernel: hid: raw HID events driver (C) Jiri Kosina
Mar  9 09:16:11 aascedu kernel: usbcore: registered new interface driver usbhid
Mar  9 09:16:11 aascedu kernel: usbhid: USB HID core driver
Mar  9 09:16:11 aascedu kernel: Initializing XFRM netlink socket
Mar  9 09:16:11 aascedu kernel: NET: Registered PF_INET6 protocol family
Mar  9 09:16:11 aascedu kernel: Segment Routing with IPv6
Mar  9 09:16:11 aascedu kernel: In-situ OAM (IOAM) with IPv6
Mar  9 09:16:11 aascedu kernel: sit: IPv6, IPv4 and MPLS over IPv4 tunneling driver
Mar  9 09:16:11 aascedu kernel: NET: Registered PF_PACKET protocol family
Mar  9 09:16:11 aascedu kernel: 9pnet: Installing 9P2000 support
Mar  9 09:16:11 aascedu kernel: Key type dns_resolver registered
Mar  9 09:16:11 aascedu kernel: IPI shorthand broadcast: enabled
Mar  9 09:16:11 aascedu kernel: sched_clock: Marking stable (467001679, 398866)->(468247192, -846647)
Mar  9 09:16:11 aascedu kernel: registered taskstats version 1
Mar  9 09:16:11 aascedu kernel: Loading compiled-in X.509 certificates
Mar  9 09:16:11 aascedu kernel: Demotion targets for Node 0: null
Mar  9 09:16:11 aascedu kernel: PM:   Magic number: 2:224:270
Mar  9 09:16:11 aascedu kernel: netconsole: network logging started
Mar  9 09:16:11 aascedu kernel: cfg80211: Loading compiled-in X.509 certificates for regulatory database
Mar  9 09:16:11 aascedu kernel: kworker/u80:0 (159) used greatest stack depth: 13952 bytes left
Mar  9 09:16:11 aascedu kernel: Loaded X.509 cert 'sforshee: 00b28ddf47aef9cea7'
Mar  9 09:16:11 aascedu kernel: Loaded X.509 cert 'wens: 61c038651aabdcf94bd0ac7ff06c7248db18c600'
Mar  9 09:16:11 aascedu kernel: platform regulatory.0: Direct firmware load for regulatory.db failed with error -2
Mar  9 09:16:11 aascedu kernel: cfg80211: failed to load regulatory.db
Mar  9 09:16:11 aascedu kernel: ALSA device list:
Mar  9 09:16:11 aascedu kernel:   No soundcards found.
Mar  9 09:16:11 aascedu kernel: input: ImExPS/2 Generic Explorer Mouse as /devices/platform/i8042/serio1/input/input3
Mar  9 09:16:11 aascedu kernel: md: Waiting for all devices to be available before autodetect
Mar  9 09:16:11 aascedu kernel: md: If you don't use raid, use raid=noautodetect
Mar  9 09:16:11 aascedu kernel: md: Autodetecting RAID arrays.
Mar  9 09:16:11 aascedu kernel: md: autorun ...
Mar  9 09:16:11 aascedu kernel: md: ... autorun DONE.
Mar  9 09:16:11 aascedu kernel: EXT4-fs (sda5): INFO: recovery required on readonly filesystem
Mar  9 09:16:11 aascedu kernel: EXT4-fs (sda5): write access will be enabled during recovery
Mar  9 09:16:11 aascedu kernel: EXT4-fs (sda5): recovery complete
Mar  9 09:16:11 aascedu kernel: EXT4-fs (sda5): mounted filesystem b4d7eb2a-b4ac-4ed8-99e4-9064ea766d25 ro with ordered data mode. Quota mode: none.
Mar  9 09:16:11 aascedu kernel: VFS: Mounted root (ext4 filesystem) readonly on device 8:5.
Mar  9 09:16:11 aascedu kernel: devtmpfs: mounted
Mar  9 09:16:11 aascedu kernel: Freeing unused kernel image (initmem) memory: 2812K
Mar  9 09:16:11 aascedu kernel: Write protecting the kernel read-only data: 28672k
Mar  9 09:16:11 aascedu kernel: Freeing unused kernel image (text/rodata gap) memory: 1664K
Mar  9 09:16:11 aascedu kernel: Freeing unused kernel image (rodata/data gap) memory: 800K
Mar  9 09:16:11 aascedu kernel: x86/mm: Checked W+X mappings: passed, no W+X pages found.
Mar  9 09:16:11 aascedu kernel: Run /sbin/init as init process
Mar  9 09:16:11 aascedu kernel:   with arguments:
Mar  9 09:16:11 aascedu kernel:     /sbin/init
Mar  9 09:16:11 aascedu kernel:   with environment:
Mar  9 09:16:11 aascedu kernel:     HOME=/
Mar  9 09:16:11 aascedu kernel:     TERM=linux
Mar  9 09:16:11 aascedu kernel:     BOOT_IMAGE=/vmlinuz-6.16.1-lfs-12.4
Mar  9 09:16:11 aascedu kernel: stty (170) used greatest stack depth: 12328 bytes left
Mar  9 09:16:12 aascedu kernel: sed (188) used greatest stack depth: 12256 bytes left
Mar  9 09:16:12 aascedu kernel: e1000 0000:00:03.0 ens3: renamed from eth0
Mar  9 09:16:12 aascedu kernel: Adding 2097148k swap on /dev/sda4.  Priority:1 extents:1 across:2097148k 
Mar  9 09:16:12 aascedu kernel: EXT4-fs (sda5): re-mounted b4d7eb2a-b4ac-4ed8-99e4-9064ea766d25.
Mar  9 09:16:12 aascedu kernel: EXT4-fs (sda5): re-mounted b4d7eb2a-b4ac-4ed8-99e4-9064ea766d25 r/w.
Mar  9 09:16:12 aascedu kernel: EXT4-fs (sda3): mounting ext2 file system using the ext4 subsystem
Mar  9 09:16:12 aascedu kernel: EXT4-fs (sda3): mounted filesystem 625a4ecc-c41c-46bf-bba8-be9d697adec1 r/w without journal. Quota mode: none.
Mar  9 09:16:14 aascedu kernel: e1000: ens3 NIC Link is Up 1000 Mbps Full Duplex, Flow Control: RX
Mar  9 12:32:52 aascedu kernel: kworker/u80:3 (924) used greatest stack depth: 12040 bytes left
Mar  9 13:14:56 aascedu kernel: kworker/u80:3 (25349) used greatest stack depth: 11640 bytes left
Mar  9 13:20:24 aascedu kernel: kworker/u80:1 (25454) used greatest stack depth: 11592 bytes left
Mar  9 15:18:30 aascedu kernel: Linux version 6.16.1aascedu (root@aascedu) (gcc (GCC) 15.2.0, GNU ld (GNU Binutils) 2.45) #1 SMP PREEMPT_DYNAMIC Fri Mar  6 09:31:47 CET 2026
Mar  9 15:18:30 aascedu kernel: Command line: BOOT_IMAGE=/vmlinuz-6.16.1-aascedu root=PARTUUID=88408a23-622f-46c6-96b4-4c40c536478e ro
Mar  9 15:18:30 aascedu kernel: BIOS-provided physical RAM map:
Mar  9 15:18:30 aascedu kernel: BIOS-e820: [mem 0x0000000000000000-0x000000000009fbff] usable
Mar  9 15:18:30 aascedu kernel: BIOS-e820: [mem 0x000000000009fc00-0x000000000009ffff] reserved
Mar  9 15:18:30 aascedu kernel: BIOS-e820: [mem 0x00000000000f0000-0x00000000000fffff] reserved
Mar  9 15:18:30 aascedu kernel: BIOS-e820: [mem 0x0000000000100000-0x00000000bffdffff] usable
Mar  9 15:18:30 aascedu kernel: BIOS-e820: [mem 0x00000000bffe0000-0x00000000bfffffff] reserved
Mar  9 15:18:30 aascedu kernel: BIOS-e820: [mem 0x00000000feffc000-0x00000000feffffff] reserved
Mar  9 15:18:30 aascedu kernel: BIOS-e820: [mem 0x00000000fffc0000-0x00000000ffffffff] reserved
Mar  9 15:18:30 aascedu kernel: BIOS-e820: [mem 0x0000000100000000-0x000000023fffffff] usable
Mar  9 15:18:30 aascedu kernel: NX (Execute Disable) protection: active
Mar  9 15:18:30 aascedu kernel: APIC: Static calls initialized
Mar  9 15:18:30 aascedu kernel: SMBIOS 2.8 present.
Mar  9 15:18:30 aascedu kernel: DMI: QEMU Standard PC (i440FX + PIIX, 1996), BIOS 1.15.0-1 04/01/2014
Mar  9 15:18:30 aascedu kernel: DMI: Memory slots populated: 1/1
Mar  9 15:18:30 aascedu kernel: Hypervisor detected: KVM
Mar  9 15:18:30 aascedu kernel: kvm-clock: Using msrs 4b564d01 and 4b564d00
Mar  9 15:18:30 aascedu kernel: kvm-clock: using sched offset of 3157012705 cycles
Mar  9 15:18:30 aascedu kernel: clocksource: kvm-clock: mask: 0xffffffffffffffff max_cycles: 0x1cd42e4dffb, max_idle_ns: 881590591483 ns
Mar  9 15:18:30 aascedu kernel: tsc: Detected 2112.000 MHz processor
Mar  9 15:18:30 aascedu kernel: e820: update [mem 0x00000000-0x00000fff] usable ==> reserved
Mar  9 15:18:30 aascedu kernel: e820: remove [mem 0x000a0000-0x000fffff] usable
Mar  9 15:18:30 aascedu kernel: last_pfn = 0x240000 max_arch_pfn = 0x400000000
Mar  9 15:18:30 aascedu kernel: MTRR map: 4 entries (3 fixed + 1 variable; max 19), built from 8 variable MTRRs
Mar  9 15:18:30 aascedu kernel: x86/PAT: Configuration [0-7]: WB  WC  UC- UC  WB  WP  UC- WT  
Mar  9 15:18:30 aascedu kernel: last_pfn = 0xbffe0 max_arch_pfn = 0x400000000
Mar  9 15:18:30 aascedu kernel: found SMP MP-table at [mem 0x000f5b90-0x000f5b9f]
Mar  9 15:18:30 aascedu kernel: Using GB pages for direct mapping
Mar  9 15:18:30 aascedu kernel: ACPI: Early table checksum verification disabled
Mar  9 15:18:30 aascedu kernel: ACPI: RSDP 0x00000000000F59B0 000014 (v00 BOCHS )
Mar  9 15:18:30 aascedu kernel: ACPI: RSDT 0x00000000BFFE1FFD 000034 (v01 BOCHS  BXPC     00000001 BXPC 00000001)
Mar  9 15:18:30 aascedu kernel: ACPI: FACP 0x00000000BFFE1E19 000074 (v01 BOCHS  BXPC     00000001 BXPC 00000001)
Mar  9 15:18:30 aascedu kernel: ACPI: DSDT 0x00000000BFFE0040 001DD9 (v01 BOCHS  BXPC     00000001 BXPC 00000001)
Mar  9 15:18:30 aascedu kernel: ACPI: FACS 0x00000000BFFE0000 000040
Mar  9 15:18:30 aascedu kernel: ACPI: APIC 0x00000000BFFE1E8D 000110 (v01 BOCHS  BXPC     00000001 BXPC 00000001)
Mar  9 15:18:30 aascedu kernel: ACPI: HPET 0x00000000BFFE1F9D 000038 (v01 BOCHS  BXPC     00000001 BXPC 00000001)
Mar  9 15:18:30 aascedu kernel: ACPI: WAET 0x00000000BFFE1FD5 000028 (v01 BOCHS  BXPC     00000001 BXPC 00000001)
Mar  9 15:18:30 aascedu kernel: ACPI: Reserving FACP table memory at [mem 0xbffe1e19-0xbffe1e8c]
Mar  9 15:18:30 aascedu kernel: ACPI: Reserving DSDT table memory at [mem 0xbffe0040-0xbffe1e18]
Mar  9 15:18:30 aascedu kernel: ACPI: Reserving FACS table memory at [mem 0xbffe0000-0xbffe003f]
Mar  9 15:18:30 aascedu kernel: ACPI: Reserving APIC table memory at [mem 0xbffe1e8d-0xbffe1f9c]
Mar  9 15:18:30 aascedu kernel: ACPI: Reserving HPET table memory at [mem 0xbffe1f9d-0xbffe1fd4]
Mar  9 15:18:30 aascedu kernel: ACPI: Reserving WAET table memory at [mem 0xbffe1fd5-0xbffe1ffc]
Mar  9 15:18:30 aascedu kernel: No NUMA configuration found
Mar  9 15:18:30 aascedu kernel: Faking a node at [mem 0x0000000000000000-0x000000023fffffff]
Mar  9 15:18:30 aascedu kernel: NODE_DATA(0) allocated [mem 0x23fffc900-0x23fffffff]
Mar  9 15:18:30 aascedu kernel: Zone ranges:
Mar  9 15:18:30 aascedu kernel:   DMA      [mem 0x0000000000001000-0x0000000000ffffff]
Mar  9 15:18:30 aascedu kernel:   DMA32    [mem 0x0000000001000000-0x00000000ffffffff]
Mar  9 15:18:30 aascedu kernel:   Normal   [mem 0x0000000100000000-0x000000023fffffff]
Mar  9 15:18:30 aascedu kernel: Movable zone start for each node
Mar  9 15:18:30 aascedu kernel: Early memory node ranges
Mar  9 15:18:30 aascedu kernel:   node   0: [mem 0x0000000000001000-0x000000000009efff]
Mar  9 15:18:30 aascedu kernel:   node   0: [mem 0x0000000000100000-0x00000000bffdffff]
Mar  9 15:18:30 aascedu kernel:   node   0: [mem 0x0000000100000000-0x000000023fffffff]
Mar  9 15:18:30 aascedu kernel: Initmem setup node 0 [mem 0x0000000000001000-0x000000023fffffff]
Mar  9 15:18:30 aascedu kernel: On node 0, zone DMA: 1 pages in unavailable ranges
Mar  9 15:18:30 aascedu kernel: On node 0, zone DMA: 97 pages in unavailable ranges
Mar  9 15:18:30 aascedu kernel: On node 0, zone Normal: 32 pages in unavailable ranges
Mar  9 15:18:30 aascedu kernel: ACPI: PM-Timer IO Port: 0x608
Mar  9 15:18:30 aascedu kernel: ACPI: LAPIC_NMI (acpi_id[0xff] dfl dfl lint[0x1])
Mar  9 15:18:30 aascedu kernel: IOAPIC[0]: apic_id 0, version 17, address 0xfec00000, GSI 0-23
Mar  9 15:18:30 aascedu kernel: ACPI: INT_SRC_OVR (bus 0 bus_irq 0 global_irq 2 dfl dfl)
Mar  9 15:18:30 aascedu kernel: ACPI: INT_SRC_OVR (bus 0 bus_irq 5 global_irq 5 high level)
Mar  9 15:18:30 aascedu kernel: ACPI: INT_SRC_OVR (bus 0 bus_irq 9 global_irq 9 high level)
Mar  9 15:18:30 aascedu kernel: ACPI: INT_SRC_OVR (bus 0 bus_irq 10 global_irq 10 high level)
Mar  9 15:18:30 aascedu kernel: ACPI: INT_SRC_OVR (bus 0 bus_irq 11 global_irq 11 high level)
Mar  9 15:18:30 aascedu kernel: ACPI: Using ACPI (MADT) for SMP configuration information
Mar  9 15:18:30 aascedu kernel: ACPI: HPET id: 0x8086a201 base: 0xfed00000
Mar  9 15:18:30 aascedu kernel: TSC deadline timer available
Mar  9 15:18:30 aascedu kernel: CPU topo: Max. logical packages:   1
Mar  9 15:18:30 aascedu kernel: CPU topo: Max. logical dies:       1
Mar  9 15:18:30 aascedu kernel: CPU topo: Max. dies per package:   1
Mar  9 15:18:30 aascedu kernel: CPU topo: Max. threads per core:   1
Mar  9 15:18:30 aascedu kernel: CPU topo: Num. cores per package:    20
Mar  9 15:18:30 aascedu kernel: CPU topo: Num. threads per package:  20
Mar  9 15:18:30 aascedu kernel: CPU topo: Allowing 20 present CPUs plus 0 hotplug CPUs
Mar  9 15:18:30 aascedu kernel: kvm-guest: APIC: eoi() replaced with kvm_guest_apic_eoi_write()
Mar  9 15:18:30 aascedu kernel: kvm-guest: KVM setup pv remote TLB flush
Mar  9 15:18:30 aascedu kernel: kvm-guest: setup PV sched yield
Mar  9 15:18:30 aascedu kernel: PM: hibernation: Registered nosave memory: [mem 0x00000000-0x00000fff]
Mar  9 15:18:30 aascedu kernel: PM: hibernation: Registered nosave memory: [mem 0x0009f000-0x000fffff]
Mar  9 15:18:30 aascedu kernel: PM: hibernation: Registered nosave memory: [mem 0xbffe0000-0xffffffff]
Mar  9 15:18:30 aascedu kernel: [mem 0xc0000000-0xfeffbfff] available for PCI devices
Mar  9 15:18:30 aascedu kernel: Booting paravirtualized kernel on KVM
Mar  9 15:18:30 aascedu kernel: clocksource: refined-jiffies: mask: 0xffffffff max_cycles: 0xffffffff, max_idle_ns: 1910969940391419 ns
Mar  9 15:18:30 aascedu kernel: setup_percpu: NR_CPUS:64 nr_cpumask_bits:20 nr_cpu_ids:20 nr_node_ids:1
Mar  9 15:18:30 aascedu kernel: percpu: Embedded 52 pages/cpu s172760 r8192 d32040 u262144
Mar  9 15:18:30 aascedu kernel: pcpu-alloc: s172760 r8192 d32040 u262144 alloc=1*2097152
Mar  9 15:18:30 aascedu kernel: pcpu-alloc: [0] 00 01 02 03 04 05 06 07 [0] 08 09 10 11 12 13 14 15 
Mar  9 15:18:30 aascedu kernel: pcpu-alloc: [0] 16 17 18 19 -- -- -- -- 
Mar  9 15:18:30 aascedu kernel: Kernel command line: BOOT_IMAGE=/vmlinuz-6.16.1-aascedu root=PARTUUID=88408a23-622f-46c6-96b4-4c40c536478e ro
Mar  9 15:18:30 aascedu kernel: Unknown kernel command line parameters "BOOT_IMAGE=/vmlinuz-6.16.1-aascedu", will be passed to user space.
Mar  9 15:18:30 aascedu kernel: random: crng init done
Mar  9 15:18:30 aascedu kernel: printk: log buffer data + meta data: 262144 + 917504 = 1179648 bytes
Mar  9 15:18:30 aascedu kernel: Dentry cache hash table entries: 1048576 (order: 11, 8388608 bytes, linear)
Mar  9 15:18:30 aascedu kernel: Inode-cache hash table entries: 524288 (order: 10, 4194304 bytes, linear)
Mar  9 15:18:30 aascedu kernel: software IO TLB: area num 32.
Mar  9 15:18:30 aascedu kernel: Fallback order for Node 0: 0 
Mar  9 15:18:30 aascedu kernel: Built 1 zonelists, mobility grouping on.  Total pages: 2097022
Mar  9 15:18:30 aascedu kernel: Policy zone: Normal
Mar  9 15:18:30 aascedu kernel: mem auto-init: stack:all(zero), heap alloc:off, heap free:off
Mar  9 15:18:30 aascedu kernel: SLUB: HWalign=64, Order=0-3, MinObjects=0, CPUs=20, Nodes=1
Mar  9 15:18:30 aascedu kernel: Dynamic Preempt: voluntary
Mar  9 15:18:30 aascedu kernel: rcu: Preemptible hierarchical RCU implementation.
Mar  9 15:18:30 aascedu kernel: rcu: \x09RCU event tracing is enabled.
Mar  9 15:18:30 aascedu kernel: rcu: \x09RCU restricting CPUs from NR_CPUS=64 to nr_cpu_ids=20.
Mar  9 15:18:30 aascedu kernel: \x09Trampoline variant of Tasks RCU enabled.
Mar  9 15:18:30 aascedu kernel: \x09Tracing variant of Tasks RCU enabled.
Mar  9 15:18:30 aascedu kernel: rcu: RCU calculated value of scheduler-enlistment delay is 100 jiffies.
Mar  9 15:18:30 aascedu kernel: rcu: Adjusting geometry for rcu_fanout_leaf=16, nr_cpu_ids=20
Mar  9 15:18:30 aascedu kernel: RCU Tasks: Setting shift to 5 and lim to 1 rcu_task_cb_adjust=1 rcu_task_cpu_ids=20.
Mar  9 15:18:30 aascedu kernel: RCU Tasks Trace: Setting shift to 5 and lim to 1 rcu_task_cb_adjust=1 rcu_task_cpu_ids=20.
Mar  9 15:18:30 aascedu kernel: NR_IRQS: 4352, nr_irqs: 584, preallocated irqs: 16
Mar  9 15:18:30 aascedu kernel: rcu: srcu_init: Setting srcu_struct sizes based on contention.
Mar  9 15:18:30 aascedu kernel: Console: colour dummy device 80x25
Mar  9 15:18:30 aascedu kernel: printk: legacy console [tty0] enabled
Mar  9 15:18:30 aascedu kernel: ACPI: Core revision 20250404
Mar  9 15:18:30 aascedu kernel: clocksource: hpet: mask: 0xffffffff max_cycles: 0xffffffff, max_idle_ns: 19112604467 ns
Mar  9 15:18:30 aascedu kernel: APIC: Switch to symmetric I/O mode setup
Mar  9 15:18:30 aascedu kernel: x2apic enabled
Mar  9 15:18:30 aascedu kernel: APIC: Switched APIC routing to: physical x2apic
Mar  9 15:18:30 aascedu kernel: kvm-guest: APIC: send_IPI_mask() replaced with kvm_send_ipi_mask()
Mar  9 15:18:30 aascedu kernel: kvm-guest: APIC: send_IPI_mask_allbutself() replaced with kvm_send_ipi_mask_allbutself()
Mar  9 15:18:30 aascedu kernel: kvm-guest: setup PV IPIs
Mar  9 15:18:30 aascedu kernel: ..TIMER: vector=0x30 apic1=0 pin1=2 apic2=-1 pin2=-1
Mar  9 15:18:30 aascedu kernel: clocksource: tsc-early: mask: 0xffffffffffffffff max_cycles: 0x1e71785e5dd, max_idle_ns: 440795244814 ns
Mar  9 15:18:30 aascedu kernel: Calibrating delay loop (skipped) preset value.. 4224.00 BogoMIPS (lpj=2112000)
Mar  9 15:18:30 aascedu kernel: x86/cpu: User Mode Instruction Prevention (UMIP) activated
Mar  9 15:18:30 aascedu kernel: Last level iTLB entries: 4KB 0, 2MB 0, 4MB 0
Mar  9 15:18:30 aascedu kernel: Last level dTLB entries: 4KB 0, 2MB 0, 4MB 0, 1GB 0
Mar  9 15:18:30 aascedu kernel: Speculative Store Bypass: Mitigation: Speculative Store Bypass disabled via prctl
Mar  9 15:18:30 aascedu kernel: Spectre V2 : Mitigation: Enhanced / Automatic IBRS
Mar  9 15:18:30 aascedu kernel: ITS: Mitigation: Aligned branch/return thunks
Mar  9 15:18:30 aascedu kernel: Spectre V1 : Mitigation: usercopy/swapgs barriers and __user pointer sanitization
Mar  9 15:18:30 aascedu kernel: Spectre V2 : Spectre v2 / PBRSB-eIBRS: Retire a single CALL on VMEXIT
Mar  9 15:18:30 aascedu kernel: Spectre V2 : mitigation: Enabling conditional Indirect Branch Prediction Barrier
Mar  9 15:18:30 aascedu kernel: Spectre V2 : Spectre BHI mitigation: SW BHB clearing on syscall and VM exit
Mar  9 15:18:30 aascedu kernel: x86/fpu: Supporting XSAVE feature 0x001: 'x87 floating point registers'
Mar  9 15:18:30 aascedu kernel: x86/fpu: Supporting XSAVE feature 0x002: 'SSE registers'
Mar  9 15:18:30 aascedu kernel: x86/fpu: Supporting XSAVE feature 0x004: 'AVX registers'
Mar  9 15:18:30 aascedu kernel: x86/fpu: Supporting XSAVE feature 0x200: 'Protection Keys User registers'
Mar  9 15:18:30 aascedu kernel: x86/fpu: xstate_offset[2]:  576, xstate_sizes[2]:  256
Mar  9 15:18:30 aascedu kernel: x86/fpu: xstate_offset[9]:  832, xstate_sizes[9]:    8
Mar  9 15:18:30 aascedu kernel: x86/fpu: Enabled xstate features 0x207, context size is 840 bytes, using 'compacted' format.
Mar  9 15:18:30 aascedu kernel: Freeing SMP alternatives memory: 56K
Mar  9 15:18:30 aascedu kernel: pid_max: default: 32768 minimum: 301
Mar  9 15:18:30 aascedu kernel: LSM: initializing lsm=capability,selinux
Mar  9 15:18:30 aascedu kernel: SELinux:  Initializing.
Mar  9 15:18:30 aascedu kernel: Mount-cache hash table entries: 16384 (order: 5, 131072 bytes, linear)
Mar  9 15:18:30 aascedu kernel: Mountpoint-cache hash table entries: 16384 (order: 5, 131072 bytes, linear)
Mar  9 15:18:30 aascedu kernel: smpboot: CPU0: 12th Gen Intel(R) Core(TM) i7-12700 (family: 0x6, model: 0x97, stepping: 0x2)
Mar  9 15:18:30 aascedu kernel: Performance Events: Alderlake Hybrid events, full-width counters, Intel PMU driver.
Mar  9 15:18:30 aascedu kernel: core: cpu_core PMU driver: 
Mar  9 15:18:30 aascedu kernel: ... version:                2
Mar  9 15:18:30 aascedu kernel: ... bit width:              48
Mar  9 15:18:30 aascedu kernel: ... generic registers:      6
Mar  9 15:18:30 aascedu kernel: ... value mask:             0000ffffffffffff
Mar  9 15:18:30 aascedu kernel: ... max period:             00007fffffffffff
Mar  9 15:18:30 aascedu kernel: ... fixed-purpose events:   3
Mar  9 15:18:30 aascedu kernel: ... event mask:             000100070000003f
Mar  9 15:18:30 aascedu kernel: signal: max sigframe size: 3632
Mar  9 15:18:30 aascedu kernel: rcu: Hierarchical SRCU implementation.
Mar  9 15:18:30 aascedu kernel: rcu: \x09Max phase no-delay instances is 400.
Mar  9 15:18:30 aascedu kernel: Timer migration: 2 hierarchy levels; 8 children per group; 2 crossnode level
Mar  9 15:18:30 aascedu kernel: smp: Bringing up secondary CPUs ...
Mar  9 15:18:30 aascedu kernel: smpboot: x86: Booting SMP configuration:
Mar  9 15:18:30 aascedu kernel: .... node  #0, CPUs:        #1  #2  #3  #4  #5  #6  #7  #8  #9 #10 #11 #12 #13 #14 #15 #16 #17 #18 #19
Mar  9 15:18:30 aascedu kernel: smp: Brought up 1 node, 20 CPUs
Mar  9 15:18:30 aascedu kernel: smpboot: Total of 20 processors activated (84480.00 BogoMIPS)
Mar  9 15:18:30 aascedu kernel: Memory: 8121708K/8388088K available (18814K kernel code, 2901K rwdata, 7392K rodata, 2812K init, 968K bss, 255656K reserved, 0K cma-reserved)
Mar  9 15:18:30 aascedu kernel: devtmpfs: initialized
Mar  9 15:18:30 aascedu kernel: clocksource: jiffies: mask: 0xffffffff max_cycles: 0xffffffff, max_idle_ns: 1911260446275000 ns
Mar  9 15:18:30 aascedu kernel: posixtimers hash table entries: 16384 (order: 6, 262144 bytes, linear)
Mar  9 15:18:30 aascedu kernel: futex hash table entries: 8192 (524288 bytes on 1 NUMA nodes, total 512 KiB, linear).
Mar  9 15:18:30 aascedu kernel: PM: RTC time: 14:18:30, date: 2026-03-09
Mar  9 15:18:30 aascedu kernel: NET: Registered PF_NETLINK/PF_ROUTE protocol family
Mar  9 15:18:30 aascedu kernel: audit: initializing netlink subsys (disabled)
Mar  9 15:18:30 aascedu kernel: audit: type=2000 audit(1773065911.244:1): state=initialized audit_enabled=0 res=1
Mar  9 15:18:30 aascedu kernel: thermal_sys: Registered thermal governor 'step_wise'
Mar  9 15:18:30 aascedu kernel: cpuidle: using governor menu
Mar  9 15:18:30 aascedu kernel: PCI: Using configuration type 1 for base access
Mar  9 15:18:30 aascedu kernel: kprobes: kprobe jump-optimization is enabled. All kprobes are optimized if possible.
Mar  9 15:18:30 aascedu kernel: HugeTLB: allocation took 0ms with hugepage_allocation_threads=5
Mar  9 15:18:30 aascedu kernel: HugeTLB: registered 2.00 MiB page size, pre-allocated 0 pages
Mar  9 15:18:30 aascedu kernel: HugeTLB: 28 KiB vmemmap can be freed for a 2.00 MiB page
Mar  9 15:18:30 aascedu kernel: ACPI: Added _OSI(Module Device)
Mar  9 15:18:30 aascedu kernel: ACPI: Added _OSI(Processor Device)
Mar  9 15:18:30 aascedu kernel: ACPI: Added _OSI(Processor Aggregator Device)
Mar  9 15:18:30 aascedu kernel: ACPI: 1 ACPI AML tables successfully acquired and loaded
Mar  9 15:18:30 aascedu kernel: ACPI: Interpreter enabled
Mar  9 15:18:30 aascedu kernel: ACPI: PM: (supports S0 S3 S4 S5)
Mar  9 15:18:30 aascedu kernel: ACPI: Using IOAPIC for interrupt routing
Mar  9 15:18:30 aascedu kernel: PCI: Using host bridge windows from ACPI; if necessary, use "pci=nocrs" and report a bug
Mar  9 15:18:30 aascedu kernel: PCI: Using E820 reservations for host bridge windows
Mar  9 15:18:30 aascedu kernel: ACPI: Enabled 2 GPEs in block 00 to 0F
Mar  9 15:18:30 aascedu kernel: ACPI: PCI Root Bridge [PCI0] (domain 0000 [bus 00-ff])
Mar  9 15:18:30 aascedu kernel: acpi PNP0A03:00: _OSC: OS supports [ASPM ClockPM Segments MSI HPX-Type3]
Mar  9 15:18:30 aascedu kernel: acpi PNP0A03:00: _OSC: not requesting OS control; OS requires [ExtendedConfig ASPM ClockPM MSI]
Mar  9 15:18:30 aascedu kernel: acpi PNP0A03:00: fail to add MMCONFIG information, can't access extended configuration space under this bridge
Mar  9 15:18:30 aascedu kernel: PCI host bridge to bus 0000:00
Mar  9 15:18:30 aascedu kernel: pci_bus 0000:00: root bus resource [io  0x0000-0x0cf7 window]
Mar  9 15:18:30 aascedu kernel: pci_bus 0000:00: root bus resource [io  0x0d00-0xffff window]
Mar  9 15:18:30 aascedu kernel: pci_bus 0000:00: root bus resource [mem 0x000a0000-0x000bffff window]
Mar  9 15:18:30 aascedu kernel: pci_bus 0000:00: root bus resource [mem 0xc0000000-0xfebfffff window]
Mar  9 15:18:30 aascedu kernel: pci_bus 0000:00: root bus resource [mem 0x240000000-0x2bfffffff window]
Mar  9 15:18:30 aascedu kernel: pci_bus 0000:00: root bus resource [bus 00-ff]
Mar  9 15:18:30 aascedu kernel: pci 0000:00:00.0: [8086:1237] type 00 class 0x060000 conventional PCI endpoint
Mar  9 15:18:30 aascedu kernel: pci 0000:00:01.0: [8086:7000] type 00 class 0x060100 conventional PCI endpoint
Mar  9 15:18:30 aascedu kernel: pci 0000:00:01.1: [8086:7010] type 00 class 0x010180 conventional PCI endpoint
Mar  9 15:18:30 aascedu kernel: pci 0000:00:01.1: BAR 4 [io  0xc040-0xc04f]
Mar  9 15:18:30 aascedu kernel: pci 0000:00:01.1: BAR 0 [io  0x01f0-0x01f7]: legacy IDE quirk
Mar  9 15:18:30 aascedu kernel: pci 0000:00:01.1: BAR 1 [io  0x03f6]: legacy IDE quirk
Mar  9 15:18:30 aascedu kernel: pci 0000:00:01.1: BAR 2 [io  0x0170-0x0177]: legacy IDE quirk
Mar  9 15:18:30 aascedu kernel: pci 0000:00:01.1: BAR 3 [io  0x0376]: legacy IDE quirk
Mar  9 15:18:30 aascedu kernel: pci 0000:00:01.3: [8086:7113] type 00 class 0x068000 conventional PCI endpoint
Mar  9 15:18:30 aascedu kernel: pci 0000:00:01.3: quirk: [io  0x0600-0x063f] claimed by PIIX4 ACPI
Mar  9 15:18:30 aascedu kernel: pci 0000:00:01.3: quirk: [io  0x0700-0x070f] claimed by PIIX4 SMB
Mar  9 15:18:30 aascedu kernel: pci 0000:00:02.0: [1af4:1050] type 00 class 0x030000 conventional PCI endpoint
Mar  9 15:18:30 aascedu kernel: pci 0000:00:02.0: BAR 0 [mem 0xfe000000-0xfe7fffff pref]
Mar  9 15:18:30 aascedu kernel: pci 0000:00:02.0: BAR 2 [mem 0xfe800000-0xfe803fff 64bit pref]
Mar  9 15:18:30 aascedu kernel: pci 0000:00:02.0: BAR 4 [mem 0xfebb0000-0xfebb0fff]
Mar  9 15:18:30 aascedu kernel: pci 0000:00:02.0: ROM [mem 0xfeba0000-0xfebaffff pref]
Mar  9 15:18:30 aascedu kernel: pci 0000:00:02.0: Video device with shadowed ROM at [mem 0x000c0000-0x000dffff]
Mar  9 15:18:30 aascedu kernel: pci 0000:00:03.0: [8086:100e] type 00 class 0x020000 conventional PCI endpoint
Mar  9 15:18:30 aascedu kernel: pci 0000:00:03.0: BAR 0 [mem 0xfeb80000-0xfeb9ffff]
Mar  9 15:18:30 aascedu kernel: pci 0000:00:03.0: BAR 1 [io  0xc000-0xc03f]
Mar  9 15:18:30 aascedu kernel: pci 0000:00:03.0: ROM [mem 0xfeb00000-0xfeb7ffff pref]
Mar  9 15:18:30 aascedu kernel: ACPI: PCI: Interrupt link LNKA configured for IRQ 10
Mar  9 15:18:30 aascedu kernel: ACPI: PCI: Interrupt link LNKB configured for IRQ 10
Mar  9 15:18:30 aascedu kernel: ACPI: PCI: Interrupt link LNKC configured for IRQ 11
Mar  9 15:18:30 aascedu kernel: ACPI: PCI: Interrupt link LNKD configured for IRQ 11
Mar  9 15:18:30 aascedu kernel: ACPI: PCI: Interrupt link LNKS configured for IRQ 9
Mar  9 15:18:30 aascedu kernel: iommu: Default domain type: Translated
Mar  9 15:18:30 aascedu kernel: iommu: DMA domain TLB invalidation policy: lazy mode
Mar  9 15:18:30 aascedu kernel: SCSI subsystem initialized
Mar  9 15:18:30 aascedu kernel: libata version 3.00 loaded.
Mar  9 15:18:30 aascedu kernel: ACPI: bus type USB registered
Mar  9 15:18:30 aascedu kernel: usbcore: registered new interface driver usbfs
Mar  9 15:18:30 aascedu kernel: usbcore: registered new interface driver hub
Mar  9 15:18:30 aascedu kernel: usbcore: registered new device driver usb
Mar  9 15:18:30 aascedu kernel: pps_core: LinuxPPS API ver. 1 registered
Mar  9 15:18:30 aascedu kernel: pps_core: Software ver. 5.3.6 - Copyright 2005-2007 Rodolfo Giometti <giometti@linux.it>
Mar  9 15:18:30 aascedu kernel: PTP clock support registered
Mar  9 15:18:30 aascedu kernel: Advanced Linux Sound Architecture Driver Initialized.
Mar  9 15:18:30 aascedu kernel: NetLabel: Initializing
Mar  9 15:18:30 aascedu kernel: NetLabel:  domain hash size = 128
Mar  9 15:18:30 aascedu kernel: NetLabel:  protocols = UNLABELED CIPSOv4 CALIPSO
Mar  9 15:18:30 aascedu kernel: NetLabel:  unlabeled traffic allowed by default
Mar  9 15:18:30 aascedu kernel: PCI: Using ACPI for IRQ routing
Mar  9 15:18:30 aascedu kernel: PCI: pci_cache_line_size set to 64 bytes
Mar  9 15:18:30 aascedu kernel: e820: reserve RAM buffer [mem 0x0009fc00-0x0009ffff]
Mar  9 15:18:30 aascedu kernel: e820: reserve RAM buffer [mem 0xbffe0000-0xbfffffff]
Mar  9 15:18:30 aascedu kernel: pci 0000:00:02.0: vgaarb: setting as boot VGA device
Mar  9 15:18:30 aascedu kernel: pci 0000:00:02.0: vgaarb: bridge control possible
Mar  9 15:18:30 aascedu kernel: pci 0000:00:02.0: vgaarb: VGA device added: decodes=io+mem,owns=io+mem,locks=none
Mar  9 15:18:30 aascedu kernel: vgaarb: loaded
Mar  9 15:18:30 aascedu kernel: hpet0: at MMIO 0xfed00000, IRQs 2, 8, 0
Mar  9 15:18:30 aascedu kernel: hpet0: 3 comparators, 64-bit 100.000000 MHz counter
Mar  9 15:18:30 aascedu kernel: clocksource: Switched to clocksource kvm-clock
Mar  9 15:18:30 aascedu kernel: VFS: Disk quotas dquot_6.6.0
Mar  9 15:18:30 aascedu kernel: VFS: Dquot-cache hash table entries: 512 (order 0, 4096 bytes)
Mar  9 15:18:30 aascedu kernel: pnp: PnP ACPI init
Mar  9 15:18:30 aascedu kernel: pnp 00:02: [dma 2]
Mar  9 15:18:30 aascedu kernel: pnp: PnP ACPI: found 6 devices
Mar  9 15:18:30 aascedu kernel: clocksource: acpi_pm: mask: 0xffffff max_cycles: 0xffffff, max_idle_ns: 2085701024 ns
Mar  9 15:18:30 aascedu kernel: NET: Registered PF_INET protocol family
Mar  9 15:18:30 aascedu kernel: IP idents hash table entries: 131072 (order: 8, 1048576 bytes, linear)
Mar  9 15:18:30 aascedu kernel: tcp_listen_portaddr_hash hash table entries: 4096 (order: 4, 65536 bytes, linear)
Mar  9 15:18:30 aascedu kernel: Table-perturb hash table entries: 65536 (order: 6, 262144 bytes, linear)
Mar  9 15:18:30 aascedu kernel: TCP established hash table entries: 65536 (order: 7, 524288 bytes, linear)
Mar  9 15:18:30 aascedu kernel: TCP bind hash table entries: 65536 (order: 9, 2097152 bytes, linear)
Mar  9 15:18:30 aascedu kernel: TCP: Hash tables configured (established 65536 bind 65536)
Mar  9 15:18:30 aascedu kernel: UDP hash table entries: 4096 (order: 6, 262144 bytes, linear)
Mar  9 15:18:30 aascedu kernel: UDP-Lite hash table entries: 4096 (order: 6, 262144 bytes, linear)
Mar  9 15:18:30 aascedu kernel: NET: Registered PF_UNIX/PF_LOCAL protocol family
Mar  9 15:18:30 aascedu kernel: RPC: Registered named UNIX socket transport module.
Mar  9 15:18:30 aascedu kernel: RPC: Registered udp transport module.
Mar  9 15:18:30 aascedu kernel: RPC: Registered tcp transport module.
Mar  9 15:18:30 aascedu kernel: RPC: Registered tcp-with-tls transport module.
Mar  9 15:18:30 aascedu kernel: RPC: Registered tcp NFSv4.1 backchannel transport module.
Mar  9 15:18:30 aascedu kernel: pci_bus 0000:00: resource 4 [io  0x0000-0x0cf7 window]
Mar  9 15:18:30 aascedu kernel: pci_bus 0000:00: resource 5 [io  0x0d00-0xffff window]
Mar  9 15:18:30 aascedu kernel: pci_bus 0000:00: resource 6 [mem 0x000a0000-0x000bffff window]
Mar  9 15:18:30 aascedu kernel: pci_bus 0000:00: resource 7 [mem 0xc0000000-0xfebfffff window]
Mar  9 15:18:30 aascedu kernel: pci_bus 0000:00: resource 8 [mem 0x240000000-0x2bfffffff window]
Mar  9 15:18:30 aascedu kernel: pci 0000:00:01.0: PIIX3: Enabling Passive Release
Mar  9 15:18:30 aascedu kernel: pci 0000:00:00.0: Limiting direct PCI/PCI transfers
Mar  9 15:18:30 aascedu kernel: PCI: CLS 0 bytes, default 64
Mar  9 15:18:30 aascedu kernel: PCI-DMA: Using software bounce buffering for IO (SWIOTLB)
Mar  9 15:18:30 aascedu kernel: software IO TLB: mapped [mem 0x00000000bbfe0000-0x00000000bffe0000] (64MB)
Mar  9 15:18:30 aascedu kernel: RAPL PMU: API unit is 2^-32 Joules, 0 fixed counters, 10737418240 ms ovfl timer
Mar  9 15:18:30 aascedu kernel: clocksource: tsc: mask: 0xffffffffffffffff max_cycles: 0x1e71785e5dd, max_idle_ns: 440795244814 ns
Mar  9 15:18:30 aascedu kernel: Initialise system trusted keyrings
Mar  9 15:18:30 aascedu kernel: workingset: timestamp_bits=40 max_order=21 bucket_order=0
Mar  9 15:18:30 aascedu kernel: NFS: Registering the id_resolver key type
Mar  9 15:18:30 aascedu kernel: Key type id_resolver registered
Mar  9 15:18:30 aascedu kernel: Key type id_legacy registered
Mar  9 15:18:30 aascedu kernel: 9p: Installing v9fs 9p2000 file system support
Mar  9 15:18:30 aascedu kernel: Key type asymmetric registered
Mar  9 15:18:30 aascedu kernel: Asymmetric key parser 'x509' registered
Mar  9 15:18:30 aascedu kernel: Block layer SCSI generic (bsg) driver version 0.4 loaded (major 251)
Mar  9 15:18:30 aascedu kernel: io scheduler mq-deadline registered
Mar  9 15:18:30 aascedu kernel: io scheduler kyber registered
Mar  9 15:18:30 aascedu kernel: input: Power Button as /devices/LNXSYSTM:00/LNXPWRBN:00/input/input0
Mar  9 15:18:30 aascedu kernel: ACPI: button: Power Button [PWRF]
Mar  9 15:18:30 aascedu kernel: ACPI: \x5c_SB_.LNKB: Enabled at IRQ 10
Mar  9 15:18:30 aascedu kernel: Serial: 8250/16550 driver, 4 ports, IRQ sharing enabled
Mar  9 15:18:30 aascedu kernel: 00:04: ttyS0 at I/O 0x3f8 (irq = 4, base_baud = 115200) is a 16550A
Mar  9 15:18:30 aascedu kernel: Non-volatile memory driver v1.3
Mar  9 15:18:30 aascedu kernel: Linux agpgart interface v0.103
Mar  9 15:18:30 aascedu kernel: ACPI: bus type drm_connector registered
Mar  9 15:18:30 aascedu kernel: [drm] pci: virtio-vga detected at 0000:00:02.0
Mar  9 15:18:30 aascedu kernel: virtio-pci 0000:00:02.0: vgaarb: deactivate vga console
Mar  9 15:18:30 aascedu kernel: [drm] features: -virgl +edid -resource_blob -host_visible
Mar  9 15:18:30 aascedu kernel: [drm] features: -context_init
Mar  9 15:18:30 aascedu kernel: [drm] number of scanouts: 1
Mar  9 15:18:30 aascedu kernel: [drm] number of cap sets: 0
Mar  9 15:18:30 aascedu kernel: virtio-pci 0000:00:02.0: [drm] Registered 1 planes with drm panic
Mar  9 15:18:30 aascedu kernel: [drm] Initialized virtio_gpu 0.1.0 for 0000:00:02.0 on minor 0
Mar  9 15:18:30 aascedu kernel: fbcon: virtio_gpudrmfb (fb0) is primary device
Mar  9 15:18:30 aascedu kernel: Console: switching to colour frame buffer device 80x30
Mar  9 15:18:30 aascedu kernel: virtio-pci 0000:00:02.0: [drm] fb0: virtio_gpudrmfb frame buffer device
Mar  9 15:18:30 aascedu kernel: loop: module loaded
Mar  9 15:18:30 aascedu kernel: scsi host0: ata_piix
Mar  9 15:18:30 aascedu kernel: scsi host1: ata_piix
Mar  9 15:18:30 aascedu kernel: ata1: PATA max MWDMA2 cmd 0x1f0 ctl 0x3f6 bmdma 0xc040 irq 14 lpm-pol 0
Mar  9 15:18:30 aascedu kernel: ata2: PATA max MWDMA2 cmd 0x170 ctl 0x376 bmdma 0xc048 irq 15 lpm-pol 0
Mar  9 15:18:30 aascedu kernel: e100: Intel(R) PRO/100 Network Driver
Mar  9 15:18:30 aascedu kernel: e100: Copyright(c) 1999-2006 Intel Corporation
Mar  9 15:18:30 aascedu kernel: e1000: Intel(R) PRO/1000 Network Driver
Mar  9 15:18:30 aascedu kernel: e1000: Copyright (c) 1999-2006 Intel Corporation.
Mar  9 15:18:30 aascedu kernel: ACPI: \x5c_SB_.LNKC: Enabled at IRQ 11
Mar  9 15:18:30 aascedu kernel: ata1: found unknown device (class 0)
Mar  9 15:18:30 aascedu kernel: ata2: found unknown device (class 0)
Mar  9 15:18:30 aascedu kernel: ata2.00: ATAPI: QEMU DVD-ROM, 2.5+, max UDMA/100
Mar  9 15:18:30 aascedu kernel: ata1.00: ATA-7: QEMU HARDDISK, 2.5+, max UDMA/100
Mar  9 15:18:30 aascedu kernel: ata1.00: 83886080 sectors, multi 16: LBA48 
Mar  9 15:18:30 aascedu kernel: scsi 0:0:0:0: Direct-Access     ATA      QEMU HARDDISK    2.5+ PQ: 0 ANSI: 5
Mar  9 15:18:30 aascedu kernel: sd 0:0:0:0: Attached scsi generic sg0 type 0
Mar  9 15:18:30 aascedu kernel: sd 0:0:0:0: [sda] 83886080 512-byte logical blocks: (42.9 GB/40.0 GiB)
Mar  9 15:18:30 aascedu kernel: sd 0:0:0:0: [sda] Write Protect is off
Mar  9 15:18:30 aascedu kernel: sd 0:0:0:0: [sda] Mode Sense: 00 3a 00 00
Mar  9 15:18:30 aascedu kernel: sd 0:0:0:0: [sda] Write cache: enabled, read cache: enabled, doesn't support DPO or FUA
Mar  9 15:18:30 aascedu kernel: sd 0:0:0:0: [sda] Preferred minimum I/O size 512 bytes
Mar  9 15:18:30 aascedu kernel: scsi 1:0:0:0: CD-ROM            QEMU     QEMU DVD-ROM     2.5+ PQ: 0 ANSI: 5
Mar  9 15:18:30 aascedu kernel:  sda: sda1 sda3 sda4 sda5
Mar  9 15:18:30 aascedu kernel: sd 0:0:0:0: [sda] Attached SCSI disk
Mar  9 15:18:30 aascedu kernel: sr 1:0:0:0: [sr0] scsi3-mmc drive: 4x/4x cd/rw xa/form2 tray
Mar  9 15:18:30 aascedu kernel: cdrom: Uniform CD-ROM driver Revision: 3.20
Mar  9 15:18:30 aascedu kernel: sr 1:0:0:0: Attached scsi CD-ROM sr0
Mar  9 15:18:30 aascedu kernel: sr 1:0:0:0: Attached scsi generic sg1 type 5
Mar  9 15:18:30 aascedu kernel: e1000 0000:00:03.0 eth0: (PCI:33MHz:32-bit) 52:54:00:12:34:56
Mar  9 15:18:30 aascedu kernel: e1000 0000:00:03.0 eth0: Intel(R) PRO/1000 Network Connection
Mar  9 15:18:30 aascedu kernel: e1000e: Intel(R) PRO/1000 Network Driver
Mar  9 15:18:30 aascedu kernel: e1000e: Copyright(c) 1999 - 2015 Intel Corporation.
Mar  9 15:18:30 aascedu kernel: sky2: driver version 1.30
Mar  9 15:18:30 aascedu kernel: usbcore: registered new interface driver usblp
Mar  9 15:18:30 aascedu kernel: usbcore: registered new interface driver usb-storage
Mar  9 15:18:30 aascedu kernel: i8042: PNP: PS/2 Controller [PNP0303:KBD,PNP0f13:MOU] at 0x60,0x64 irq 1,12
Mar  9 15:18:30 aascedu kernel: serio: i8042 KBD port at 0x60,0x64 irq 1
Mar  9 15:18:30 aascedu kernel: serio: i8042 AUX port at 0x60,0x64 irq 12
Mar  9 15:18:30 aascedu kernel: rtc_cmos 00:05: RTC can wake from S4
Mar  9 15:18:30 aascedu kernel: input: AT Translated Set 2 keyboard as /devices/platform/i8042/serio0/input/input1
Mar  9 15:18:30 aascedu kernel: rtc_cmos 00:05: registered as rtc0
Mar  9 15:18:30 aascedu kernel: rtc_cmos 00:05: alarms up to one day, y3k, 242 bytes nvram, hpet irqs
Mar  9 15:18:30 aascedu kernel: device-mapper: ioctl: 4.50.0-ioctl (2025-04-28) initialised: dm-devel@lists.linux.dev
Mar  9 15:18:30 aascedu kernel: intel_pstate: CPU model not supported
Mar  9 15:18:30 aascedu kernel: hid: raw HID events driver (C) Jiri Kosina
Mar  9 15:18:30 aascedu kernel: usbcore: registered new interface driver usbhid
Mar  9 15:18:30 aascedu kernel: usbhid: USB HID core driver
Mar  9 15:18:30 aascedu kernel: Initializing XFRM netlink socket
Mar  9 15:18:30 aascedu kernel: NET: Registered PF_INET6 protocol family
Mar  9 15:18:30 aascedu kernel: Segment Routing with IPv6
Mar  9 15:18:30 aascedu kernel: In-situ OAM (IOAM) with IPv6
Mar  9 15:18:30 aascedu kernel: sit: IPv6, IPv4 and MPLS over IPv4 tunneling driver
Mar  9 15:18:30 aascedu kernel: NET: Registered PF_PACKET protocol family
Mar  9 15:18:30 aascedu kernel: 9pnet: Installing 9P2000 support
Mar  9 15:18:30 aascedu kernel: Key type dns_resolver registered
Mar  9 15:18:30 aascedu kernel: IPI shorthand broadcast: enabled
Mar  9 15:18:30 aascedu kernel: sched_clock: Marking stable (465001396, 383889)->(477602925, -12217640)
Mar  9 15:18:30 aascedu kernel: registered taskstats version 1
Mar  9 15:18:30 aascedu kernel: Loading compiled-in X.509 certificates
Mar  9 15:18:30 aascedu kernel: Demotion targets for Node 0: null
Mar  9 15:18:30 aascedu kernel: PM:   Magic number: 2:413:333
Mar  9 15:18:30 aascedu kernel: PM:   hash matches drivers/base/power/main.c:747
Mar  9 15:18:30 aascedu kernel: tty tty54: hash matches
Mar  9 15:18:30 aascedu kernel: netconsole: network logging started
Mar  9 15:18:30 aascedu kernel: cfg80211: Loading compiled-in X.509 certificates for regulatory database
Mar  9 15:18:30 aascedu kernel: kworker/u80:0 (157) used greatest stack depth: 13952 bytes left
Mar  9 15:18:30 aascedu kernel: Loaded X.509 cert 'sforshee: 00b28ddf47aef9cea7'
Mar  9 15:18:30 aascedu kernel: Loaded X.509 cert 'wens: 61c038651aabdcf94bd0ac7ff06c7248db18c600'
Mar  9 15:18:30 aascedu kernel: platform regulatory.0: Direct firmware load for regulatory.db failed with error -2
Mar  9 15:18:30 aascedu kernel: cfg80211: failed to load regulatory.db
Mar  9 15:18:30 aascedu kernel: ALSA device list:
Mar  9 15:18:30 aascedu kernel:   No soundcards found.
Mar  9 15:18:30 aascedu kernel: input: ImExPS/2 Generic Explorer Mouse as /devices/platform/i8042/serio1/input/input3
Mar  9 15:18:30 aascedu kernel: md: Waiting for all devices to be available before autodetect
Mar  9 15:18:30 aascedu kernel: md: If you don't use raid, use raid=noautodetect
Mar  9 15:18:30 aascedu kernel: md: Autodetecting RAID arrays.
Mar  9 15:18:30 aascedu kernel: md: autorun ...
Mar  9 15:18:30 aascedu kernel: md: ... autorun DONE.
Mar  9 15:18:30 aascedu kernel: EXT4-fs (sda5): INFO: recovery required on readonly filesystem
Mar  9 15:18:30 aascedu kernel: EXT4-fs (sda5): write access will be enabled during recovery
Mar  9 15:18:30 aascedu kernel: EXT4-fs (sda5): orphan cleanup on readonly fs
Mar  9 15:18:30 aascedu kernel: EXT4-fs (sda5): 1 orphan inode deleted
Mar  9 15:18:30 aascedu kernel: EXT4-fs (sda5): recovery complete
Mar  9 15:18:30 aascedu kernel: EXT4-fs (sda5): mounted filesystem b4d7eb2a-b4ac-4ed8-99e4-9064ea766d25 ro with ordered data mode. Quota mode: none.
Mar  9 15:18:30 aascedu kernel: VFS: Mounted root (ext4 filesystem) readonly on device 8:5.
Mar  9 15:18:30 aascedu kernel: devtmpfs: mounted
Mar  9 15:18:30 aascedu kernel: Freeing unused kernel image (initmem) memory: 2812K
Mar  9 15:18:30 aascedu kernel: Write protecting the kernel read-only data: 28672k
Mar  9 15:18:30 aascedu kernel: Freeing unused kernel image (text/rodata gap) memory: 1664K
Mar  9 15:18:30 aascedu kernel: Freeing unused kernel image (rodata/data gap) memory: 800K
Mar  9 15:18:30 aascedu kernel: x86/mm: Checked W+X mappings: passed, no W+X pages found.
Mar  9 15:18:30 aascedu kernel: Run /sbin/init as init process
Mar  9 15:18:30 aascedu kernel:   with arguments:
Mar  9 15:18:30 aascedu kernel:     /sbin/init
Mar  9 15:18:30 aascedu kernel:   with environment:
Mar  9 15:18:30 aascedu kernel:     HOME=/
Mar  9 15:18:30 aascedu kernel:     TERM=linux
Mar  9 15:18:30 aascedu kernel:     BOOT_IMAGE=/vmlinuz-6.16.1-aascedu
Mar  9 15:18:30 aascedu kernel: stty (170) used greatest stack depth: 12328 bytes left
Mar  9 15:18:31 aascedu kernel: e1000 0000:00:03.0 ens3: renamed from eth0
Mar  9 15:18:31 aascedu kernel: Adding 2097148k swap on /dev/sda4.  Priority:1 extents:1 across:2097148k 
Mar  9 15:18:31 aascedu kernel: EXT4-fs (sda5): re-mounted b4d7eb2a-b4ac-4ed8-99e4-9064ea766d25.
Mar  9 15:18:31 aascedu kernel: EXT4-fs (sda5): re-mounted b4d7eb2a-b4ac-4ed8-99e4-9064ea766d25 r/w.
Mar  9 15:18:31 aascedu kernel: EXT4-fs (sda3): mounting ext2 file system using the ext4 subsystem
Mar  9 15:18:31 aascedu kernel: EXT4-fs (sda3): mounted filesystem 625a4ecc-c41c-46bf-bba8-be9d697adec1 r/w without journal. Quota mode: none.
Mar  9 15:18:33 aascedu kernel: e1000: ens3 NIC Link is Up 1000 Mbps Full Duplex, Flow Control: RX
Mar  9 15:27:29 aascedu kernel: Linux version 6.16.1aascedu (root@aascedu) (gcc (GCC) 15.2.0, GNU ld (GNU Binutils) 2.45) #1 SMP PREEMPT_DYNAMIC Fri Mar  6 09:31:47 CET 2026
Mar  9 15:27:29 aascedu kernel: Command line: BOOT_IMAGE=/vmlinuz-6.16.1-aascedu root=PARTUUID=88408a23-622f-46c6-96b4-4c40c536478e ro
Mar  9 15:27:29 aascedu kernel: BIOS-provided physical RAM map:
Mar  9 15:27:29 aascedu kernel: BIOS-e820: [mem 0x0000000000000000-0x000000000009fbff] usable
Mar  9 15:27:29 aascedu kernel: BIOS-e820: [mem 0x000000000009fc00-0x000000000009ffff] reserved
Mar  9 15:27:29 aascedu kernel: BIOS-e820: [mem 0x00000000000f0000-0x00000000000fffff] reserved
Mar  9 15:27:29 aascedu kernel: BIOS-e820: [mem 0x0000000000100000-0x00000000bffdffff] usable
Mar  9 15:27:29 aascedu kernel: BIOS-e820: [mem 0x00000000bffe0000-0x00000000bfffffff] reserved
Mar  9 15:27:29 aascedu kernel: BIOS-e820: [mem 0x00000000feffc000-0x00000000feffffff] reserved
Mar  9 15:27:29 aascedu kernel: BIOS-e820: [mem 0x00000000fffc0000-0x00000000ffffffff] reserved
Mar  9 15:27:29 aascedu kernel: BIOS-e820: [mem 0x0000000100000000-0x000000023fffffff] usable
Mar  9 15:27:29 aascedu kernel: NX (Execute Disable) protection: active
Mar  9 15:27:29 aascedu kernel: APIC: Static calls initialized
Mar  9 15:27:29 aascedu kernel: SMBIOS 2.8 present.
Mar  9 15:27:29 aascedu kernel: DMI: QEMU Standard PC (i440FX + PIIX, 1996), BIOS 1.15.0-1 04/01/2014
Mar  9 15:27:29 aascedu kernel: DMI: Memory slots populated: 1/1
Mar  9 15:27:29 aascedu kernel: Hypervisor detected: KVM
Mar  9 15:27:29 aascedu kernel: kvm-clock: Using msrs 4b564d01 and 4b564d00
Mar  9 15:27:29 aascedu kernel: kvm-clock: using sched offset of 1897387488 cycles
Mar  9 15:27:29 aascedu kernel: clocksource: kvm-clock: mask: 0xffffffffffffffff max_cycles: 0x1cd42e4dffb, max_idle_ns: 881590591483 ns
Mar  9 15:27:29 aascedu kernel: tsc: Detected 2112.000 MHz processor
Mar  9 15:27:29 aascedu kernel: e820: update [mem 0x00000000-0x00000fff] usable ==> reserved
Mar  9 15:27:29 aascedu kernel: e820: remove [mem 0x000a0000-0x000fffff] usable
Mar  9 15:27:29 aascedu kernel: last_pfn = 0x240000 max_arch_pfn = 0x400000000
Mar  9 15:27:29 aascedu kernel: MTRR map: 4 entries (3 fixed + 1 variable; max 19), built from 8 variable MTRRs
Mar  9 15:27:29 aascedu kernel: x86/PAT: Configuration [0-7]: WB  WC  UC- UC  WB  WP  UC- WT  
Mar  9 15:27:29 aascedu kernel: last_pfn = 0xbffe0 max_arch_pfn = 0x400000000
Mar  9 15:27:29 aascedu kernel: found SMP MP-table at [mem 0x000f5b90-0x000f5b9f]
Mar  9 15:27:29 aascedu kernel: Using GB pages for direct mapping
Mar  9 15:27:29 aascedu kernel: ACPI: Early table checksum verification disabled
Mar  9 15:27:29 aascedu kernel: ACPI: RSDP 0x00000000000F59B0 000014 (v00 BOCHS )
Mar  9 15:27:29 aascedu kernel: ACPI: RSDT 0x00000000BFFE1FFD 000034 (v01 BOCHS  BXPC     00000001 BXPC 00000001)
Mar  9 15:27:29 aascedu kernel: ACPI: FACP 0x00000000BFFE1E19 000074 (v01 BOCHS  BXPC     00000001 BXPC 00000001)
Mar  9 15:27:29 aascedu kernel: ACPI: DSDT 0x00000000BFFE0040 001DD9 (v01 BOCHS  BXPC     00000001 BXPC 00000001)
Mar  9 15:27:29 aascedu kernel: ACPI: FACS 0x00000000BFFE0000 000040
Mar  9 15:27:29 aascedu kernel: ACPI: APIC 0x00000000BFFE1E8D 000110 (v01 BOCHS  BXPC     00000001 BXPC 00000001)
Mar  9 15:27:29 aascedu kernel: ACPI: HPET 0x00000000BFFE1F9D 000038 (v01 BOCHS  BXPC     00000001 BXPC 00000001)
Mar  9 15:27:29 aascedu kernel: ACPI: WAET 0x00000000BFFE1FD5 000028 (v01 BOCHS  BXPC     00000001 BXPC 00000001)
Mar  9 15:27:29 aascedu kernel: ACPI: Reserving FACP table memory at [mem 0xbffe1e19-0xbffe1e8c]
Mar  9 15:27:29 aascedu kernel: ACPI: Reserving DSDT table memory at [mem 0xbffe0040-0xbffe1e18]
Mar  9 15:27:29 aascedu kernel: ACPI: Reserving FACS table memory at [mem 0xbffe0000-0xbffe003f]
Mar  9 15:27:29 aascedu kernel: ACPI: Reserving APIC table memory at [mem 0xbffe1e8d-0xbffe1f9c]
Mar  9 15:27:29 aascedu kernel: ACPI: Reserving HPET table memory at [mem 0xbffe1f9d-0xbffe1fd4]
Mar  9 15:27:29 aascedu kernel: ACPI: Reserving WAET table memory at [mem 0xbffe1fd5-0xbffe1ffc]
Mar  9 15:27:29 aascedu kernel: No NUMA configuration found
Mar  9 15:27:29 aascedu kernel: Faking a node at [mem 0x0000000000000000-0x000000023fffffff]
Mar  9 15:27:29 aascedu kernel: NODE_DATA(0) allocated [mem 0x23fffc900-0x23fffffff]
Mar  9 15:27:29 aascedu kernel: Zone ranges:
Mar  9 15:27:29 aascedu kernel:   DMA      [mem 0x0000000000001000-0x0000000000ffffff]
Mar  9 15:27:29 aascedu kernel:   DMA32    [mem 0x0000000001000000-0x00000000ffffffff]
Mar  9 15:27:29 aascedu kernel:   Normal   [mem 0x0000000100000000-0x000000023fffffff]
Mar  9 15:27:29 aascedu kernel: Movable zone start for each node
Mar  9 15:27:29 aascedu kernel: Early memory node ranges
Mar  9 15:27:29 aascedu kernel:   node   0: [mem 0x0000000000001000-0x000000000009efff]
Mar  9 15:27:29 aascedu kernel:   node   0: [mem 0x0000000000100000-0x00000000bffdffff]
Mar  9 15:27:29 aascedu kernel:   node   0: [mem 0x0000000100000000-0x000000023fffffff]
Mar  9 15:27:29 aascedu kernel: Initmem setup node 0 [mem 0x0000000000001000-0x000000023fffffff]
Mar  9 15:27:29 aascedu kernel: On node 0, zone DMA: 1 pages in unavailable ranges
Mar  9 15:27:29 aascedu kernel: On node 0, zone DMA: 97 pages in unavailable ranges
Mar  9 15:27:29 aascedu kernel: On node 0, zone Normal: 32 pages in unavailable ranges
Mar  9 15:27:29 aascedu kernel: ACPI: PM-Timer IO Port: 0x608
Mar  9 15:27:29 aascedu kernel: ACPI: LAPIC_NMI (acpi_id[0xff] dfl dfl lint[0x1])
Mar  9 15:27:29 aascedu kernel: IOAPIC[0]: apic_id 0, version 17, address 0xfec00000, GSI 0-23
Mar  9 15:27:29 aascedu kernel: ACPI: INT_SRC_OVR (bus 0 bus_irq 0 global_irq 2 dfl dfl)
Mar  9 15:27:29 aascedu kernel: ACPI: INT_SRC_OVR (bus 0 bus_irq 5 global_irq 5 high level)
Mar  9 15:27:29 aascedu kernel: ACPI: INT_SRC_OVR (bus 0 bus_irq 9 global_irq 9 high level)
Mar  9 15:27:29 aascedu kernel: ACPI: INT_SRC_OVR (bus 0 bus_irq 10 global_irq 10 high level)
Mar  9 15:27:29 aascedu kernel: ACPI: INT_SRC_OVR (bus 0 bus_irq 11 global_irq 11 high level)
Mar  9 15:27:29 aascedu kernel: ACPI: Using ACPI (MADT) for SMP configuration information
Mar  9 15:27:29 aascedu kernel: ACPI: HPET id: 0x8086a201 base: 0xfed00000
Mar  9 15:27:29 aascedu kernel: TSC deadline timer available
Mar  9 15:27:29 aascedu kernel: CPU topo: Max. logical packages:   1
Mar  9 15:27:29 aascedu kernel: CPU topo: Max. logical dies:       1
Mar  9 15:27:29 aascedu kernel: CPU topo: Max. dies per package:   1
Mar  9 15:27:29 aascedu kernel: CPU topo: Max. threads per core:   1
Mar  9 15:27:29 aascedu kernel: CPU topo: Num. cores per package:    20
Mar  9 15:27:29 aascedu kernel: CPU topo: Num. threads per package:  20
Mar  9 15:27:29 aascedu kernel: CPU topo: Allowing 20 present CPUs plus 0 hotplug CPUs
Mar  9 15:27:29 aascedu kernel: kvm-guest: APIC: eoi() replaced with kvm_guest_apic_eoi_write()
Mar  9 15:27:29 aascedu kernel: kvm-guest: KVM setup pv remote TLB flush
Mar  9 15:27:29 aascedu kernel: kvm-guest: setup PV sched yield
Mar  9 15:27:29 aascedu kernel: PM: hibernation: Registered nosave memory: [mem 0x00000000-0x00000fff]
Mar  9 15:27:29 aascedu kernel: PM: hibernation: Registered nosave memory: [mem 0x0009f000-0x000fffff]
Mar  9 15:27:29 aascedu kernel: PM: hibernation: Registered nosave memory: [mem 0xbffe0000-0xffffffff]
Mar  9 15:27:29 aascedu kernel: [mem 0xc0000000-0xfeffbfff] available for PCI devices
Mar  9 15:27:29 aascedu kernel: Booting paravirtualized kernel on KVM
Mar  9 15:27:29 aascedu kernel: clocksource: refined-jiffies: mask: 0xffffffff max_cycles: 0xffffffff, max_idle_ns: 1910969940391419 ns
Mar  9 15:27:29 aascedu kernel: setup_percpu: NR_CPUS:64 nr_cpumask_bits:20 nr_cpu_ids:20 nr_node_ids:1
Mar  9 15:27:29 aascedu kernel: percpu: Embedded 52 pages/cpu s172760 r8192 d32040 u262144
Mar  9 15:27:29 aascedu kernel: pcpu-alloc: s172760 r8192 d32040 u262144 alloc=1*2097152
Mar  9 15:27:29 aascedu kernel: pcpu-alloc: [0] 00 01 02 03 04 05 06 07 [0] 08 09 10 11 12 13 14 15 
Mar  9 15:27:29 aascedu kernel: pcpu-alloc: [0] 16 17 18 19 -- -- -- -- 
Mar  9 15:27:29 aascedu kernel: Kernel command line: BOOT_IMAGE=/vmlinuz-6.16.1-aascedu root=PARTUUID=88408a23-622f-46c6-96b4-4c40c536478e ro
Mar  9 15:27:29 aascedu kernel: Unknown kernel command line parameters "BOOT_IMAGE=/vmlinuz-6.16.1-aascedu", will be passed to user space.
Mar  9 15:27:29 aascedu kernel: random: crng init done
Mar  9 15:27:29 aascedu kernel: printk: log buffer data + meta data: 262144 + 917504 = 1179648 bytes
Mar  9 15:27:29 aascedu kernel: Dentry cache hash table entries: 1048576 (order: 11, 8388608 bytes, linear)
Mar  9 15:27:29 aascedu kernel: Inode-cache hash table entries: 524288 (order: 10, 4194304 bytes, linear)
Mar  9 15:27:29 aascedu kernel: software IO TLB: area num 32.
Mar  9 15:27:29 aascedu kernel: Fallback order for Node 0: 0 
Mar  9 15:27:29 aascedu kernel: Built 1 zonelists, mobility grouping on.  Total pages: 2097022
Mar  9 15:27:29 aascedu kernel: Policy zone: Normal
Mar  9 15:27:29 aascedu kernel: mem auto-init: stack:all(zero), heap alloc:off, heap free:off
Mar  9 15:27:29 aascedu kernel: SLUB: HWalign=64, Order=0-3, MinObjects=0, CPUs=20, Nodes=1
Mar  9 15:27:29 aascedu kernel: Dynamic Preempt: voluntary
Mar  9 15:27:29 aascedu kernel: rcu: Preemptible hierarchical RCU implementation.
Mar  9 15:27:29 aascedu kernel: rcu: \x09RCU event tracing is enabled.
Mar  9 15:27:29 aascedu kernel: rcu: \x09RCU restricting CPUs from NR_CPUS=64 to nr_cpu_ids=20.
Mar  9 15:27:29 aascedu kernel: \x09Trampoline variant of Tasks RCU enabled.
Mar  9 15:27:29 aascedu kernel: \x09Tracing variant of Tasks RCU enabled.
Mar  9 15:27:29 aascedu kernel: rcu: RCU calculated value of scheduler-enlistment delay is 100 jiffies.
Mar  9 15:27:29 aascedu kernel: rcu: Adjusting geometry for rcu_fanout_leaf=16, nr_cpu_ids=20
Mar  9 15:27:29 aascedu kernel: RCU Tasks: Setting shift to 5 and lim to 1 rcu_task_cb_adjust=1 rcu_task_cpu_ids=20.
Mar  9 15:27:29 aascedu kernel: RCU Tasks Trace: Setting shift to 5 and lim to 1 rcu_task_cb_adjust=1 rcu_task_cpu_ids=20.
Mar  9 15:27:29 aascedu kernel: NR_IRQS: 4352, nr_irqs: 584, preallocated irqs: 16
Mar  9 15:27:29 aascedu kernel: rcu: srcu_init: Setting srcu_struct sizes based on contention.
Mar  9 15:27:29 aascedu kernel: Console: colour dummy device 80x25
Mar  9 15:27:29 aascedu kernel: printk: legacy console [tty0] enabled
Mar  9 15:27:29 aascedu kernel: ACPI: Core revision 20250404
Mar  9 15:27:29 aascedu kernel: clocksource: hpet: mask: 0xffffffff max_cycles: 0xffffffff, max_idle_ns: 19112604467 ns
Mar  9 15:27:29 aascedu kernel: APIC: Switch to symmetric I/O mode setup
Mar  9 15:27:29 aascedu kernel: x2apic enabled
Mar  9 15:27:29 aascedu kernel: APIC: Switched APIC routing to: physical x2apic
Mar  9 15:27:29 aascedu kernel: kvm-guest: APIC: send_IPI_mask() replaced with kvm_send_ipi_mask()
Mar  9 15:27:29 aascedu kernel: kvm-guest: APIC: send_IPI_mask_allbutself() replaced with kvm_send_ipi_mask_allbutself()
Mar  9 15:27:29 aascedu kernel: kvm-guest: setup PV IPIs
Mar  9 15:27:29 aascedu kernel: ..TIMER: vector=0x30 apic1=0 pin1=2 apic2=-1 pin2=-1
Mar  9 15:27:29 aascedu kernel: clocksource: tsc-early: mask: 0xffffffffffffffff max_cycles: 0x1e71785e5dd, max_idle_ns: 440795244814 ns
Mar  9 15:27:29 aascedu kernel: Calibrating delay loop (skipped) preset value.. 4224.00 BogoMIPS (lpj=2112000)
Mar  9 15:27:29 aascedu kernel: x86/cpu: User Mode Instruction Prevention (UMIP) activated
Mar  9 15:27:29 aascedu kernel: Last level iTLB entries: 4KB 0, 2MB 0, 4MB 0
Mar  9 15:27:29 aascedu kernel: Last level dTLB entries: 4KB 0, 2MB 0, 4MB 0, 1GB 0
Mar  9 15:27:29 aascedu kernel: Speculative Store Bypass: Mitigation: Speculative Store Bypass disabled via prctl
Mar  9 15:27:29 aascedu kernel: Spectre V2 : Mitigation: Enhanced / Automatic IBRS
Mar  9 15:27:29 aascedu kernel: ITS: Mitigation: Aligned branch/return thunks
Mar  9 15:27:29 aascedu kernel: Spectre V1 : Mitigation: usercopy/swapgs barriers and __user pointer sanitization
Mar  9 15:27:29 aascedu kernel: Spectre V2 : Spectre v2 / PBRSB-eIBRS: Retire a single CALL on VMEXIT
Mar  9 15:27:29 aascedu kernel: Spectre V2 : mitigation: Enabling conditional Indirect Branch Prediction Barrier
Mar  9 15:27:29 aascedu kernel: Spectre V2 : Spectre BHI mitigation: SW BHB clearing on syscall and VM exit
Mar  9 15:27:29 aascedu kernel: x86/fpu: Supporting XSAVE feature 0x001: 'x87 floating point registers'
Mar  9 15:27:29 aascedu kernel: x86/fpu: Supporting XSAVE feature 0x002: 'SSE registers'
Mar  9 15:27:29 aascedu kernel: x86/fpu: Supporting XSAVE feature 0x004: 'AVX registers'
Mar  9 15:27:29 aascedu kernel: x86/fpu: Supporting XSAVE feature 0x200: 'Protection Keys User registers'
Mar  9 15:27:29 aascedu kernel: x86/fpu: xstate_offset[2]:  576, xstate_sizes[2]:  256
Mar  9 15:27:29 aascedu kernel: x86/fpu: xstate_offset[9]:  832, xstate_sizes[9]:    8
Mar  9 15:27:29 aascedu kernel: x86/fpu: Enabled xstate features 0x207, context size is 840 bytes, using 'compacted' format.
Mar  9 15:27:29 aascedu kernel: Freeing SMP alternatives memory: 56K
Mar  9 15:27:29 aascedu kernel: pid_max: default: 32768 minimum: 301
Mar  9 15:27:29 aascedu kernel: LSM: initializing lsm=capability,selinux
Mar  9 15:27:29 aascedu kernel: SELinux:  Initializing.
Mar  9 15:27:29 aascedu kernel: Mount-cache hash table entries: 16384 (order: 5, 131072 bytes, linear)
Mar  9 15:27:29 aascedu kernel: Mountpoint-cache hash table entries: 16384 (order: 5, 131072 bytes, linear)
Mar  9 15:27:29 aascedu kernel: smpboot: CPU0: 12th Gen Intel(R) Core(TM) i7-12700 (family: 0x6, model: 0x97, stepping: 0x2)
Mar  9 15:27:29 aascedu kernel: Performance Events: Alderlake Hybrid events, full-width counters, Intel PMU driver.
Mar  9 15:27:29 aascedu kernel: core: cpu_core PMU driver: 
Mar  9 15:27:29 aascedu kernel: ... version:                2
Mar  9 15:27:29 aascedu kernel: ... bit width:              48
Mar  9 15:27:29 aascedu kernel: ... generic registers:      6
Mar  9 15:27:29 aascedu kernel: ... value mask:             0000ffffffffffff
Mar  9 15:27:29 aascedu kernel: ... max period:             00007fffffffffff
Mar  9 15:27:29 aascedu kernel: ... fixed-purpose events:   3
Mar  9 15:27:29 aascedu kernel: ... event mask:             000100070000003f
Mar  9 15:27:29 aascedu kernel: signal: max sigframe size: 3632
Mar  9 15:27:29 aascedu kernel: rcu: Hierarchical SRCU implementation.
Mar  9 15:27:29 aascedu kernel: rcu: \x09Max phase no-delay instances is 400.
Mar  9 15:27:29 aascedu kernel: Timer migration: 2 hierarchy levels; 8 children per group; 2 crossnode level
Mar  9 15:27:29 aascedu kernel: smp: Bringing up secondary CPUs ...
Mar  9 15:27:29 aascedu kernel: smpboot: x86: Booting SMP configuration:
Mar  9 15:27:29 aascedu kernel: .... node  #0, CPUs:        #1  #2  #3  #4  #5  #6  #7  #8  #9 #10 #11 #12 #13 #14 #15 #16 #17 #18 #19
Mar  9 15:27:29 aascedu kernel: smp: Brought up 1 node, 20 CPUs
Mar  9 15:27:29 aascedu kernel: smpboot: Total of 20 processors activated (84480.00 BogoMIPS)
Mar  9 15:27:29 aascedu kernel: Memory: 8121700K/8388088K available (18814K kernel code, 2901K rwdata, 7392K rodata, 2812K init, 968K bss, 255664K reserved, 0K cma-reserved)
Mar  9 15:27:29 aascedu kernel: devtmpfs: initialized
Mar  9 15:27:29 aascedu kernel: clocksource: jiffies: mask: 0xffffffff max_cycles: 0xffffffff, max_idle_ns: 1911260446275000 ns
Mar  9 15:27:29 aascedu kernel: posixtimers hash table entries: 16384 (order: 6, 262144 bytes, linear)
Mar  9 15:27:29 aascedu kernel: futex hash table entries: 8192 (524288 bytes on 1 NUMA nodes, total 512 KiB, linear).
Mar  9 15:27:29 aascedu kernel: PM: RTC time: 14:27:30, date: 2026-03-09
Mar  9 15:27:29 aascedu kernel: NET: Registered PF_NETLINK/PF_ROUTE protocol family
Mar  9 15:27:29 aascedu kernel: audit: initializing netlink subsys (disabled)
Mar  9 15:27:29 aascedu kernel: audit: type=2000 audit(1773066450.434:1): state=initialized audit_enabled=0 res=1
Mar  9 15:27:29 aascedu kernel: thermal_sys: Registered thermal governor 'step_wise'
Mar  9 15:27:29 aascedu kernel: cpuidle: using governor menu
Mar  9 15:27:29 aascedu kernel: PCI: Using configuration type 1 for base access
Mar  9 15:27:29 aascedu kernel: kprobes: kprobe jump-optimization is enabled. All kprobes are optimized if possible.
Mar  9 15:27:29 aascedu kernel: HugeTLB: allocation took 0ms with hugepage_allocation_threads=5
Mar  9 15:27:29 aascedu kernel: HugeTLB: registered 2.00 MiB page size, pre-allocated 0 pages
Mar  9 15:27:29 aascedu kernel: HugeTLB: 28 KiB vmemmap can be freed for a 2.00 MiB page
Mar  9 15:27:29 aascedu kernel: ACPI: Added _OSI(Module Device)
Mar  9 15:27:29 aascedu kernel: ACPI: Added _OSI(Processor Device)
Mar  9 15:27:29 aascedu kernel: ACPI: Added _OSI(Processor Aggregator Device)
Mar  9 15:27:29 aascedu kernel: ACPI: 1 ACPI AML tables successfully acquired and loaded
Mar  9 15:27:29 aascedu kernel: ACPI: Interpreter enabled
Mar  9 15:27:29 aascedu kernel: ACPI: PM: (supports S0 S3 S4 S5)
Mar  9 15:27:29 aascedu kernel: ACPI: Using IOAPIC for interrupt routing
Mar  9 15:27:29 aascedu kernel: PCI: Using host bridge windows from ACPI; if necessary, use "pci=nocrs" and report a bug
Mar  9 15:27:29 aascedu kernel: PCI: Using E820 reservations for host bridge windows
Mar  9 15:27:29 aascedu kernel: ACPI: Enabled 2 GPEs in block 00 to 0F
Mar  9 15:27:29 aascedu kernel: ACPI: PCI Root Bridge [PCI0] (domain 0000 [bus 00-ff])
Mar  9 15:27:29 aascedu kernel: acpi PNP0A03:00: _OSC: OS supports [ASPM ClockPM Segments MSI HPX-Type3]
Mar  9 15:27:29 aascedu kernel: acpi PNP0A03:00: _OSC: not requesting OS control; OS requires [ExtendedConfig ASPM ClockPM MSI]
Mar  9 15:27:29 aascedu kernel: acpi PNP0A03:00: fail to add MMCONFIG information, can't access extended configuration space under this bridge
Mar  9 15:27:29 aascedu kernel: PCI host bridge to bus 0000:00
Mar  9 15:27:29 aascedu kernel: pci_bus 0000:00: root bus resource [io  0x0000-0x0cf7 window]
Mar  9 15:27:29 aascedu kernel: pci_bus 0000:00: root bus resource [io  0x0d00-0xffff window]
Mar  9 15:27:29 aascedu kernel: pci_bus 0000:00: root bus resource [mem 0x000a0000-0x000bffff window]
Mar  9 15:27:29 aascedu kernel: pci_bus 0000:00: root bus resource [mem 0xc0000000-0xfebfffff window]
Mar  9 15:27:29 aascedu kernel: pci_bus 0000:00: root bus resource [mem 0x240000000-0x2bfffffff window]
Mar  9 15:27:29 aascedu kernel: pci_bus 0000:00: root bus resource [bus 00-ff]
Mar  9 15:27:29 aascedu kernel: pci 0000:00:00.0: [8086:1237] type 00 class 0x060000 conventional PCI endpoint
Mar  9 15:27:29 aascedu kernel: pci 0000:00:01.0: [8086:7000] type 00 class 0x060100 conventional PCI endpoint
Mar  9 15:27:29 aascedu kernel: pci 0000:00:01.1: [8086:7010] type 00 class 0x010180 conventional PCI endpoint
Mar  9 15:27:29 aascedu kernel: pci 0000:00:01.1: BAR 4 [io  0xc040-0xc04f]
Mar  9 15:27:29 aascedu kernel: pci 0000:00:01.1: BAR 0 [io  0x01f0-0x01f7]: legacy IDE quirk
Mar  9 15:27:29 aascedu kernel: pci 0000:00:01.1: BAR 1 [io  0x03f6]: legacy IDE quirk
Mar  9 15:27:29 aascedu kernel: pci 0000:00:01.1: BAR 2 [io  0x0170-0x0177]: legacy IDE quirk
Mar  9 15:27:29 aascedu kernel: pci 0000:00:01.1: BAR 3 [io  0x0376]: legacy IDE quirk
Mar  9 15:27:29 aascedu kernel: pci 0000:00:01.3: [8086:7113] type 00 class 0x068000 conventional PCI endpoint
Mar  9 15:27:29 aascedu kernel: pci 0000:00:01.3: quirk: [io  0x0600-0x063f] claimed by PIIX4 ACPI
Mar  9 15:27:29 aascedu kernel: pci 0000:00:01.3: quirk: [io  0x0700-0x070f] claimed by PIIX4 SMB
Mar  9 15:27:29 aascedu kernel: pci 0000:00:02.0: [1af4:1050] type 00 class 0x030000 conventional PCI endpoint
Mar  9 15:27:29 aascedu kernel: pci 0000:00:02.0: BAR 0 [mem 0xfe000000-0xfe7fffff pref]
Mar  9 15:27:29 aascedu kernel: pci 0000:00:02.0: BAR 2 [mem 0xfe800000-0xfe803fff 64bit pref]
Mar  9 15:27:29 aascedu kernel: pci 0000:00:02.0: BAR 4 [mem 0xfebb0000-0xfebb0fff]
Mar  9 15:27:29 aascedu kernel: pci 0000:00:02.0: ROM [mem 0xfeba0000-0xfebaffff pref]
Mar  9 15:27:29 aascedu kernel: pci 0000:00:02.0: Video device with shadowed ROM at [mem 0x000c0000-0x000dffff]
Mar  9 15:27:29 aascedu kernel: pci 0000:00:03.0: [8086:100e] type 00 class 0x020000 conventional PCI endpoint
Mar  9 15:27:29 aascedu kernel: pci 0000:00:03.0: BAR 0 [mem 0xfeb80000-0xfeb9ffff]
Mar  9 15:27:29 aascedu kernel: pci 0000:00:03.0: BAR 1 [io  0xc000-0xc03f]
Mar  9 15:27:29 aascedu kernel: pci 0000:00:03.0: ROM [mem 0xfeb00000-0xfeb7ffff pref]
Mar  9 15:27:29 aascedu kernel: ACPI: PCI: Interrupt link LNKA configured for IRQ 10
Mar  9 15:27:29 aascedu kernel: ACPI: PCI: Interrupt link LNKB configured for IRQ 10
Mar  9 15:27:29 aascedu kernel: ACPI: PCI: Interrupt link LNKC configured for IRQ 11
Mar  9 15:27:29 aascedu kernel: ACPI: PCI: Interrupt link LNKD configured for IRQ 11
Mar  9 15:27:29 aascedu kernel: ACPI: PCI: Interrupt link LNKS configured for IRQ 9
Mar  9 15:27:29 aascedu kernel: iommu: Default domain type: Translated
Mar  9 15:27:29 aascedu kernel: iommu: DMA domain TLB invalidation policy: lazy mode
Mar  9 15:27:29 aascedu kernel: SCSI subsystem initialized
Mar  9 15:27:29 aascedu kernel: libata version 3.00 loaded.
Mar  9 15:27:29 aascedu kernel: ACPI: bus type USB registered
Mar  9 15:27:29 aascedu kernel: usbcore: registered new interface driver usbfs
Mar  9 15:27:29 aascedu kernel: usbcore: registered new interface driver hub
Mar  9 15:27:29 aascedu kernel: usbcore: registered new device driver usb
Mar  9 15:27:29 aascedu kernel: pps_core: LinuxPPS API ver. 1 registered
Mar  9 15:27:29 aascedu kernel: pps_core: Software ver. 5.3.6 - Copyright 2005-2007 Rodolfo Giometti <giometti@linux.it>
Mar  9 15:27:29 aascedu kernel: PTP clock support registered
Mar  9 15:27:29 aascedu kernel: Advanced Linux Sound Architecture Driver Initialized.
Mar  9 15:27:29 aascedu kernel: NetLabel: Initializing
Mar  9 15:27:29 aascedu kernel: NetLabel:  domain hash size = 128
Mar  9 15:27:29 aascedu kernel: NetLabel:  protocols = UNLABELED CIPSOv4 CALIPSO
Mar  9 15:27:29 aascedu kernel: NetLabel:  unlabeled traffic allowed by default
Mar  9 15:27:29 aascedu kernel: PCI: Using ACPI for IRQ routing
Mar  9 15:27:29 aascedu kernel: PCI: pci_cache_line_size set to 64 bytes
Mar  9 15:27:29 aascedu kernel: e820: reserve RAM buffer [mem 0x0009fc00-0x0009ffff]
Mar  9 15:27:29 aascedu kernel: e820: reserve RAM buffer [mem 0xbffe0000-0xbfffffff]
Mar  9 15:27:29 aascedu kernel: pci 0000:00:02.0: vgaarb: setting as boot VGA device
Mar  9 15:27:29 aascedu kernel: pci 0000:00:02.0: vgaarb: bridge control possible
Mar  9 15:27:29 aascedu kernel: pci 0000:00:02.0: vgaarb: VGA device added: decodes=io+mem,owns=io+mem,locks=none
Mar  9 15:27:29 aascedu kernel: vgaarb: loaded
Mar  9 15:27:29 aascedu kernel: hpet0: at MMIO 0xfed00000, IRQs 2, 8, 0
Mar  9 15:27:29 aascedu kernel: hpet0: 3 comparators, 64-bit 100.000000 MHz counter
Mar  9 15:27:29 aascedu kernel: clocksource: Switched to clocksource kvm-clock
Mar  9 15:27:29 aascedu kernel: VFS: Disk quotas dquot_6.6.0
Mar  9 15:27:29 aascedu kernel: VFS: Dquot-cache hash table entries: 512 (order 0, 4096 bytes)
Mar  9 15:27:29 aascedu kernel: pnp: PnP ACPI init
Mar  9 15:27:29 aascedu kernel: pnp 00:02: [dma 2]
Mar  9 15:27:29 aascedu kernel: pnp: PnP ACPI: found 6 devices
Mar  9 15:27:29 aascedu kernel: clocksource: acpi_pm: mask: 0xffffff max_cycles: 0xffffff, max_idle_ns: 2085701024 ns
Mar  9 15:27:29 aascedu kernel: NET: Registered PF_INET protocol family
Mar  9 15:27:29 aascedu kernel: IP idents hash table entries: 131072 (order: 8, 1048576 bytes, linear)
Mar  9 15:27:29 aascedu kernel: tcp_listen_portaddr_hash hash table entries: 4096 (order: 4, 65536 bytes, linear)
Mar  9 15:27:29 aascedu kernel: Table-perturb hash table entries: 65536 (order: 6, 262144 bytes, linear)
Mar  9 15:27:29 aascedu kernel: TCP established hash table entries: 65536 (order: 7, 524288 bytes, linear)
Mar  9 15:27:29 aascedu kernel: TCP bind hash table entries: 65536 (order: 9, 2097152 bytes, linear)
Mar  9 15:27:29 aascedu kernel: TCP: Hash tables configured (established 65536 bind 65536)
Mar  9 15:27:29 aascedu kernel: UDP hash table entries: 4096 (order: 6, 262144 bytes, linear)
Mar  9 15:27:29 aascedu kernel: UDP-Lite hash table entries: 4096 (order: 6, 262144 bytes, linear)
Mar  9 15:27:29 aascedu kernel: NET: Registered PF_UNIX/PF_LOCAL protocol family
Mar  9 15:27:29 aascedu kernel: RPC: Registered named UNIX socket transport module.
Mar  9 15:27:29 aascedu kernel: RPC: Registered udp transport module.
Mar  9 15:27:29 aascedu kernel: RPC: Registered tcp transport module.
Mar  9 15:27:29 aascedu kernel: RPC: Registered tcp-with-tls transport module.
Mar  9 15:27:29 aascedu kernel: RPC: Registered tcp NFSv4.1 backchannel transport module.
Mar  9 15:27:29 aascedu kernel: pci_bus 0000:00: resource 4 [io  0x0000-0x0cf7 window]
Mar  9 15:27:29 aascedu kernel: pci_bus 0000:00: resource 5 [io  0x0d00-0xffff window]
Mar  9 15:27:29 aascedu kernel: pci_bus 0000:00: resource 6 [mem 0x000a0000-0x000bffff window]
Mar  9 15:27:29 aascedu kernel: pci_bus 0000:00: resource 7 [mem 0xc0000000-0xfebfffff window]
Mar  9 15:27:29 aascedu kernel: pci_bus 0000:00: resource 8 [mem 0x240000000-0x2bfffffff window]
Mar  9 15:27:29 aascedu kernel: pci 0000:00:01.0: PIIX3: Enabling Passive Release
Mar  9 15:27:29 aascedu kernel: pci 0000:00:00.0: Limiting direct PCI/PCI transfers
Mar  9 15:27:29 aascedu kernel: PCI: CLS 0 bytes, default 64
Mar  9 15:27:29 aascedu kernel: PCI-DMA: Using software bounce buffering for IO (SWIOTLB)
Mar  9 15:27:29 aascedu kernel: software IO TLB: mapped [mem 0x00000000bbfe0000-0x00000000bffe0000] (64MB)
Mar  9 15:27:29 aascedu kernel: RAPL PMU: API unit is 2^-32 Joules, 0 fixed counters, 10737418240 ms ovfl timer
Mar  9 15:27:29 aascedu kernel: clocksource: tsc: mask: 0xffffffffffffffff max_cycles: 0x1e71785e5dd, max_idle_ns: 440795244814 ns
Mar  9 15:27:29 aascedu kernel: Initialise system trusted keyrings
Mar  9 15:27:29 aascedu kernel: workingset: timestamp_bits=40 max_order=21 bucket_order=0
Mar  9 15:27:29 aascedu kernel: NFS: Registering the id_resolver key type
Mar  9 15:27:29 aascedu kernel: Key type id_resolver registered
Mar  9 15:27:29 aascedu kernel: Key type id_legacy registered
Mar  9 15:27:29 aascedu kernel: 9p: Installing v9fs 9p2000 file system support
Mar  9 15:27:29 aascedu kernel: Key type asymmetric registered
Mar  9 15:27:29 aascedu kernel: Asymmetric key parser 'x509' registered
Mar  9 15:27:29 aascedu kernel: Block layer SCSI generic (bsg) driver version 0.4 loaded (major 251)
Mar  9 15:27:29 aascedu kernel: io scheduler mq-deadline registered
Mar  9 15:27:29 aascedu kernel: io scheduler kyber registered
Mar  9 15:27:29 aascedu kernel: input: Power Button as /devices/LNXSYSTM:00/LNXPWRBN:00/input/input0
Mar  9 15:27:29 aascedu kernel: ACPI: button: Power Button [PWRF]
Mar  9 15:27:29 aascedu kernel: ACPI: \x5c_SB_.LNKB: Enabled at IRQ 10
Mar  9 15:27:29 aascedu kernel: Serial: 8250/16550 driver, 4 ports, IRQ sharing enabled
Mar  9 15:27:29 aascedu kernel: 00:04: ttyS0 at I/O 0x3f8 (irq = 4, base_baud = 115200) is a 16550A
Mar  9 15:27:29 aascedu kernel: Non-volatile memory driver v1.3
Mar  9 15:27:29 aascedu kernel: Linux agpgart interface v0.103
Mar  9 15:27:29 aascedu kernel: ACPI: bus type drm_connector registered
Mar  9 15:27:29 aascedu kernel: [drm] pci: virtio-vga detected at 0000:00:02.0
Mar  9 15:27:29 aascedu kernel: virtio-pci 0000:00:02.0: vgaarb: deactivate vga console
Mar  9 15:27:29 aascedu kernel: [drm] features: -virgl +edid -resource_blob -host_visible
Mar  9 15:27:29 aascedu kernel: [drm] features: -context_init
Mar  9 15:27:29 aascedu kernel: [drm] number of scanouts: 1
Mar  9 15:27:29 aascedu kernel: [drm] number of cap sets: 0
Mar  9 15:27:29 aascedu kernel: virtio-pci 0000:00:02.0: [drm] Registered 1 planes with drm panic
Mar  9 15:27:29 aascedu kernel: [drm] Initialized virtio_gpu 0.1.0 for 0000:00:02.0 on minor 0
Mar  9 15:27:29 aascedu kernel: fbcon: virtio_gpudrmfb (fb0) is primary device
Mar  9 15:27:29 aascedu kernel: Console: switching to colour frame buffer device 80x30
Mar  9 15:27:29 aascedu kernel: virtio-pci 0000:00:02.0: [drm] fb0: virtio_gpudrmfb frame buffer device
Mar  9 15:27:29 aascedu kernel: loop: module loaded
Mar  9 15:27:29 aascedu kernel: scsi host0: ata_piix
Mar  9 15:27:29 aascedu kernel: scsi host1: ata_piix
Mar  9 15:27:29 aascedu kernel: ata1: PATA max MWDMA2 cmd 0x1f0 ctl 0x3f6 bmdma 0xc040 irq 14 lpm-pol 0
Mar  9 15:27:29 aascedu kernel: ata2: PATA max MWDMA2 cmd 0x170 ctl 0x376 bmdma 0xc048 irq 15 lpm-pol 0
Mar  9 15:27:29 aascedu kernel: e100: Intel(R) PRO/100 Network Driver
Mar  9 15:27:29 aascedu kernel: e100: Copyright(c) 1999-2006 Intel Corporation
Mar  9 15:27:29 aascedu kernel: e1000: Intel(R) PRO/1000 Network Driver
Mar  9 15:27:29 aascedu kernel: e1000: Copyright (c) 1999-2006 Intel Corporation.
Mar  9 15:27:29 aascedu kernel: ACPI: \x5c_SB_.LNKC: Enabled at IRQ 11
Mar  9 15:27:29 aascedu kernel: ata1: found unknown device (class 0)
Mar  9 15:27:29 aascedu kernel: ata2: found unknown device (class 0)
Mar  9 15:27:29 aascedu kernel: ata2.00: ATAPI: QEMU DVD-ROM, 2.5+, max UDMA/100
Mar  9 15:27:29 aascedu kernel: ata1.00: ATA-7: QEMU HARDDISK, 2.5+, max UDMA/100
Mar  9 15:27:29 aascedu kernel: ata1.00: 83886080 sectors, multi 16: LBA48 
Mar  9 15:27:29 aascedu kernel: scsi 0:0:0:0: Direct-Access     ATA      QEMU HARDDISK    2.5+ PQ: 0 ANSI: 5
Mar  9 15:27:29 aascedu kernel: sd 0:0:0:0: Attached scsi generic sg0 type 0
Mar  9 15:27:29 aascedu kernel: sd 0:0:0:0: [sda] 83886080 512-byte logical blocks: (42.9 GB/40.0 GiB)
Mar  9 15:27:29 aascedu kernel: sd 0:0:0:0: [sda] Write Protect is off
Mar  9 15:27:29 aascedu kernel: sd 0:0:0:0: [sda] Mode Sense: 00 3a 00 00
Mar  9 15:27:29 aascedu kernel: sd 0:0:0:0: [sda] Write cache: enabled, read cache: enabled, doesn't support DPO or FUA
Mar  9 15:27:29 aascedu kernel: sd 0:0:0:0: [sda] Preferred minimum I/O size 512 bytes
Mar  9 15:27:29 aascedu kernel: scsi 1:0:0:0: CD-ROM            QEMU     QEMU DVD-ROM     2.5+ PQ: 0 ANSI: 5
Mar  9 15:27:29 aascedu kernel:  sda: sda1 sda3 sda4 sda5
Mar  9 15:27:29 aascedu kernel: sd 0:0:0:0: [sda] Attached SCSI disk
Mar  9 15:27:29 aascedu kernel: sr 1:0:0:0: [sr0] scsi3-mmc drive: 4x/4x cd/rw xa/form2 tray
Mar  9 15:27:29 aascedu kernel: cdrom: Uniform CD-ROM driver Revision: 3.20
Mar  9 15:27:29 aascedu kernel: sr 1:0:0:0: Attached scsi CD-ROM sr0
Mar  9 15:27:29 aascedu kernel: sr 1:0:0:0: Attached scsi generic sg1 type 5
Mar  9 15:27:29 aascedu kernel: e1000 0000:00:03.0 eth0: (PCI:33MHz:32-bit) 52:54:00:12:34:56
Mar  9 15:27:29 aascedu kernel: e1000 0000:00:03.0 eth0: Intel(R) PRO/1000 Network Connection
Mar  9 15:27:29 aascedu kernel: e1000e: Intel(R) PRO/1000 Network Driver
Mar  9 15:27:29 aascedu kernel: e1000e: Copyright(c) 1999 - 2015 Intel Corporation.
Mar  9 15:27:29 aascedu kernel: sky2: driver version 1.30
Mar  9 15:27:29 aascedu kernel: usbcore: registered new interface driver usblp
Mar  9 15:27:29 aascedu kernel: usbcore: registered new interface driver usb-storage
Mar  9 15:27:29 aascedu kernel: i8042: PNP: PS/2 Controller [PNP0303:KBD,PNP0f13:MOU] at 0x60,0x64 irq 1,12
Mar  9 15:27:29 aascedu kernel: serio: i8042 KBD port at 0x60,0x64 irq 1
Mar  9 15:27:29 aascedu kernel: serio: i8042 AUX port at 0x60,0x64 irq 12
Mar  9 15:27:29 aascedu kernel: rtc_cmos 00:05: RTC can wake from S4
Mar  9 15:27:29 aascedu kernel: input: AT Translated Set 2 keyboard as /devices/platform/i8042/serio0/input/input1
Mar  9 15:27:29 aascedu kernel: rtc_cmos 00:05: registered as rtc0
Mar  9 15:27:29 aascedu kernel: rtc_cmos 00:05: alarms up to one day, y3k, 242 bytes nvram, hpet irqs
Mar  9 15:27:29 aascedu kernel: device-mapper: ioctl: 4.50.0-ioctl (2025-04-28) initialised: dm-devel@lists.linux.dev
Mar  9 15:27:29 aascedu kernel: intel_pstate: CPU model not supported
Mar  9 15:27:29 aascedu kernel: hid: raw HID events driver (C) Jiri Kosina
Mar  9 15:27:29 aascedu kernel: usbcore: registered new interface driver usbhid
Mar  9 15:27:29 aascedu kernel: usbhid: USB HID core driver
Mar  9 15:27:29 aascedu kernel: Initializing XFRM netlink socket
Mar  9 15:27:29 aascedu kernel: NET: Registered PF_INET6 protocol family
Mar  9 15:27:29 aascedu kernel: Segment Routing with IPv6
Mar  9 15:27:29 aascedu kernel: In-situ OAM (IOAM) with IPv6
Mar  9 15:27:29 aascedu kernel: sit: IPv6, IPv4 and MPLS over IPv4 tunneling driver
Mar  9 15:27:29 aascedu kernel: NET: Registered PF_PACKET protocol family
Mar  9 15:27:29 aascedu kernel: 9pnet: Installing 9P2000 support
Mar  9 15:27:29 aascedu kernel: Key type dns_resolver registered
Mar  9 15:27:29 aascedu kernel: IPI shorthand broadcast: enabled
Mar  9 15:27:29 aascedu kernel: sched_clock: Marking stable (466001460, 446463)->(468945247, -2497324)
Mar  9 15:27:29 aascedu kernel: registered taskstats version 1
Mar  9 15:27:29 aascedu kernel: Loading compiled-in X.509 certificates
Mar  9 15:27:29 aascedu kernel: Demotion targets for Node 0: null
Mar  9 15:27:29 aascedu kernel: PM:   Magic number: 2:69:485
Mar  9 15:27:29 aascedu kernel: netconsole: network logging started
Mar  9 15:27:29 aascedu kernel: cfg80211: Loading compiled-in X.509 certificates for regulatory database
Mar  9 15:27:29 aascedu kernel: kworker/u80:0 (161) used greatest stack depth: 13952 bytes left
Mar  9 15:27:29 aascedu kernel: Loaded X.509 cert 'sforshee: 00b28ddf47aef9cea7'
Mar  9 15:27:29 aascedu kernel: Loaded X.509 cert 'wens: 61c038651aabdcf94bd0ac7ff06c7248db18c600'
Mar  9 15:27:29 aascedu kernel: platform regulatory.0: Direct firmware load for regulatory.db failed with error -2
Mar  9 15:27:29 aascedu kernel: cfg80211: failed to load regulatory.db
Mar  9 15:27:29 aascedu kernel: ALSA device list:
Mar  9 15:27:29 aascedu kernel:   No soundcards found.
Mar  9 15:27:29 aascedu kernel: input: ImExPS/2 Generic Explorer Mouse as /devices/platform/i8042/serio1/input/input3
Mar  9 15:27:29 aascedu kernel: md: Waiting for all devices to be available before autodetect
Mar  9 15:27:29 aascedu kernel: md: If you don't use raid, use raid=noautodetect
Mar  9 15:27:29 aascedu kernel: md: Autodetecting RAID arrays.
Mar  9 15:27:29 aascedu kernel: md: autorun ...
Mar  9 15:27:29 aascedu kernel: md: ... autorun DONE.
Mar  9 15:27:29 aascedu kernel: EXT4-fs (sda5): INFO: recovery required on readonly filesystem
Mar  9 15:27:29 aascedu kernel: EXT4-fs (sda5): write access will be enabled during recovery
Mar  9 15:27:29 aascedu kernel: EXT4-fs (sda5): recovery complete
Mar  9 15:27:29 aascedu kernel: EXT4-fs (sda5): mounted filesystem b4d7eb2a-b4ac-4ed8-99e4-9064ea766d25 ro with ordered data mode. Quota mode: none.
Mar  9 15:27:29 aascedu kernel: VFS: Mounted root (ext4 filesystem) readonly on device 8:5.
Mar  9 15:27:29 aascedu kernel: devtmpfs: mounted
Mar  9 15:27:29 aascedu kernel: Freeing unused kernel image (initmem) memory: 2812K
Mar  9 15:27:29 aascedu kernel: Write protecting the kernel read-only data: 28672k
Mar  9 15:27:29 aascedu kernel: Freeing unused kernel image (text/rodata gap) memory: 1664K
Mar  9 15:27:29 aascedu kernel: Freeing unused kernel image (rodata/data gap) memory: 800K
Mar  9 15:27:29 aascedu kernel: x86/mm: Checked W+X mappings: passed, no W+X pages found.
Mar  9 15:27:29 aascedu kernel: Run /sbin/init as init process
Mar  9 15:27:29 aascedu kernel:   with arguments:
Mar  9 15:27:29 aascedu kernel:     /sbin/init
Mar  9 15:27:29 aascedu kernel:   with environment:
Mar  9 15:27:29 aascedu kernel:     HOME=/
Mar  9 15:27:29 aascedu kernel:     TERM=linux
Mar  9 15:27:29 aascedu kernel:     BOOT_IMAGE=/vmlinuz-6.16.1-aascedu
Mar  9 15:27:29 aascedu kernel: stty (172) used greatest stack depth: 12328 bytes left
Mar  9 15:27:30 aascedu kernel: S08localnet (267) used greatest stack depth: 12280 bytes left
Mar  9 15:27:30 aascedu kernel: e1000 0000:00:03.0 ens3: renamed from eth0
Mar  9 15:27:31 aascedu kernel: Adding 2097148k swap on /dev/sda4.  Priority:1 extents:1 across:2097148k 
Mar  9 15:27:31 aascedu kernel: EXT4-fs (sda5): re-mounted b4d7eb2a-b4ac-4ed8-99e4-9064ea766d25.
Mar  9 15:27:31 aascedu kernel: EXT4-fs (sda5): re-mounted b4d7eb2a-b4ac-4ed8-99e4-9064ea766d25 r/w.
Mar  9 15:27:31 aascedu kernel: EXT4-fs (sda3): mounting ext2 file system using the ext4 subsystem
Mar  9 15:27:31 aascedu kernel: EXT4-fs (sda3): mounted filesystem 625a4ecc-c41c-46bf-bba8-be9d697adec1 r/w without journal. Quota mode: none.
Mar  9 15:27:33 aascedu kernel: e1000: ens3 NIC Link is Up 1000 Mbps Full Duplex, Flow Control: RX
                                                                                                                                                                                                                                                                                                                                                                                                                                                                                                                                                                                                                                                                                                                                                                                                                                                                                                                                                                                                                                                                                                                                                                                                                                                                                                                                                                                                                                                                                                                                                                                                                                                                                                                                                                                                                                                                                                                                                                                                                                                                                                                                                                                                                                                                                                                                                                                                                                                                                                                                                                                                                                                                                                                                                                                                                                                                                          Mar 10 08:31:22 aascedu kernel: Linux version 6.16.1aascedu (root@aascedu) (gcc (GCC) 15.2.0, GNU ld (GNU Binutils) 2.45) #1 SMP PREEMPT_DYNAMIC Fri Mar  6 09:31:47 CET 2026
Mar 10 08:31:22 aascedu kernel: Command line: BOOT_IMAGE=/vmlinuz-6.16.1-aascedu root=PARTUUID=88408a23-622f-46c6-96b4-4c40c536478e ro
Mar 10 08:31:22 aascedu kernel: BIOS-provided physical RAM map:
Mar 10 08:31:22 aascedu kernel: BIOS-e820: [mem 0x0000000000000000-0x000000000009fbff] usable
Mar 10 08:31:22 aascedu kernel: BIOS-e820: [mem 0x000000000009fc00-0x000000000009ffff] reserved
Mar 10 08:31:22 aascedu kernel: BIOS-e820: [mem 0x00000000000f0000-0x00000000000fffff] reserved
Mar 10 08:31:22 aascedu kernel: BIOS-e820: [mem 0x0000000000100000-0x00000000bffdffff] usable
Mar 10 08:31:22 aascedu kernel: BIOS-e820: [mem 0x00000000bffe0000-0x00000000bfffffff] reserved
Mar 10 08:31:22 aascedu kernel: BIOS-e820: [mem 0x00000000feffc000-0x00000000feffffff] reserved
Mar 10 08:31:22 aascedu kernel: BIOS-e820: [mem 0x00000000fffc0000-0x00000000ffffffff] reserved
Mar 10 08:31:22 aascedu kernel: BIOS-e820: [mem 0x0000000100000000-0x000000023fffffff] usable
Mar 10 08:31:22 aascedu kernel: NX (Execute Disable) protection: active
Mar 10 08:31:22 aascedu kernel: APIC: Static calls initialized
Mar 10 08:31:22 aascedu kernel: SMBIOS 2.8 present.
Mar 10 08:31:22 aascedu kernel: DMI: QEMU Standard PC (i440FX + PIIX, 1996), BIOS 1.15.0-1 04/01/2014
Mar 10 08:31:22 aascedu kernel: DMI: Memory slots populated: 1/1
Mar 10 08:31:22 aascedu kernel: Hypervisor detected: KVM
Mar 10 08:31:22 aascedu kernel: kvm-clock: Using msrs 4b564d01 and 4b564d00
Mar 10 08:31:22 aascedu kernel: kvm-clock: using sched offset of 2868741063 cycles
Mar 10 08:31:22 aascedu kernel: clocksource: kvm-clock: mask: 0xffffffffffffffff max_cycles: 0x1cd42e4dffb, max_idle_ns: 881590591483 ns
Mar 10 08:31:22 aascedu kernel: tsc: Detected 2112.000 MHz processor
Mar 10 08:31:22 aascedu kernel: e820: update [mem 0x00000000-0x00000fff] usable ==> reserved
Mar 10 08:31:22 aascedu kernel: e820: remove [mem 0x000a0000-0x000fffff] usable
Mar 10 08:31:22 aascedu kernel: last_pfn = 0x240000 max_arch_pfn = 0x400000000
Mar 10 08:31:22 aascedu kernel: MTRR map: 4 entries (3 fixed + 1 variable; max 19), built from 8 variable MTRRs
Mar 10 08:31:22 aascedu kernel: x86/PAT: Configuration [0-7]: WB  WC  UC- UC  WB  WP  UC- WT  
Mar 10 08:31:22 aascedu kernel: last_pfn = 0xbffe0 max_arch_pfn = 0x400000000
Mar 10 08:31:22 aascedu kernel: found SMP MP-table at [mem 0x000f5b90-0x000f5b9f]
Mar 10 08:31:22 aascedu kernel: Using GB pages for direct mapping
Mar 10 08:31:22 aascedu kernel: ACPI: Early table checksum verification disabled
Mar 10 08:31:22 aascedu kernel: ACPI: RSDP 0x00000000000F59B0 000014 (v00 BOCHS )
Mar 10 08:31:22 aascedu kernel: ACPI: RSDT 0x00000000BFFE1FFD 000034 (v01 BOCHS  BXPC     00000001 BXPC 00000001)
Mar 10 08:31:22 aascedu kernel: ACPI: FACP 0x00000000BFFE1E19 000074 (v01 BOCHS  BXPC     00000001 BXPC 00000001)
Mar 10 08:31:22 aascedu kernel: ACPI: DSDT 0x00000000BFFE0040 001DD9 (v01 BOCHS  BXPC     00000001 BXPC 00000001)
Mar 10 08:31:22 aascedu kernel: ACPI: FACS 0x00000000BFFE0000 000040
Mar 10 08:31:22 aascedu kernel: ACPI: APIC 0x00000000BFFE1E8D 000110 (v01 BOCHS  BXPC     00000001 BXPC 00000001)
Mar 10 08:31:22 aascedu kernel: ACPI: HPET 0x00000000BFFE1F9D 000038 (v01 BOCHS  BXPC     00000001 BXPC 00000001)
Mar 10 08:31:22 aascedu kernel: ACPI: WAET 0x00000000BFFE1FD5 000028 (v01 BOCHS  BXPC     00000001 BXPC 00000001)
Mar 10 08:31:22 aascedu kernel: ACPI: Reserving FACP table memory at [mem 0xbffe1e19-0xbffe1e8c]
Mar 10 08:31:22 aascedu kernel: ACPI: Reserving DSDT table memory at [mem 0xbffe0040-0xbffe1e18]
Mar 10 08:31:22 aascedu kernel: ACPI: Reserving FACS table memory at [mem 0xbffe0000-0xbffe003f]
Mar 10 08:31:22 aascedu kernel: ACPI: Reserving APIC table memory at [mem 0xbffe1e8d-0xbffe1f9c]
Mar 10 08:31:22 aascedu kernel: ACPI: Reserving HPET table memory at [mem 0xbffe1f9d-0xbffe1fd4]
Mar 10 08:31:22 aascedu kernel: ACPI: Reserving WAET table memory at [mem 0xbffe1fd5-0xbffe1ffc]
Mar 10 08:31:22 aascedu kernel: No NUMA configuration found
Mar 10 08:31:22 aascedu kernel: Faking a node at [mem 0x0000000000000000-0x000000023fffffff]
Mar 10 08:31:22 aascedu kernel: NODE_DATA(0) allocated [mem 0x23fffc900-0x23fffffff]
Mar 10 08:31:22 aascedu kernel: Zone ranges:
Mar 10 08:31:22 aascedu kernel:   DMA      [mem 0x0000000000001000-0x0000000000ffffff]
Mar 10 08:31:22 aascedu kernel:   DMA32    [mem 0x0000000001000000-0x00000000ffffffff]
Mar 10 08:31:22 aascedu kernel:   Normal   [mem 0x0000000100000000-0x000000023fffffff]
Mar 10 08:31:22 aascedu kernel: Movable zone start for each node
Mar 10 08:31:22 aascedu kernel: Early memory node ranges
Mar 10 08:31:22 aascedu kernel:   node   0: [mem 0x0000000000001000-0x000000000009efff]
Mar 10 08:31:22 aascedu kernel:   node   0: [mem 0x0000000000100000-0x00000000bffdffff]
Mar 10 08:31:22 aascedu kernel:   node   0: [mem 0x0000000100000000-0x000000023fffffff]
Mar 10 08:31:22 aascedu kernel: Initmem setup node 0 [mem 0x0000000000001000-0x000000023fffffff]
Mar 10 08:31:22 aascedu kernel: On node 0, zone DMA: 1 pages in unavailable ranges
Mar 10 08:31:22 aascedu kernel: On node 0, zone DMA: 97 pages in unavailable ranges
Mar 10 08:31:22 aascedu kernel: On node 0, zone Normal: 32 pages in unavailable ranges
Mar 10 08:31:22 aascedu kernel: ACPI: PM-Timer IO Port: 0x608
Mar 10 08:31:22 aascedu kernel: ACPI: LAPIC_NMI (acpi_id[0xff] dfl dfl lint[0x1])
Mar 10 08:31:22 aascedu kernel: IOAPIC[0]: apic_id 0, version 17, address 0xfec00000, GSI 0-23
Mar 10 08:31:22 aascedu kernel: ACPI: INT_SRC_OVR (bus 0 bus_irq 0 global_irq 2 dfl dfl)
Mar 10 08:31:22 aascedu kernel: ACPI: INT_SRC_OVR (bus 0 bus_irq 5 global_irq 5 high level)
Mar 10 08:31:22 aascedu kernel: ACPI: INT_SRC_OVR (bus 0 bus_irq 9 global_irq 9 high level)
Mar 10 08:31:22 aascedu kernel: ACPI: INT_SRC_OVR (bus 0 bus_irq 10 global_irq 10 high level)
Mar 10 08:31:22 aascedu kernel: ACPI: INT_SRC_OVR (bus 0 bus_irq 11 global_irq 11 high level)
Mar 10 08:31:22 aascedu kernel: ACPI: Using ACPI (MADT) for SMP configuration information
Mar 10 08:31:22 aascedu kernel: ACPI: HPET id: 0x8086a201 base: 0xfed00000
Mar 10 08:31:22 aascedu kernel: TSC deadline timer available
Mar 10 08:31:22 aascedu kernel: CPU topo: Max. logical packages:   1
Mar 10 08:31:22 aascedu kernel: CPU topo: Max. logical dies:       1
Mar 10 08:31:22 aascedu kernel: CPU topo: Max. dies per package:   1
Mar 10 08:31:22 aascedu kernel: CPU topo: Max. threads per core:   1
Mar 10 08:31:22 aascedu kernel: CPU topo: Num. cores per package:    20
Mar 10 08:31:22 aascedu kernel: CPU topo: Num. threads per package:  20
Mar 10 08:31:22 aascedu kernel: CPU topo: Allowing 20 present CPUs plus 0 hotplug CPUs
Mar 10 08:31:22 aascedu kernel: kvm-guest: APIC: eoi() replaced with kvm_guest_apic_eoi_write()
Mar 10 08:31:22 aascedu kernel: kvm-guest: KVM setup pv remote TLB flush
Mar 10 08:31:22 aascedu kernel: kvm-guest: setup PV sched yield
Mar 10 08:31:22 aascedu kernel: PM: hibernation: Registered nosave memory: [mem 0x00000000-0x00000fff]
Mar 10 08:31:22 aascedu kernel: PM: hibernation: Registered nosave memory: [mem 0x0009f000-0x000fffff]
Mar 10 08:31:22 aascedu kernel: PM: hibernation: Registered nosave memory: [mem 0xbffe0000-0xffffffff]
Mar 10 08:31:22 aascedu kernel: [mem 0xc0000000-0xfeffbfff] available for PCI devices
Mar 10 08:31:22 aascedu kernel: Booting paravirtualized kernel on KVM
Mar 10 08:31:22 aascedu kernel: clocksource: refined-jiffies: mask: 0xffffffff max_cycles: 0xffffffff, max_idle_ns: 1910969940391419 ns
Mar 10 08:31:22 aascedu kernel: setup_percpu: NR_CPUS:64 nr_cpumask_bits:20 nr_cpu_ids:20 nr_node_ids:1
Mar 10 08:31:22 aascedu kernel: percpu: Embedded 52 pages/cpu s172760 r8192 d32040 u262144
Mar 10 08:31:22 aascedu kernel: pcpu-alloc: s172760 r8192 d32040 u262144 alloc=1*2097152
Mar 10 08:31:22 aascedu kernel: pcpu-alloc: [0] 00 01 02 03 04 05 06 07 [0] 08 09 10 11 12 13 14 15 
Mar 10 08:31:22 aascedu kernel: pcpu-alloc: [0] 16 17 18 19 -- -- -- -- 
Mar 10 08:31:22 aascedu kernel: Kernel command line: BOOT_IMAGE=/vmlinuz-6.16.1-aascedu root=PARTUUID=88408a23-622f-46c6-96b4-4c40c536478e ro
Mar 10 08:31:22 aascedu kernel: Unknown kernel command line parameters "BOOT_IMAGE=/vmlinuz-6.16.1-aascedu", will be passed to user space.
Mar 10 08:31:22 aascedu kernel: random: crng init done
Mar 10 08:31:22 aascedu kernel: printk: log buffer data + meta data: 262144 + 917504 = 1179648 bytes
Mar 10 08:31:22 aascedu kernel: Dentry cache hash table entries: 1048576 (order: 11, 8388608 bytes, linear)
Mar 10 08:31:22 aascedu kernel: Inode-cache hash table entries: 524288 (order: 10, 4194304 bytes, linear)
Mar 10 08:31:22 aascedu kernel: software IO TLB: area num 32.
Mar 10 08:31:22 aascedu kernel: Fallback order for Node 0: 0 
Mar 10 08:31:22 aascedu kernel: Built 1 zonelists, mobility grouping on.  Total pages: 2097022
Mar 10 08:31:22 aascedu kernel: Policy zone: Normal
Mar 10 08:31:22 aascedu kernel: mem auto-init: stack:all(zero), heap alloc:off, heap free:off
Mar 10 08:31:22 aascedu kernel: SLUB: HWalign=64, Order=0-3, MinObjects=0, CPUs=20, Nodes=1
Mar 10 08:31:22 aascedu kernel: Dynamic Preempt: voluntary
Mar 10 08:31:22 aascedu kernel: rcu: Preemptible hierarchical RCU implementation.
Mar 10 08:31:22 aascedu kernel: rcu: \x09RCU event tracing is enabled.
Mar 10 08:31:22 aascedu kernel: rcu: \x09RCU restricting CPUs from NR_CPUS=64 to nr_cpu_ids=20.
Mar 10 08:31:22 aascedu kernel: \x09Trampoline variant of Tasks RCU enabled.
Mar 10 08:31:22 aascedu kernel: \x09Tracing variant of Tasks RCU enabled.
Mar 10 08:31:22 aascedu kernel: rcu: RCU calculated value of scheduler-enlistment delay is 100 jiffies.
Mar 10 08:31:22 aascedu kernel: rcu: Adjusting geometry for rcu_fanout_leaf=16, nr_cpu_ids=20
Mar 10 08:31:22 aascedu kernel: RCU Tasks: Setting shift to 5 and lim to 1 rcu_task_cb_adjust=1 rcu_task_cpu_ids=20.
Mar 10 08:31:22 aascedu kernel: RCU Tasks Trace: Setting shift to 5 and lim to 1 rcu_task_cb_adjust=1 rcu_task_cpu_ids=20.
Mar 10 08:31:22 aascedu kernel: NR_IRQS: 4352, nr_irqs: 584, preallocated irqs: 16
Mar 10 08:31:22 aascedu kernel: rcu: srcu_init: Setting srcu_struct sizes based on contention.
Mar 10 08:31:22 aascedu kernel: Console: colour dummy device 80x25
Mar 10 08:31:22 aascedu kernel: printk: legacy console [tty0] enabled
Mar 10 08:31:22 aascedu kernel: ACPI: Core revision 20250404
Mar 10 08:31:22 aascedu kernel: clocksource: hpet: mask: 0xffffffff max_cycles: 0xffffffff, max_idle_ns: 19112604467 ns
Mar 10 08:31:22 aascedu kernel: APIC: Switch to symmetric I/O mode setup
Mar 10 08:31:22 aascedu kernel: x2apic enabled
Mar 10 08:31:22 aascedu kernel: APIC: Switched APIC routing to: physical x2apic
Mar 10 08:31:22 aascedu kernel: kvm-guest: APIC: send_IPI_mask() replaced with kvm_send_ipi_mask()
Mar 10 08:31:22 aascedu kernel: kvm-guest: APIC: send_IPI_mask_allbutself() replaced with kvm_send_ipi_mask_allbutself()
Mar 10 08:31:22 aascedu kernel: kvm-guest: setup PV IPIs
Mar 10 08:31:22 aascedu kernel: ..TIMER: vector=0x30 apic1=0 pin1=2 apic2=-1 pin2=-1
Mar 10 08:31:22 aascedu kernel: clocksource: tsc-early: mask: 0xffffffffffffffff max_cycles: 0x1e71785e5dd, max_idle_ns: 440795244814 ns
Mar 10 08:31:22 aascedu kernel: Calibrating delay loop (skipped) preset value.. 4224.00 BogoMIPS (lpj=2112000)
Mar 10 08:31:22 aascedu kernel: x86/cpu: User Mode Instruction Prevention (UMIP) activated
Mar 10 08:31:22 aascedu kernel: Last level iTLB entries: 4KB 0, 2MB 0, 4MB 0
Mar 10 08:31:22 aascedu kernel: Last level dTLB entries: 4KB 0, 2MB 0, 4MB 0, 1GB 0
Mar 10 08:31:22 aascedu kernel: Speculative Store Bypass: Mitigation: Speculative Store Bypass disabled via prctl
Mar 10 08:31:22 aascedu kernel: Spectre V2 : Mitigation: Enhanced / Automatic IBRS
Mar 10 08:31:22 aascedu kernel: ITS: Mitigation: Aligned branch/return thunks
Mar 10 08:31:22 aascedu kernel: Spectre V1 : Mitigation: usercopy/swapgs barriers and __user pointer sanitization
Mar 10 08:31:22 aascedu kernel: Spectre V2 : Spectre v2 / PBRSB-eIBRS: Retire a single CALL on VMEXIT
Mar 10 08:31:22 aascedu kernel: Spectre V2 : mitigation: Enabling conditional Indirect Branch Prediction Barrier
Mar 10 08:31:22 aascedu kernel: Spectre V2 : Spectre BHI mitigation: SW BHB clearing on syscall and VM exit
Mar 10 08:31:22 aascedu kernel: x86/fpu: Supporting XSAVE feature 0x001: 'x87 floating point registers'
Mar 10 08:31:22 aascedu kernel: x86/fpu: Supporting XSAVE feature 0x002: 'SSE registers'
Mar 10 08:31:22 aascedu kernel: x86/fpu: Supporting XSAVE feature 0x004: 'AVX registers'
Mar 10 08:31:22 aascedu kernel: x86/fpu: Supporting XSAVE feature 0x200: 'Protection Keys User registers'
Mar 10 08:31:22 aascedu kernel: x86/fpu: xstate_offset[2]:  576, xstate_sizes[2]:  256
Mar 10 08:31:22 aascedu kernel: x86/fpu: xstate_offset[9]:  832, xstate_sizes[9]:    8
Mar 10 08:31:22 aascedu kernel: x86/fpu: Enabled xstate features 0x207, context size is 840 bytes, using 'compacted' format.
Mar 10 08:31:22 aascedu kernel: Freeing SMP alternatives memory: 56K
Mar 10 08:31:22 aascedu kernel: pid_max: default: 32768 minimum: 301
Mar 10 08:31:22 aascedu kernel: LSM: initializing lsm=capability,selinux
Mar 10 08:31:22 aascedu kernel: SELinux:  Initializing.
Mar 10 08:31:22 aascedu kernel: Mount-cache hash table entries: 16384 (order: 5, 131072 bytes, linear)
Mar 10 08:31:22 aascedu kernel: Mountpoint-cache hash table entries: 16384 (order: 5, 131072 bytes, linear)
Mar 10 08:31:22 aascedu kernel: smpboot: CPU0: 12th Gen Intel(R) Core(TM) i7-12700 (family: 0x6, model: 0x97, stepping: 0x2)
Mar 10 08:31:22 aascedu kernel: Performance Events: Alderlake Hybrid events, full-width counters, Intel PMU driver.
Mar 10 08:31:22 aascedu kernel: core: cpu_core PMU driver: 
Mar 10 08:31:22 aascedu kernel: ... version:                2
Mar 10 08:31:22 aascedu kernel: ... bit width:              48
Mar 10 08:31:22 aascedu kernel: ... generic registers:      6
Mar 10 08:31:22 aascedu kernel: ... value mask:             0000ffffffffffff
Mar 10 08:31:22 aascedu kernel: ... max period:             00007fffffffffff
Mar 10 08:31:22 aascedu kernel: ... fixed-purpose events:   3
Mar 10 08:31:22 aascedu kernel: ... event mask:             000100070000003f
Mar 10 08:31:22 aascedu kernel: signal: max sigframe size: 3632
Mar 10 08:31:22 aascedu kernel: rcu: Hierarchical SRCU implementation.
Mar 10 08:31:22 aascedu kernel: rcu: \x09Max phase no-delay instances is 400.
Mar 10 08:31:22 aascedu kernel: Timer migration: 2 hierarchy levels; 8 children per group; 2 crossnode level
Mar 10 08:31:22 aascedu kernel: smp: Bringing up secondary CPUs ...
Mar 10 08:31:22 aascedu kernel: smpboot: x86: Booting SMP configuration:
Mar 10 08:31:22 aascedu kernel: .... node  #0, CPUs:        #1  #2  #3  #4  #5  #6  #7  #8  #9 #10 #11 #12 #13 #14 #15 #16 #17 #18 #19
Mar 10 08:31:22 aascedu kernel: smp: Brought up 1 node, 20 CPUs
Mar 10 08:31:22 aascedu kernel: smpboot: Total of 20 processors activated (84480.00 BogoMIPS)
Mar 10 08:31:22 aascedu kernel: Memory: 8121712K/8388088K available (18814K kernel code, 2901K rwdata, 7392K rodata, 2812K init, 968K bss, 255652K reserved, 0K cma-reserved)
Mar 10 08:31:22 aascedu kernel: devtmpfs: initialized
Mar 10 08:31:22 aascedu kernel: clocksource: jiffies: mask: 0xffffffff max_cycles: 0xffffffff, max_idle_ns: 1911260446275000 ns
Mar 10 08:31:22 aascedu kernel: posixtimers hash table entries: 16384 (order: 6, 262144 bytes, linear)
Mar 10 08:31:22 aascedu kernel: futex hash table entries: 8192 (524288 bytes on 1 NUMA nodes, total 512 KiB, linear).
Mar 10 08:31:22 aascedu kernel: PM: RTC time: 07:31:22, date: 2026-03-10
Mar 10 08:31:22 aascedu kernel: NET: Registered PF_NETLINK/PF_ROUTE protocol family
Mar 10 08:31:22 aascedu kernel: audit: initializing netlink subsys (disabled)
Mar 10 08:31:22 aascedu kernel: audit: type=2000 audit(1773127883.058:1): state=initialized audit_enabled=0 res=1
Mar 10 08:31:22 aascedu kernel: thermal_sys: Registered thermal governor 'step_wise'
Mar 10 08:31:22 aascedu kernel: cpuidle: using governor menu
Mar 10 08:31:22 aascedu kernel: PCI: Using configuration type 1 for base access
Mar 10 08:31:22 aascedu kernel: kprobes: kprobe jump-optimization is enabled. All kprobes are optimized if possible.
Mar 10 08:31:22 aascedu kernel: HugeTLB: allocation took 0ms with hugepage_allocation_threads=5
Mar 10 08:31:22 aascedu kernel: HugeTLB: registered 2.00 MiB page size, pre-allocated 0 pages
Mar 10 08:31:22 aascedu kernel: HugeTLB: 28 KiB vmemmap can be freed for a 2.00 MiB page
Mar 10 08:31:22 aascedu kernel: ACPI: Added _OSI(Module Device)
Mar 10 08:31:22 aascedu kernel: ACPI: Added _OSI(Processor Device)
Mar 10 08:31:22 aascedu kernel: ACPI: Added _OSI(Processor Aggregator Device)
Mar 10 08:31:22 aascedu kernel: ACPI: 1 ACPI AML tables successfully acquired and loaded
Mar 10 08:31:22 aascedu kernel: ACPI: Interpreter enabled
Mar 10 08:31:22 aascedu kernel: ACPI: PM: (supports S0 S3 S4 S5)
Mar 10 08:31:22 aascedu kernel: ACPI: Using IOAPIC for interrupt routing
Mar 10 08:31:22 aascedu kernel: PCI: Using host bridge windows from ACPI; if necessary, use "pci=nocrs" and report a bug
Mar 10 08:31:22 aascedu kernel: PCI: Using E820 reservations for host bridge windows
Mar 10 08:31:22 aascedu kernel: ACPI: Enabled 2 GPEs in block 00 to 0F
Mar 10 08:31:22 aascedu kernel: ACPI: PCI Root Bridge [PCI0] (domain 0000 [bus 00-ff])
Mar 10 08:31:22 aascedu kernel: acpi PNP0A03:00: _OSC: OS supports [ASPM ClockPM Segments MSI HPX-Type3]
Mar 10 08:31:22 aascedu kernel: acpi PNP0A03:00: _OSC: not requesting OS control; OS requires [ExtendedConfig ASPM ClockPM MSI]
Mar 10 08:31:22 aascedu kernel: acpi PNP0A03:00: fail to add MMCONFIG information, can't access extended configuration space under this bridge
Mar 10 08:31:22 aascedu kernel: PCI host bridge to bus 0000:00
Mar 10 08:31:22 aascedu kernel: pci_bus 0000:00: root bus resource [io  0x0000-0x0cf7 window]
Mar 10 08:31:22 aascedu kernel: pci_bus 0000:00: root bus resource [io  0x0d00-0xffff window]
Mar 10 08:31:22 aascedu kernel: pci_bus 0000:00: root bus resource [mem 0x000a0000-0x000bffff window]
Mar 10 08:31:22 aascedu kernel: pci_bus 0000:00: root bus resource [mem 0xc0000000-0xfebfffff window]
Mar 10 08:31:22 aascedu kernel: pci_bus 0000:00: root bus resource [mem 0x240000000-0x2bfffffff window]
Mar 10 08:31:22 aascedu kernel: pci_bus 0000:00: root bus resource [bus 00-ff]
Mar 10 08:31:22 aascedu kernel: pci 0000:00:00.0: [8086:1237] type 00 class 0x060000 conventional PCI endpoint
Mar 10 08:31:22 aascedu kernel: pci 0000:00:01.0: [8086:7000] type 00 class 0x060100 conventional PCI endpoint
Mar 10 08:31:22 aascedu kernel: pci 0000:00:01.1: [8086:7010] type 00 class 0x010180 conventional PCI endpoint
Mar 10 08:31:22 aascedu kernel: pci 0000:00:01.1: BAR 4 [io  0xc040-0xc04f]
Mar 10 08:31:22 aascedu kernel: pci 0000:00:01.1: BAR 0 [io  0x01f0-0x01f7]: legacy IDE quirk
Mar 10 08:31:22 aascedu kernel: pci 0000:00:01.1: BAR 1 [io  0x03f6]: legacy IDE quirk
Mar 10 08:31:22 aascedu kernel: pci 0000:00:01.1: BAR 2 [io  0x0170-0x0177]: legacy IDE quirk
Mar 10 08:31:22 aascedu kernel: pci 0000:00:01.1: BAR 3 [io  0x0376]: legacy IDE quirk
Mar 10 08:31:22 aascedu kernel: pci 0000:00:01.3: [8086:7113] type 00 class 0x068000 conventional PCI endpoint
Mar 10 08:31:22 aascedu kernel: pci 0000:00:01.3: quirk: [io  0x0600-0x063f] claimed by PIIX4 ACPI
Mar 10 08:31:22 aascedu kernel: pci 0000:00:01.3: quirk: [io  0x0700-0x070f] claimed by PIIX4 SMB
Mar 10 08:31:22 aascedu kernel: pci 0000:00:02.0: [1af4:1050] type 00 class 0x030000 conventional PCI endpoint
Mar 10 08:31:22 aascedu kernel: pci 0000:00:02.0: BAR 0 [mem 0xfe000000-0xfe7fffff pref]
Mar 10 08:31:22 aascedu kernel: pci 0000:00:02.0: BAR 2 [mem 0xfe800000-0xfe803fff 64bit pref]
Mar 10 08:31:22 aascedu kernel: pci 0000:00:02.0: BAR 4 [mem 0xfebb0000-0xfebb0fff]
Mar 10 08:31:22 aascedu kernel: pci 0000:00:02.0: ROM [mem 0xfeba0000-0xfebaffff pref]
Mar 10 08:31:22 aascedu kernel: pci 0000:00:02.0: Video device with shadowed ROM at [mem 0x000c0000-0x000dffff]
Mar 10 08:31:22 aascedu kernel: pci 0000:00:03.0: [8086:100e] type 00 class 0x020000 conventional PCI endpoint
Mar 10 08:31:22 aascedu kernel: pci 0000:00:03.0: BAR 0 [mem 0xfeb80000-0xfeb9ffff]
Mar 10 08:31:22 aascedu kernel: pci 0000:00:03.0: BAR 1 [io  0xc000-0xc03f]
Mar 10 08:31:22 aascedu kernel: pci 0000:00:03.0: ROM [mem 0xfeb00000-0xfeb7ffff pref]
Mar 10 08:31:22 aascedu kernel: ACPI: PCI: Interrupt link LNKA configured for IRQ 10
Mar 10 08:31:22 aascedu kernel: ACPI: PCI: Interrupt link LNKB configured for IRQ 10
Mar 10 08:31:22 aascedu kernel: ACPI: PCI: Interrupt link LNKC configured for IRQ 11
Mar 10 08:31:22 aascedu kernel: ACPI: PCI: Interrupt link LNKD configured for IRQ 11
Mar 10 08:31:22 aascedu kernel: ACPI: PCI: Interrupt link LNKS configured for IRQ 9
Mar 10 08:31:22 aascedu kernel: iommu: Default domain type: Translated
Mar 10 08:31:22 aascedu kernel: iommu: DMA domain TLB invalidation policy: lazy mode
Mar 10 08:31:22 aascedu kernel: SCSI subsystem initialized
Mar 10 08:31:22 aascedu kernel: libata version 3.00 loaded.
Mar 10 08:31:22 aascedu kernel: ACPI: bus type USB registered
Mar 10 08:31:22 aascedu kernel: usbcore: registered new interface driver usbfs
Mar 10 08:31:22 aascedu kernel: usbcore: registered new interface driver hub
Mar 10 08:31:22 aascedu kernel: usbcore: registered new device driver usb
Mar 10 08:31:22 aascedu kernel: pps_core: LinuxPPS API ver. 1 registered
Mar 10 08:31:22 aascedu kernel: pps_core: Software ver. 5.3.6 - Copyright 2005-2007 Rodolfo Giometti <giometti@linux.it>
Mar 10 08:31:22 aascedu kernel: PTP clock support registered
Mar 10 08:31:22 aascedu kernel: Advanced Linux Sound Architecture Driver Initialized.
Mar 10 08:31:22 aascedu kernel: NetLabel: Initializing
Mar 10 08:31:22 aascedu kernel: NetLabel:  domain hash size = 128
Mar 10 08:31:22 aascedu kernel: NetLabel:  protocols = UNLABELED CIPSOv4 CALIPSO
Mar 10 08:31:22 aascedu kernel: NetLabel:  unlabeled traffic allowed by default
Mar 10 08:31:22 aascedu kernel: PCI: Using ACPI for IRQ routing
Mar 10 08:31:22 aascedu kernel: PCI: pci_cache_line_size set to 64 bytes
Mar 10 08:31:22 aascedu kernel: e820: reserve RAM buffer [mem 0x0009fc00-0x0009ffff]
Mar 10 08:31:22 aascedu kernel: e820: reserve RAM buffer [mem 0xbffe0000-0xbfffffff]
Mar 10 08:31:22 aascedu kernel: pci 0000:00:02.0: vgaarb: setting as boot VGA device
Mar 10 08:31:22 aascedu kernel: pci 0000:00:02.0: vgaarb: bridge control possible
Mar 10 08:31:22 aascedu kernel: pci 0000:00:02.0: vgaarb: VGA device added: decodes=io+mem,owns=io+mem,locks=none
Mar 10 08:31:22 aascedu kernel: vgaarb: loaded
Mar 10 08:31:22 aascedu kernel: hpet0: at MMIO 0xfed00000, IRQs 2, 8, 0
Mar 10 08:31:22 aascedu kernel: hpet0: 3 comparators, 64-bit 100.000000 MHz counter
Mar 10 08:31:22 aascedu kernel: clocksource: Switched to clocksource kvm-clock
Mar 10 08:31:22 aascedu kernel: VFS: Disk quotas dquot_6.6.0
Mar 10 08:31:22 aascedu kernel: VFS: Dquot-cache hash table entries: 512 (order 0, 4096 bytes)
Mar 10 08:31:22 aascedu kernel: pnp: PnP ACPI init
Mar 10 08:31:22 aascedu kernel: pnp 00:02: [dma 2]
Mar 10 08:31:22 aascedu kernel: pnp: PnP ACPI: found 6 devices
Mar 10 08:31:22 aascedu kernel: clocksource: acpi_pm: mask: 0xffffff max_cycles: 0xffffff, max_idle_ns: 2085701024 ns
Mar 10 08:31:22 aascedu kernel: NET: Registered PF_INET protocol family
Mar 10 08:31:22 aascedu kernel: IP idents hash table entries: 131072 (order: 8, 1048576 bytes, linear)
Mar 10 08:31:22 aascedu kernel: tcp_listen_portaddr_hash hash table entries: 4096 (order: 4, 65536 bytes, linear)
Mar 10 08:31:22 aascedu kernel: Table-perturb hash table entries: 65536 (order: 6, 262144 bytes, linear)
Mar 10 08:31:22 aascedu kernel: TCP established hash table entries: 65536 (order: 7, 524288 bytes, linear)
Mar 10 08:31:22 aascedu kernel: TCP bind hash table entries: 65536 (order: 9, 2097152 bytes, linear)
Mar 10 08:31:22 aascedu kernel: TCP: Hash tables configured (established 65536 bind 65536)
Mar 10 08:31:22 aascedu kernel: UDP hash table entries: 4096 (order: 6, 262144 bytes, linear)
Mar 10 08:31:22 aascedu kernel: UDP-Lite hash table entries: 4096 (order: 6, 262144 bytes, linear)
Mar 10 08:31:22 aascedu kernel: NET: Registered PF_UNIX/PF_LOCAL protocol family
Mar 10 08:31:22 aascedu kernel: RPC: Registered named UNIX socket transport module.
Mar 10 08:31:22 aascedu kernel: RPC: Registered udp transport module.
Mar 10 08:31:22 aascedu kernel: RPC: Registered tcp transport module.
Mar 10 08:31:22 aascedu kernel: RPC: Registered tcp-with-tls transport module.
Mar 10 08:31:22 aascedu kernel: RPC: Registered tcp NFSv4.1 backchannel transport module.
Mar 10 08:31:22 aascedu kernel: pci_bus 0000:00: resource 4 [io  0x0000-0x0cf7 window]
Mar 10 08:31:22 aascedu kernel: pci_bus 0000:00: resource 5 [io  0x0d00-0xffff window]
Mar 10 08:31:22 aascedu kernel: pci_bus 0000:00: resource 6 [mem 0x000a0000-0x000bffff window]
Mar 10 08:31:22 aascedu kernel: pci_bus 0000:00: resource 7 [mem 0xc0000000-0xfebfffff window]
Mar 10 08:31:22 aascedu kernel: pci_bus 0000:00: resource 8 [mem 0x240000000-0x2bfffffff window]
Mar 10 08:31:22 aascedu kernel: pci 0000:00:01.0: PIIX3: Enabling Passive Release
Mar 10 08:31:22 aascedu kernel: pci 0000:00:00.0: Limiting direct PCI/PCI transfers
Mar 10 08:31:22 aascedu kernel: PCI: CLS 0 bytes, default 64
Mar 10 08:31:22 aascedu kernel: PCI-DMA: Using software bounce buffering for IO (SWIOTLB)
Mar 10 08:31:22 aascedu kernel: software IO TLB: mapped [mem 0x00000000bbfe0000-0x00000000bffe0000] (64MB)
Mar 10 08:31:22 aascedu kernel: RAPL PMU: API unit is 2^-32 Joules, 0 fixed counters, 10737418240 ms ovfl timer
Mar 10 08:31:22 aascedu kernel: clocksource: tsc: mask: 0xffffffffffffffff max_cycles: 0x1e71785e5dd, max_idle_ns: 440795244814 ns
Mar 10 08:31:22 aascedu kernel: Initialise system trusted keyrings
Mar 10 08:31:22 aascedu kernel: workingset: timestamp_bits=40 max_order=21 bucket_order=0
Mar 10 08:31:22 aascedu kernel: NFS: Registering the id_resolver key type
Mar 10 08:31:22 aascedu kernel: Key type id_resolver registered
Mar 10 08:31:22 aascedu kernel: Key type id_legacy registered
Mar 10 08:31:22 aascedu kernel: 9p: Installing v9fs 9p2000 file system support
Mar 10 08:31:22 aascedu kernel: Key type asymmetric registered
Mar 10 08:31:22 aascedu kernel: Asymmetric key parser 'x509' registered
Mar 10 08:31:22 aascedu kernel: Block layer SCSI generic (bsg) driver version 0.4 loaded (major 251)
Mar 10 08:31:22 aascedu kernel: io scheduler mq-deadline registered
Mar 10 08:31:22 aascedu kernel: io scheduler kyber registered
Mar 10 08:31:22 aascedu kernel: input: Power Button as /devices/LNXSYSTM:00/LNXPWRBN:00/input/input0
Mar 10 08:31:22 aascedu kernel: ACPI: button: Power Button [PWRF]
Mar 10 08:31:22 aascedu kernel: ACPI: \x5c_SB_.LNKB: Enabled at IRQ 10
Mar 10 08:31:22 aascedu kernel: Serial: 8250/16550 driver, 4 ports, IRQ sharing enabled
Mar 10 08:31:22 aascedu kernel: 00:04: ttyS0 at I/O 0x3f8 (irq = 4, base_baud = 115200) is a 16550A
Mar 10 08:31:22 aascedu kernel: Non-volatile memory driver v1.3
Mar 10 08:31:22 aascedu kernel: Linux agpgart interface v0.103
Mar 10 08:31:22 aascedu kernel: ACPI: bus type drm_connector registered
Mar 10 08:31:22 aascedu kernel: [drm] pci: virtio-vga detected at 0000:00:02.0
Mar 10 08:31:22 aascedu kernel: virtio-pci 0000:00:02.0: vgaarb: deactivate vga console
Mar 10 08:31:22 aascedu kernel: [drm] features: -virgl +edid -resource_blob -host_visible
Mar 10 08:31:22 aascedu kernel: [drm] features: -context_init
Mar 10 08:31:22 aascedu kernel: [drm] number of scanouts: 1
Mar 10 08:31:22 aascedu kernel: [drm] number of cap sets: 0
Mar 10 08:31:22 aascedu kernel: virtio-pci 0000:00:02.0: [drm] Registered 1 planes with drm panic
Mar 10 08:31:22 aascedu kernel: [drm] Initialized virtio_gpu 0.1.0 for 0000:00:02.0 on minor 0
Mar 10 08:31:22 aascedu kernel: fbcon: virtio_gpudrmfb (fb0) is primary device
Mar 10 08:31:22 aascedu kernel: Console: switching to colour frame buffer device 80x30
Mar 10 08:31:22 aascedu kernel: virtio-pci 0000:00:02.0: [drm] fb0: virtio_gpudrmfb frame buffer device
Mar 10 08:31:22 aascedu kernel: loop: module loaded
Mar 10 08:31:22 aascedu kernel: scsi host0: ata_piix
Mar 10 08:31:22 aascedu kernel: scsi host1: ata_piix
Mar 10 08:31:22 aascedu kernel: ata1: PATA max MWDMA2 cmd 0x1f0 ctl 0x3f6 bmdma 0xc040 irq 14 lpm-pol 0
Mar 10 08:31:22 aascedu kernel: ata2: PATA max MWDMA2 cmd 0x170 ctl 0x376 bmdma 0xc048 irq 15 lpm-pol 0
Mar 10 08:31:22 aascedu kernel: e100: Intel(R) PRO/100 Network Driver
Mar 10 08:31:22 aascedu kernel: e100: Copyright(c) 1999-2006 Intel Corporation
Mar 10 08:31:22 aascedu kernel: e1000: Intel(R) PRO/1000 Network Driver
Mar 10 08:31:22 aascedu kernel: e1000: Copyright (c) 1999-2006 Intel Corporation.
Mar 10 08:31:22 aascedu kernel: ACPI: \x5c_SB_.LNKC: Enabled at IRQ 11
Mar 10 08:31:22 aascedu kernel: ata1: found unknown device (class 0)
Mar 10 08:31:22 aascedu kernel: ata2: found unknown device (class 0)
Mar 10 08:31:22 aascedu kernel: ata1.00: ATA-7: QEMU HARDDISK, 2.5+, max UDMA/100
Mar 10 08:31:22 aascedu kernel: ata1.00: 83886080 sectors, multi 16: LBA48 
Mar 10 08:31:22 aascedu kernel: ata2.00: ATAPI: QEMU DVD-ROM, 2.5+, max UDMA/100
Mar 10 08:31:22 aascedu kernel: scsi 0:0:0:0: Direct-Access     ATA      QEMU HARDDISK    2.5+ PQ: 0 ANSI: 5
Mar 10 08:31:22 aascedu kernel: sd 0:0:0:0: Attached scsi generic sg0 type 0
Mar 10 08:31:22 aascedu kernel: sd 0:0:0:0: [sda] 83886080 512-byte logical blocks: (42.9 GB/40.0 GiB)
Mar 10 08:31:22 aascedu kernel: sd 0:0:0:0: [sda] Write Protect is off
Mar 10 08:31:22 aascedu kernel: sd 0:0:0:0: [sda] Mode Sense: 00 3a 00 00
Mar 10 08:31:22 aascedu kernel: sd 0:0:0:0: [sda] Write cache: enabled, read cache: enabled, doesn't support DPO or FUA
Mar 10 08:31:22 aascedu kernel: sd 0:0:0:0: [sda] Preferred minimum I/O size 512 bytes
Mar 10 08:31:22 aascedu kernel: scsi 1:0:0:0: CD-ROM            QEMU     QEMU DVD-ROM     2.5+ PQ: 0 ANSI: 5
Mar 10 08:31:22 aascedu kernel:  sda: sda1 sda3 sda4 sda5
Mar 10 08:31:22 aascedu kernel: sd 0:0:0:0: [sda] Attached SCSI disk
Mar 10 08:31:22 aascedu kernel: sr 1:0:0:0: [sr0] scsi3-mmc drive: 4x/4x cd/rw xa/form2 tray
Mar 10 08:31:22 aascedu kernel: cdrom: Uniform CD-ROM driver Revision: 3.20
Mar 10 08:31:22 aascedu kernel: sr 1:0:0:0: Attached scsi CD-ROM sr0
Mar 10 08:31:22 aascedu kernel: sr 1:0:0:0: Attached scsi generic sg1 type 5
Mar 10 08:31:22 aascedu kernel: e1000 0000:00:03.0 eth0: (PCI:33MHz:32-bit) 52:54:00:12:34:56
Mar 10 08:31:22 aascedu kernel: e1000 0000:00:03.0 eth0: Intel(R) PRO/1000 Network Connection
Mar 10 08:31:22 aascedu kernel: e1000e: Intel(R) PRO/1000 Network Driver
Mar 10 08:31:22 aascedu kernel: e1000e: Copyright(c) 1999 - 2015 Intel Corporation.
Mar 10 08:31:22 aascedu kernel: sky2: driver version 1.30
Mar 10 08:31:22 aascedu kernel: usbcore: registered new interface driver usblp
Mar 10 08:31:22 aascedu kernel: usbcore: registered new interface driver usb-storage
Mar 10 08:31:22 aascedu kernel: i8042: PNP: PS/2 Controller [PNP0303:KBD,PNP0f13:MOU] at 0x60,0x64 irq 1,12
Mar 10 08:31:22 aascedu kernel: serio: i8042 KBD port at 0x60,0x64 irq 1
Mar 10 08:31:22 aascedu kernel: serio: i8042 AUX port at 0x60,0x64 irq 12
Mar 10 08:31:22 aascedu kernel: rtc_cmos 00:05: RTC can wake from S4
Mar 10 08:31:22 aascedu kernel: input: AT Translated Set 2 keyboard as /devices/platform/i8042/serio0/input/input1
Mar 10 08:31:22 aascedu kernel: rtc_cmos 00:05: registered as rtc0
Mar 10 08:31:22 aascedu kernel: rtc_cmos 00:05: alarms up to one day, y3k, 242 bytes nvram, hpet irqs
Mar 10 08:31:22 aascedu kernel: device-mapper: ioctl: 4.50.0-ioctl (2025-04-28) initialised: dm-devel@lists.linux.dev
Mar 10 08:31:22 aascedu kernel: intel_pstate: CPU model not supported
Mar 10 08:31:22 aascedu kernel: hid: raw HID events driver (C) Jiri Kosina
Mar 10 08:31:22 aascedu kernel: usbcore: registered new interface driver usbhid
Mar 10 08:31:22 aascedu kernel: usbhid: USB HID core driver
Mar 10 08:31:22 aascedu kernel: Initializing XFRM netlink socket
Mar 10 08:31:22 aascedu kernel: NET: Registered PF_INET6 protocol family
Mar 10 08:31:22 aascedu kernel: Segment Routing with IPv6
Mar 10 08:31:22 aascedu kernel: In-situ OAM (IOAM) with IPv6
Mar 10 08:31:22 aascedu kernel: sit: IPv6, IPv4 and MPLS over IPv4 tunneling driver
Mar 10 08:31:22 aascedu kernel: NET: Registered PF_PACKET protocol family
Mar 10 08:31:22 aascedu kernel: 9pnet: Installing 9P2000 support
Mar 10 08:31:22 aascedu kernel: Key type dns_resolver registered
Mar 10 08:31:22 aascedu kernel: IPI shorthand broadcast: enabled
Mar 10 08:31:22 aascedu kernel: sched_clock: Marking stable (467001543, 388750)->(469071077, -1680784)
Mar 10 08:31:22 aascedu kernel: registered taskstats version 1
Mar 10 08:31:22 aascedu kernel: Loading compiled-in X.509 certificates
Mar 10 08:31:22 aascedu kernel: Demotion targets for Node 0: null
Mar 10 08:31:22 aascedu kernel: PM:   Magic number: 2:949:520
Mar 10 08:31:22 aascedu kernel: scsi target1:0:0: hash matches
Mar 10 08:31:22 aascedu kernel: netconsole: network logging started
Mar 10 08:31:22 aascedu kernel: cfg80211: Loading compiled-in X.509 certificates for regulatory database
Mar 10 08:31:22 aascedu kernel: kworker/u80:0 (159) used greatest stack depth: 13952 bytes left
Mar 10 08:31:22 aascedu kernel: Loaded X.509 cert 'sforshee: 00b28ddf47aef9cea7'
Mar 10 08:31:22 aascedu kernel: Loaded X.509 cert 'wens: 61c038651aabdcf94bd0ac7ff06c7248db18c600'
Mar 10 08:31:22 aascedu kernel: platform regulatory.0: Direct firmware load for regulatory.db failed with error -2
Mar 10 08:31:22 aascedu kernel: cfg80211: failed to load regulatory.db
Mar 10 08:31:22 aascedu kernel: ALSA device list:
Mar 10 08:31:22 aascedu kernel:   No soundcards found.
Mar 10 08:31:22 aascedu kernel: input: ImExPS/2 Generic Explorer Mouse as /devices/platform/i8042/serio1/input/input3
Mar 10 08:31:22 aascedu kernel: md: Waiting for all devices to be available before autodetect
Mar 10 08:31:22 aascedu kernel: md: If you don't use raid, use raid=noautodetect
Mar 10 08:31:22 aascedu kernel: md: Autodetecting RAID arrays.
Mar 10 08:31:22 aascedu kernel: md: autorun ...
Mar 10 08:31:22 aascedu kernel: md: ... autorun DONE.
Mar 10 08:31:22 aascedu kernel: EXT4-fs (sda5): INFO: recovery required on readonly filesystem
Mar 10 08:31:22 aascedu kernel: EXT4-fs (sda5): write access will be enabled during recovery
Mar 10 08:31:22 aascedu kernel: EXT4-fs (sda5): recovery complete
Mar 10 08:31:22 aascedu kernel: EXT4-fs (sda5): mounted filesystem b4d7eb2a-b4ac-4ed8-99e4-9064ea766d25 ro with ordered data mode. Quota mode: none.
Mar 10 08:31:22 aascedu kernel: VFS: Mounted root (ext4 filesystem) readonly on device 8:5.
Mar 10 08:31:22 aascedu kernel: devtmpfs: mounted
Mar 10 08:31:22 aascedu kernel: Freeing unused kernel image (initmem) memory: 2812K
Mar 10 08:31:22 aascedu kernel: Write protecting the kernel read-only data: 28672k
Mar 10 08:31:22 aascedu kernel: Freeing unused kernel image (text/rodata gap) memory: 1664K
Mar 10 08:31:22 aascedu kernel: Freeing unused kernel image (rodata/data gap) memory: 800K
Mar 10 08:31:22 aascedu kernel: x86/mm: Checked W+X mappings: passed, no W+X pages found.
Mar 10 08:31:22 aascedu kernel: Run /sbin/init as init process
Mar 10 08:31:22 aascedu kernel:   with arguments:
Mar 10 08:31:22 aascedu kernel:     /sbin/init
Mar 10 08:31:22 aascedu kernel:   with environment:
Mar 10 08:31:22 aascedu kernel:     HOME=/
Mar 10 08:31:22 aascedu kernel:     TERM=linux
Mar 10 08:31:22 aascedu kernel:     BOOT_IMAGE=/vmlinuz-6.16.1-aascedu
Mar 10 08:31:22 aascedu kernel: stty (170) used greatest stack depth: 12328 bytes left
Mar 10 08:31:23 aascedu kernel: sed (185) used greatest stack depth: 12264 bytes left
Mar 10 08:31:23 aascedu kernel: S08localnet (265) used greatest stack depth: 12256 bytes left
Mar 10 08:31:23 aascedu kernel: e1000 0000:00:03.0 ens3: renamed from eth0
Mar 10 08:31:24 aascedu kernel: Adding 2097148k swap on /dev/sda4.  Priority:1 extents:1 across:2097148k 
Mar 10 08:31:24 aascedu kernel: EXT4-fs (sda5): re-mounted b4d7eb2a-b4ac-4ed8-99e4-9064ea766d25.
Mar 10 08:31:24 aascedu kernel: EXT4-fs (sda5): re-mounted b4d7eb2a-b4ac-4ed8-99e4-9064ea766d25 r/w.
Mar 10 08:31:24 aascedu kernel: EXT4-fs (sda3): mounting ext2 file system using the ext4 subsystem
Mar 10 08:31:24 aascedu kernel: EXT4-fs (sda3): mounted filesystem 625a4ecc-c41c-46bf-bba8-be9d697adec1 r/w without journal. Quota mode: none.
Mar 10 08:31:26 aascedu kernel: e1000: ens3 NIC Link is Up 1000 Mbps Full Duplex, Flow Control: RX
Mar 10 08:42:23 aascedu kernel: kworker/u80:0 (12) used greatest stack depth: 12040 bytes left
Mar 10 09:21:21 aascedu kernel: Linux version 6.16.1aascedu (root@aascedu) (gcc (GCC) 15.2.0, GNU ld (GNU Binutils) 2.45) #1 SMP PREEMPT_DYNAMIC Fri Mar  6 09:31:47 CET 2026
Mar 10 09:21:21 aascedu kernel: Command line: BOOT_IMAGE=/vmlinuz-6.16.1-aascedu root=PARTUUID=88408a23-622f-46c6-96b4-4c40c536478e ro
Mar 10 09:21:21 aascedu kernel: BIOS-provided physical RAM map:
Mar 10 09:21:21 aascedu kernel: BIOS-e820: [mem 0x0000000000000000-0x000000000009fbff] usable
Mar 10 09:21:21 aascedu kernel: BIOS-e820: [mem 0x000000000009fc00-0x000000000009ffff] reserved
Mar 10 09:21:21 aascedu kernel: BIOS-e820: [mem 0x00000000000f0000-0x00000000000fffff] reserved
Mar 10 09:21:21 aascedu kernel: BIOS-e820: [mem 0x0000000000100000-0x00000000bffdffff] usable
Mar 10 09:21:21 aascedu kernel: BIOS-e820: [mem 0x00000000bffe0000-0x00000000bfffffff] reserved
Mar 10 09:21:21 aascedu kernel: BIOS-e820: [mem 0x00000000feffc000-0x00000000feffffff] reserved
Mar 10 09:21:21 aascedu kernel: BIOS-e820: [mem 0x00000000fffc0000-0x00000000ffffffff] reserved
Mar 10 09:21:21 aascedu kernel: BIOS-e820: [mem 0x0000000100000000-0x000000023fffffff] usable
Mar 10 09:21:21 aascedu kernel: NX (Execute Disable) protection: active
Mar 10 09:21:21 aascedu kernel: APIC: Static calls initialized
Mar 10 09:21:21 aascedu kernel: SMBIOS 2.8 present.
Mar 10 09:21:21 aascedu kernel: DMI: QEMU Standard PC (i440FX + PIIX, 1996), BIOS 1.15.0-1 04/01/2014
Mar 10 09:21:21 aascedu kernel: DMI: Memory slots populated: 1/1
Mar 10 09:21:21 aascedu kernel: Hypervisor detected: KVM
Mar 10 09:21:21 aascedu kernel: kvm-clock: Using msrs 4b564d01 and 4b564d00
Mar 10 09:21:21 aascedu kernel: kvm-clock: using sched offset of 6206923002 cycles
Mar 10 09:21:21 aascedu kernel: clocksource: kvm-clock: mask: 0xffffffffffffffff max_cycles: 0x1cd42e4dffb, max_idle_ns: 881590591483 ns
Mar 10 09:21:21 aascedu kernel: tsc: Detected 2112.000 MHz processor
Mar 10 09:21:21 aascedu kernel: e820: update [mem 0x00000000-0x00000fff] usable ==> reserved
Mar 10 09:21:21 aascedu kernel: e820: remove [mem 0x000a0000-0x000fffff] usable
Mar 10 09:21:21 aascedu kernel: last_pfn = 0x240000 max_arch_pfn = 0x400000000
Mar 10 09:21:21 aascedu kernel: MTRR map: 4 entries (3 fixed + 1 variable; max 19), built from 8 variable MTRRs
Mar 10 09:21:21 aascedu kernel: x86/PAT: Configuration [0-7]: WB  WC  UC- UC  WB  WP  UC- WT  
Mar 10 09:21:21 aascedu kernel: last_pfn = 0xbffe0 max_arch_pfn = 0x400000000
Mar 10 09:21:21 aascedu kernel: found SMP MP-table at [mem 0x000f5b90-0x000f5b9f]
Mar 10 09:21:21 aascedu kernel: Using GB pages for direct mapping
Mar 10 09:21:21 aascedu kernel: ACPI: Early table checksum verification disabled
Mar 10 09:21:21 aascedu kernel: ACPI: RSDP 0x00000000000F59B0 000014 (v00 BOCHS )
Mar 10 09:21:21 aascedu kernel: ACPI: RSDT 0x00000000BFFE1FFD 000034 (v01 BOCHS  BXPC     00000001 BXPC 00000001)
Mar 10 09:21:21 aascedu kernel: ACPI: FACP 0x00000000BFFE1E19 000074 (v01 BOCHS  BXPC     00000001 BXPC 00000001)
Mar 10 09:21:21 aascedu kernel: ACPI: DSDT 0x00000000BFFE0040 001DD9 (v01 BOCHS  BXPC     00000001 BXPC 00000001)
Mar 10 09:21:21 aascedu kernel: ACPI: FACS 0x00000000BFFE0000 000040
Mar 10 09:21:21 aascedu kernel: ACPI: APIC 0x00000000BFFE1E8D 000110 (v01 BOCHS  BXPC     00000001 BXPC 00000001)
Mar 10 09:21:21 aascedu kernel: ACPI: HPET 0x00000000BFFE1F9D 000038 (v01 BOCHS  BXPC     00000001 BXPC 00000001)
Mar 10 09:21:21 aascedu kernel: ACPI: WAET 0x00000000BFFE1FD5 000028 (v01 BOCHS  BXPC     00000001 BXPC 00000001)
Mar 10 09:21:21 aascedu kernel: ACPI: Reserving FACP table memory at [mem 0xbffe1e19-0xbffe1e8c]
Mar 10 09:21:21 aascedu kernel: ACPI: Reserving DSDT table memory at [mem 0xbffe0040-0xbffe1e18]
Mar 10 09:21:21 aascedu kernel: ACPI: Reserving FACS table memory at [mem 0xbffe0000-0xbffe003f]
Mar 10 09:21:21 aascedu kernel: ACPI: Reserving APIC table memory at [mem 0xbffe1e8d-0xbffe1f9c]
Mar 10 09:21:21 aascedu kernel: ACPI: Reserving HPET table memory at [mem 0xbffe1f9d-0xbffe1fd4]
Mar 10 09:21:21 aascedu kernel: ACPI: Reserving WAET table memory at [mem 0xbffe1fd5-0xbffe1ffc]
Mar 10 09:21:21 aascedu kernel: No NUMA configuration found
Mar 10 09:21:21 aascedu kernel: Faking a node at [mem 0x0000000000000000-0x000000023fffffff]
Mar 10 09:21:21 aascedu kernel: NODE_DATA(0) allocated [mem 0x23fffa900-0x23fffdfff]
Mar 10 09:21:21 aascedu kernel: Zone ranges:
Mar 10 09:21:21 aascedu kernel:   DMA      [mem 0x0000000000001000-0x0000000000ffffff]
Mar 10 09:21:21 aascedu kernel:   DMA32    [mem 0x0000000001000000-0x00000000ffffffff]
Mar 10 09:21:21 aascedu kernel:   Normal   [mem 0x0000000100000000-0x000000023fffffff]
Mar 10 09:21:21 aascedu kernel: Movable zone start for each node
Mar 10 09:21:21 aascedu kernel: Early memory node ranges
Mar 10 09:21:21 aascedu kernel:   node   0: [mem 0x0000000000001000-0x000000000009efff]
Mar 10 09:21:21 aascedu kernel:   node   0: [mem 0x0000000000100000-0x00000000bffdffff]
Mar 10 09:21:21 aascedu kernel:   node   0: [mem 0x0000000100000000-0x000000023fffffff]
Mar 10 09:21:21 aascedu kernel: Initmem setup node 0 [mem 0x0000000000001000-0x000000023fffffff]
Mar 10 09:21:21 aascedu kernel: On node 0, zone DMA: 1 pages in unavailable ranges
Mar 10 09:21:21 aascedu kernel: On node 0, zone DMA: 97 pages in unavailable ranges
Mar 10 09:21:21 aascedu kernel: On node 0, zone Normal: 32 pages in unavailable ranges
Mar 10 09:21:21 aascedu kernel: ACPI: PM-Timer IO Port: 0x608
Mar 10 09:21:21 aascedu kernel: ACPI: LAPIC_NMI (acpi_id[0xff] dfl dfl lint[0x1])
Mar 10 09:21:21 aascedu kernel: IOAPIC[0]: apic_id 0, version 17, address 0xfec00000, GSI 0-23
Mar 10 09:21:21 aascedu kernel: ACPI: INT_SRC_OVR (bus 0 bus_irq 0 global_irq 2 dfl dfl)
Mar 10 09:21:21 aascedu kernel: ACPI: INT_SRC_OVR (bus 0 bus_irq 5 global_irq 5 high level)
Mar 10 09:21:21 aascedu kernel: ACPI: INT_SRC_OVR (bus 0 bus_irq 9 global_irq 9 high level)
Mar 10 09:21:21 aascedu kernel: ACPI: INT_SRC_OVR (bus 0 bus_irq 10 global_irq 10 high level)
Mar 10 09:21:21 aascedu kernel: ACPI: INT_SRC_OVR (bus 0 bus_irq 11 global_irq 11 high level)
Mar 10 09:21:21 aascedu kernel: ACPI: Using ACPI (MADT) for SMP configuration information
Mar 10 09:21:21 aascedu kernel: ACPI: HPET id: 0x8086a201 base: 0xfed00000
Mar 10 09:21:21 aascedu kernel: TSC deadline timer available
Mar 10 09:21:21 aascedu kernel: CPU topo: Max. logical packages:   1
Mar 10 09:21:21 aascedu kernel: CPU topo: Max. logical dies:       1
Mar 10 09:21:21 aascedu kernel: CPU topo: Max. dies per package:   1
Mar 10 09:21:21 aascedu kernel: CPU topo: Max. threads per core:   1
Mar 10 09:21:21 aascedu kernel: CPU topo: Num. cores per package:    20
Mar 10 09:21:21 aascedu kernel: CPU topo: Num. threads per package:  20
Mar 10 09:21:21 aascedu kernel: CPU topo: Allowing 20 present CPUs plus 0 hotplug CPUs
Mar 10 09:21:21 aascedu kernel: kvm-guest: APIC: eoi() replaced with kvm_guest_apic_eoi_write()
Mar 10 09:21:21 aascedu kernel: kvm-guest: KVM setup pv remote TLB flush
Mar 10 09:21:21 aascedu kernel: kvm-guest: setup PV sched yield
Mar 10 09:21:21 aascedu kernel: PM: hibernation: Registered nosave memory: [mem 0x00000000-0x00000fff]
Mar 10 09:21:21 aascedu kernel: PM: hibernation: Registered nosave memory: [mem 0x0009f000-0x000fffff]
Mar 10 09:21:21 aascedu kernel: PM: hibernation: Registered nosave memory: [mem 0xbffe0000-0xffffffff]
Mar 10 09:21:21 aascedu kernel: [mem 0xc0000000-0xfeffbfff] available for PCI devices
Mar 10 09:21:21 aascedu kernel: Booting paravirtualized kernel on KVM
Mar 10 09:21:21 aascedu kernel: clocksource: refined-jiffies: mask: 0xffffffff max_cycles: 0xffffffff, max_idle_ns: 1910969940391419 ns
Mar 10 09:21:21 aascedu kernel: setup_percpu: NR_CPUS:64 nr_cpumask_bits:20 nr_cpu_ids:20 nr_node_ids:1
Mar 10 09:21:21 aascedu kernel: percpu: Embedded 52 pages/cpu s172760 r8192 d32040 u262144
Mar 10 09:21:21 aascedu kernel: pcpu-alloc: s172760 r8192 d32040 u262144 alloc=1*2097152
Mar 10 09:21:21 aascedu kernel: pcpu-alloc: [0] 00 01 02 03 04 05 06 07 [0] 08 09 10 11 12 13 14 15 
Mar 10 09:21:21 aascedu kernel: pcpu-alloc: [0] 16 17 18 19 -- -- -- -- 
Mar 10 09:21:21 aascedu kernel: Kernel command line: BOOT_IMAGE=/vmlinuz-6.16.1-aascedu root=PARTUUID=88408a23-622f-46c6-96b4-4c40c536478e ro
Mar 10 09:21:21 aascedu kernel: Unknown kernel command line parameters "BOOT_IMAGE=/vmlinuz-6.16.1-aascedu", will be passed to user space.
Mar 10 09:21:21 aascedu kernel: random: crng init done
Mar 10 09:21:21 aascedu kernel: printk: log buffer data + meta data: 262144 + 917504 = 1179648 bytes
Mar 10 09:21:21 aascedu kernel: Dentry cache hash table entries: 1048576 (order: 11, 8388608 bytes, linear)
Mar 10 09:21:21 aascedu kernel: Inode-cache hash table entries: 524288 (order: 10, 4194304 bytes, linear)
Mar 10 09:21:21 aascedu kernel: software IO TLB: area num 32.
Mar 10 09:21:21 aascedu kernel: Fallback order for Node 0: 0 
Mar 10 09:21:21 aascedu kernel: Built 1 zonelists, mobility grouping on.  Total pages: 2097022
Mar 10 09:21:21 aascedu kernel: Policy zone: Normal
Mar 10 09:21:21 aascedu kernel: mem auto-init: stack:all(zero), heap alloc:off, heap free:off
Mar 10 09:21:21 aascedu kernel: SLUB: HWalign=64, Order=0-3, MinObjects=0, CPUs=20, Nodes=1
Mar 10 09:21:21 aascedu kernel: Dynamic Preempt: voluntary
Mar 10 09:21:21 aascedu kernel: rcu: Preemptible hierarchical RCU implementation.
Mar 10 09:21:21 aascedu kernel: rcu: \x09RCU event tracing is enabled.
Mar 10 09:21:21 aascedu kernel: rcu: \x09RCU restricting CPUs from NR_CPUS=64 to nr_cpu_ids=20.
Mar 10 09:21:21 aascedu kernel: \x09Trampoline variant of Tasks RCU enabled.
Mar 10 09:21:21 aascedu kernel: \x09Tracing variant of Tasks RCU enabled.
Mar 10 09:21:21 aascedu kernel: rcu: RCU calculated value of scheduler-enlistment delay is 100 jiffies.
Mar 10 09:21:21 aascedu kernel: rcu: Adjusting geometry for rcu_fanout_leaf=16, nr_cpu_ids=20
Mar 10 09:21:21 aascedu kernel: RCU Tasks: Setting shift to 5 and lim to 1 rcu_task_cb_adjust=1 rcu_task_cpu_ids=20.
Mar 10 09:21:21 aascedu kernel: RCU Tasks Trace: Setting shift to 5 and lim to 1 rcu_task_cb_adjust=1 rcu_task_cpu_ids=20.
Mar 10 09:21:21 aascedu kernel: NR_IRQS: 4352, nr_irqs: 584, preallocated irqs: 16
Mar 10 09:21:21 aascedu kernel: rcu: srcu_init: Setting srcu_struct sizes based on contention.
Mar 10 09:21:21 aascedu kernel: Console: colour dummy device 80x25
Mar 10 09:21:21 aascedu kernel: printk: legacy console [tty0] enabled
Mar 10 09:21:21 aascedu kernel: ACPI: Core revision 20250404
Mar 10 09:21:21 aascedu kernel: clocksource: hpet: mask: 0xffffffff max_cycles: 0xffffffff, max_idle_ns: 19112604467 ns
Mar 10 09:21:21 aascedu kernel: APIC: Switch to symmetric I/O mode setup
Mar 10 09:21:21 aascedu kernel: x2apic enabled
Mar 10 09:21:21 aascedu kernel: APIC: Switched APIC routing to: physical x2apic
Mar 10 09:21:21 aascedu kernel: kvm-guest: APIC: send_IPI_mask() replaced with kvm_send_ipi_mask()
Mar 10 09:21:21 aascedu kernel: kvm-guest: APIC: send_IPI_mask_allbutself() replaced with kvm_send_ipi_mask_allbutself()
Mar 10 09:21:21 aascedu kernel: kvm-guest: setup PV IPIs
Mar 10 09:21:21 aascedu kernel: ..TIMER: vector=0x30 apic1=0 pin1=2 apic2=-1 pin2=-1
Mar 10 09:21:21 aascedu kernel: clocksource: tsc-early: mask: 0xffffffffffffffff max_cycles: 0x1e71785e5dd, max_idle_ns: 440795244814 ns
Mar 10 09:21:21 aascedu kernel: Calibrating delay loop (skipped) preset value.. 4224.00 BogoMIPS (lpj=2112000)
Mar 10 09:21:21 aascedu kernel: x86/cpu: User Mode Instruction Prevention (UMIP) activated
Mar 10 09:21:21 aascedu kernel: Last level iTLB entries: 4KB 0, 2MB 0, 4MB 0
Mar 10 09:21:21 aascedu kernel: Last level dTLB entries: 4KB 0, 2MB 0, 4MB 0, 1GB 0
Mar 10 09:21:21 aascedu kernel: Speculative Store Bypass: Mitigation: Speculative Store Bypass disabled via prctl
Mar 10 09:21:21 aascedu kernel: Spectre V2 : Mitigation: Enhanced / Automatic IBRS
Mar 10 09:21:21 aascedu kernel: ITS: Mitigation: Aligned branch/return thunks
Mar 10 09:21:21 aascedu kernel: Spectre V1 : Mitigation: usercopy/swapgs barriers and __user pointer sanitization
Mar 10 09:21:21 aascedu kernel: Spectre V2 : Spectre v2 / PBRSB-eIBRS: Retire a single CALL on VMEXIT
Mar 10 09:21:21 aascedu kernel: Spectre V2 : mitigation: Enabling conditional Indirect Branch Prediction Barrier
Mar 10 09:21:21 aascedu kernel: Spectre V2 : Spectre BHI mitigation: SW BHB clearing on syscall and VM exit
Mar 10 09:21:21 aascedu kernel: x86/fpu: Supporting XSAVE feature 0x001: 'x87 floating point registers'
Mar 10 09:21:21 aascedu kernel: x86/fpu: Supporting XSAVE feature 0x002: 'SSE registers'
Mar 10 09:21:21 aascedu kernel: x86/fpu: Supporting XSAVE feature 0x004: 'AVX registers'
Mar 10 09:21:21 aascedu kernel: x86/fpu: Supporting XSAVE feature 0x200: 'Protection Keys User registers'
Mar 10 09:21:21 aascedu kernel: x86/fpu: xstate_offset[2]:  576, xstate_sizes[2]:  256
Mar 10 09:21:21 aascedu kernel: x86/fpu: xstate_offset[9]:  832, xstate_sizes[9]:    8
Mar 10 09:21:21 aascedu kernel: x86/fpu: Enabled xstate features 0x207, context size is 840 bytes, using 'compacted' format.
Mar 10 09:21:21 aascedu kernel: Freeing SMP alternatives memory: 56K
Mar 10 09:21:21 aascedu kernel: pid_max: default: 32768 minimum: 301
Mar 10 09:21:21 aascedu kernel: LSM: initializing lsm=capability,selinux
Mar 10 09:21:21 aascedu kernel: SELinux:  Initializing.
Mar 10 09:21:21 aascedu kernel: Mount-cache hash table entries: 16384 (order: 5, 131072 bytes, linear)
Mar 10 09:21:21 aascedu kernel: Mountpoint-cache hash table entries: 16384 (order: 5, 131072 bytes, linear)
Mar 10 09:21:21 aascedu kernel: smpboot: CPU0: 12th Gen Intel(R) Core(TM) i7-12700 (family: 0x6, model: 0x97, stepping: 0x2)
Mar 10 09:21:21 aascedu kernel: Performance Events: Alderlake Hybrid events, full-width counters, Intel PMU driver.
Mar 10 09:21:21 aascedu kernel: core: cpu_core PMU driver: 
Mar 10 09:21:21 aascedu kernel: ... version:                2
Mar 10 09:21:21 aascedu kernel: ... bit width:              48
Mar 10 09:21:21 aascedu kernel: ... generic registers:      6
Mar 10 09:21:21 aascedu kernel: ... value mask:             0000ffffffffffff
Mar 10 09:21:21 aascedu kernel: ... max period:             00007fffffffffff
Mar 10 09:21:21 aascedu kernel: ... fixed-purpose events:   3
Mar 10 09:21:21 aascedu kernel: ... event mask:             000100070000003f
Mar 10 09:21:21 aascedu kernel: signal: max sigframe size: 3632
Mar 10 09:21:21 aascedu kernel: rcu: Hierarchical SRCU implementation.
Mar 10 09:21:21 aascedu kernel: rcu: \x09Max phase no-delay instances is 400.
Mar 10 09:21:21 aascedu kernel: Timer migration: 2 hierarchy levels; 8 children per group; 2 crossnode level
Mar 10 09:21:21 aascedu kernel: smp: Bringing up secondary CPUs ...
Mar 10 09:21:21 aascedu kernel: smpboot: x86: Booting SMP configuration:
Mar 10 09:21:21 aascedu kernel: .... node  #0, CPUs:        #1  #2  #3  #4  #5  #6  #7  #8  #9 #10 #11 #12 #13 #14 #15 #16 #17 #18 #19
Mar 10 09:21:21 aascedu kernel: smp: Brought up 1 node, 20 CPUs
Mar 10 09:21:21 aascedu kernel: smpboot: Total of 20 processors activated (84480.00 BogoMIPS)
Mar 10 09:21:21 aascedu kernel: Memory: 8121708K/8388088K available (18814K kernel code, 2901K rwdata, 7392K rodata, 2812K init, 968K bss, 255660K reserved, 0K cma-reserved)
Mar 10 09:21:21 aascedu kernel: devtmpfs: initialized
Mar 10 09:21:21 aascedu kernel: clocksource: jiffies: mask: 0xffffffff max_cycles: 0xffffffff, max_idle_ns: 1911260446275000 ns
Mar 10 09:21:21 aascedu kernel: posixtimers hash table entries: 16384 (order: 6, 262144 bytes, linear)
Mar 10 09:21:21 aascedu kernel: futex hash table entries: 8192 (524288 bytes on 1 NUMA nodes, total 512 KiB, linear).
Mar 10 09:21:21 aascedu kernel: PM: RTC time: 08:21:21, date: 2026-03-10
Mar 10 09:21:21 aascedu kernel: NET: Registered PF_NETLINK/PF_ROUTE protocol family
Mar 10 09:21:21 aascedu kernel: audit: initializing netlink subsys (disabled)
Mar 10 09:21:21 aascedu kernel: audit: type=2000 audit(1773130881.457:1): state=initialized audit_enabled=0 res=1
Mar 10 09:21:21 aascedu kernel: thermal_sys: Registered thermal governor 'step_wise'
Mar 10 09:21:21 aascedu kernel: cpuidle: using governor menu
Mar 10 09:21:21 aascedu kernel: PCI: Using configuration type 1 for base access
Mar 10 09:21:21 aascedu kernel: kprobes: kprobe jump-optimization is enabled. All kprobes are optimized if possible.
Mar 10 09:21:21 aascedu kernel: HugeTLB: allocation took 0ms with hugepage_allocation_threads=5
Mar 10 09:21:21 aascedu kernel: HugeTLB: registered 2.00 MiB page size, pre-allocated 0 pages
Mar 10 09:21:21 aascedu kernel: HugeTLB: 28 KiB vmemmap can be freed for a 2.00 MiB page
Mar 10 09:21:21 aascedu kernel: ACPI: Added _OSI(Module Device)
Mar 10 09:21:21 aascedu kernel: ACPI: Added _OSI(Processor Device)
Mar 10 09:21:21 aascedu kernel: ACPI: Added _OSI(Processor Aggregator Device)
Mar 10 09:21:21 aascedu kernel: ACPI: 1 ACPI AML tables successfully acquired and loaded
Mar 10 09:21:21 aascedu kernel: ACPI: Interpreter enabled
Mar 10 09:21:21 aascedu kernel: ACPI: PM: (supports S0 S3 S4 S5)
Mar 10 09:21:21 aascedu kernel: ACPI: Using IOAPIC for interrupt routing
Mar 10 09:21:21 aascedu kernel: PCI: Using host bridge windows from ACPI; if necessary, use "pci=nocrs" and report a bug
Mar 10 09:21:21 aascedu kernel: PCI: Using E820 reservations for host bridge windows
Mar 10 09:21:21 aascedu kernel: ACPI: Enabled 2 GPEs in block 00 to 0F
Mar 10 09:21:21 aascedu kernel: ACPI: PCI Root Bridge [PCI0] (domain 0000 [bus 00-ff])
Mar 10 09:21:21 aascedu kernel: acpi PNP0A03:00: _OSC: OS supports [ASPM ClockPM Segments MSI HPX-Type3]
Mar 10 09:21:21 aascedu kernel: acpi PNP0A03:00: _OSC: not requesting OS control; OS requires [ExtendedConfig ASPM ClockPM MSI]
Mar 10 09:21:21 aascedu kernel: acpi PNP0A03:00: fail to add MMCONFIG information, can't access extended configuration space under this bridge
Mar 10 09:21:21 aascedu kernel: PCI host bridge to bus 0000:00
Mar 10 09:21:21 aascedu kernel: pci_bus 0000:00: root bus resource [io  0x0000-0x0cf7 window]
Mar 10 09:21:21 aascedu kernel: pci_bus 0000:00: root bus resource [io  0x0d00-0xffff window]
Mar 10 09:21:21 aascedu kernel: pci_bus 0000:00: root bus resource [mem 0x000a0000-0x000bffff window]
Mar 10 09:21:21 aascedu kernel: pci_bus 0000:00: root bus resource [mem 0xc0000000-0xfebfffff window]
Mar 10 09:21:21 aascedu kernel: pci_bus 0000:00: root bus resource [mem 0x240000000-0x2bfffffff window]
Mar 10 09:21:21 aascedu kernel: pci_bus 0000:00: root bus resource [bus 00-ff]
Mar 10 09:21:21 aascedu kernel: pci 0000:00:00.0: [8086:1237] type 00 class 0x060000 conventional PCI endpoint
Mar 10 09:21:21 aascedu kernel: pci 0000:00:01.0: [8086:7000] type 00 class 0x060100 conventional PCI endpoint
Mar 10 09:21:21 aascedu kernel: pci 0000:00:01.1: [8086:7010] type 00 class 0x010180 conventional PCI endpoint
Mar 10 09:21:21 aascedu kernel: pci 0000:00:01.1: BAR 4 [io  0xc040-0xc04f]
Mar 10 09:21:21 aascedu kernel: pci 0000:00:01.1: BAR 0 [io  0x01f0-0x01f7]: legacy IDE quirk
Mar 10 09:21:21 aascedu kernel: pci 0000:00:01.1: BAR 1 [io  0x03f6]: legacy IDE quirk
Mar 10 09:21:21 aascedu kernel: pci 0000:00:01.1: BAR 2 [io  0x0170-0x0177]: legacy IDE quirk
Mar 10 09:21:21 aascedu kernel: pci 0000:00:01.1: BAR 3 [io  0x0376]: legacy IDE quirk
Mar 10 09:21:21 aascedu kernel: pci 0000:00:01.3: [8086:7113] type 00 class 0x068000 conventional PCI endpoint
Mar 10 09:21:21 aascedu kernel: pci 0000:00:01.3: quirk: [io  0x0600-0x063f] claimed by PIIX4 ACPI
Mar 10 09:21:21 aascedu kernel: pci 0000:00:01.3: quirk: [io  0x0700-0x070f] claimed by PIIX4 SMB
Mar 10 09:21:21 aascedu kernel: pci 0000:00:02.0: [1af4:1050] type 00 class 0x030000 conventional PCI endpoint
Mar 10 09:21:21 aascedu kernel: pci 0000:00:02.0: BAR 0 [mem 0xfe000000-0xfe7fffff pref]
Mar 10 09:21:21 aascedu kernel: pci 0000:00:02.0: BAR 2 [mem 0xfe800000-0xfe803fff 64bit pref]
Mar 10 09:21:21 aascedu kernel: pci 0000:00:02.0: BAR 4 [mem 0xfebb0000-0xfebb0fff]
Mar 10 09:21:21 aascedu kernel: pci 0000:00:02.0: ROM [mem 0xfeba0000-0xfebaffff pref]
Mar 10 09:21:21 aascedu kernel: pci 0000:00:02.0: Video device with shadowed ROM at [mem 0x000c0000-0x000dffff]
Mar 10 09:21:21 aascedu kernel: pci 0000:00:03.0: [8086:100e] type 00 class 0x020000 conventional PCI endpoint
Mar 10 09:21:21 aascedu kernel: pci 0000:00:03.0: BAR 0 [mem 0xfeb80000-0xfeb9ffff]
Mar 10 09:21:21 aascedu kernel: pci 0000:00:03.0: BAR 1 [io  0xc000-0xc03f]
Mar 10 09:21:21 aascedu kernel: pci 0000:00:03.0: ROM [mem 0xfeb00000-0xfeb7ffff pref]
Mar 10 09:21:21 aascedu kernel: ACPI: PCI: Interrupt link LNKA configured for IRQ 10
Mar 10 09:21:21 aascedu kernel: ACPI: PCI: Interrupt link LNKB configured for IRQ 10
Mar 10 09:21:21 aascedu kernel: ACPI: PCI: Interrupt link LNKC configured for IRQ 11
Mar 10 09:21:21 aascedu kernel: ACPI: PCI: Interrupt link LNKD configured for IRQ 11
Mar 10 09:21:21 aascedu kernel: ACPI: PCI: Interrupt link LNKS configured for IRQ 9
Mar 10 09:21:21 aascedu kernel: iommu: Default domain type: Translated
Mar 10 09:21:21 aascedu kernel: iommu: DMA domain TLB invalidation policy: lazy mode
Mar 10 09:21:21 aascedu kernel: SCSI subsystem initialized
Mar 10 09:21:21 aascedu kernel: libata version 3.00 loaded.
Mar 10 09:21:21 aascedu kernel: ACPI: bus type USB registered
Mar 10 09:21:21 aascedu kernel: usbcore: registered new interface driver usbfs
Mar 10 09:21:21 aascedu kernel: usbcore: registered new interface driver hub
Mar 10 09:21:21 aascedu kernel: usbcore: registered new device driver usb
Mar 10 09:21:21 aascedu kernel: pps_core: LinuxPPS API ver. 1 registered
Mar 10 09:21:21 aascedu kernel: pps_core: Software ver. 5.3.6 - Copyright 2005-2007 Rodolfo Giometti <giometti@linux.it>
Mar 10 09:21:21 aascedu kernel: PTP clock support registered
Mar 10 09:21:21 aascedu kernel: Advanced Linux Sound Architecture Driver Initialized.
Mar 10 09:21:21 aascedu kernel: NetLabel: Initializing
Mar 10 09:21:21 aascedu kernel: NetLabel:  domain hash size = 128
Mar 10 09:21:21 aascedu kernel: NetLabel:  protocols = UNLABELED CIPSOv4 CALIPSO
Mar 10 09:21:21 aascedu kernel: NetLabel:  unlabeled traffic allowed by default
Mar 10 09:21:21 aascedu kernel: PCI: Using ACPI for IRQ routing
Mar 10 09:21:21 aascedu kernel: PCI: pci_cache_line_size set to 64 bytes
Mar 10 09:21:21 aascedu kernel: e820: reserve RAM buffer [mem 0x0009fc00-0x0009ffff]
Mar 10 09:21:21 aascedu kernel: e820: reserve RAM buffer [mem 0xbffe0000-0xbfffffff]
Mar 10 09:21:21 aascedu kernel: pci 0000:00:02.0: vgaarb: setting as boot VGA device
Mar 10 09:21:21 aascedu kernel: pci 0000:00:02.0: vgaarb: bridge control possible
Mar 10 09:21:21 aascedu kernel: pci 0000:00:02.0: vgaarb: VGA device added: decodes=io+mem,owns=io+mem,locks=none
Mar 10 09:21:21 aascedu kernel: vgaarb: loaded
Mar 10 09:21:21 aascedu kernel: hpet0: at MMIO 0xfed00000, IRQs 2, 8, 0
Mar 10 09:21:21 aascedu kernel: hpet0: 3 comparators, 64-bit 100.000000 MHz counter
Mar 10 09:21:21 aascedu kernel: clocksource: Switched to clocksource kvm-clock
Mar 10 09:21:21 aascedu kernel: VFS: Disk quotas dquot_6.6.0
Mar 10 09:21:21 aascedu kernel: VFS: Dquot-cache hash table entries: 512 (order 0, 4096 bytes)
Mar 10 09:21:21 aascedu kernel: pnp: PnP ACPI init
Mar 10 09:21:21 aascedu kernel: pnp 00:02: [dma 2]
Mar 10 09:21:21 aascedu kernel: pnp: PnP ACPI: found 6 devices
Mar 10 09:21:21 aascedu kernel: clocksource: acpi_pm: mask: 0xffffff max_cycles: 0xffffff, max_idle_ns: 2085701024 ns
Mar 10 09:21:21 aascedu kernel: NET: Registered PF_INET protocol family
Mar 10 09:21:21 aascedu kernel: IP idents hash table entries: 131072 (order: 8, 1048576 bytes, linear)
Mar 10 09:21:21 aascedu kernel: tcp_listen_portaddr_hash hash table entries: 4096 (order: 4, 65536 bytes, linear)
Mar 10 09:21:21 aascedu kernel: Table-perturb hash table entries: 65536 (order: 6, 262144 bytes, linear)
Mar 10 09:21:21 aascedu kernel: TCP established hash table entries: 65536 (order: 7, 524288 bytes, linear)
Mar 10 09:21:21 aascedu kernel: TCP bind hash table entries: 65536 (order: 9, 2097152 bytes, linear)
Mar 10 09:21:21 aascedu kernel: TCP: Hash tables configured (established 65536 bind 65536)
Mar 10 09:21:21 aascedu kernel: UDP hash table entries: 4096 (order: 6, 262144 bytes, linear)
Mar 10 09:21:21 aascedu kernel: UDP-Lite hash table entries: 4096 (order: 6, 262144 bytes, linear)
Mar 10 09:21:21 aascedu kernel: NET: Registered PF_UNIX/PF_LOCAL protocol family
Mar 10 09:21:21 aascedu kernel: RPC: Registered named UNIX socket transport module.
Mar 10 09:21:21 aascedu kernel: RPC: Registered udp transport module.
Mar 10 09:21:21 aascedu kernel: RPC: Registered tcp transport module.
Mar 10 09:21:21 aascedu kernel: RPC: Registered tcp-with-tls transport module.
Mar 10 09:21:21 aascedu kernel: RPC: Registered tcp NFSv4.1 backchannel transport module.
Mar 10 09:21:21 aascedu kernel: pci_bus 0000:00: resource 4 [io  0x0000-0x0cf7 window]
Mar 10 09:21:21 aascedu kernel: pci_bus 0000:00: resource 5 [io  0x0d00-0xffff window]
Mar 10 09:21:21 aascedu kernel: pci_bus 0000:00: resource 6 [mem 0x000a0000-0x000bffff window]
Mar 10 09:21:21 aascedu kernel: pci_bus 0000:00: resource 7 [mem 0xc0000000-0xfebfffff window]
Mar 10 09:21:21 aascedu kernel: pci_bus 0000:00: resource 8 [mem 0x240000000-0x2bfffffff window]
Mar 10 09:21:21 aascedu kernel: pci 0000:00:01.0: PIIX3: Enabling Passive Release
Mar 10 09:21:21 aascedu kernel: pci 0000:00:00.0: Limiting direct PCI/PCI transfers
Mar 10 09:21:21 aascedu kernel: PCI: CLS 0 bytes, default 64
Mar 10 09:21:21 aascedu kernel: PCI-DMA: Using software bounce buffering for IO (SWIOTLB)
Mar 10 09:21:21 aascedu kernel: software IO TLB: mapped [mem 0x00000000bbfe0000-0x00000000bffe0000] (64MB)
Mar 10 09:21:21 aascedu kernel: RAPL PMU: API unit is 2^-32 Joules, 0 fixed counters, 10737418240 ms ovfl timer
Mar 10 09:21:21 aascedu kernel: clocksource: tsc: mask: 0xffffffffffffffff max_cycles: 0x1e71785e5dd, max_idle_ns: 440795244814 ns
Mar 10 09:21:21 aascedu kernel: Initialise system trusted keyrings
Mar 10 09:21:21 aascedu kernel: workingset: timestamp_bits=40 max_order=21 bucket_order=0
Mar 10 09:21:21 aascedu kernel: NFS: Registering the id_resolver key type
Mar 10 09:21:21 aascedu kernel: Key type id_resolver registered
Mar 10 09:21:21 aascedu kernel: Key type id_legacy registered
Mar 10 09:21:21 aascedu kernel: 9p: Installing v9fs 9p2000 file system support
Mar 10 09:21:21 aascedu kernel: Key type asymmetric registered
Mar 10 09:21:21 aascedu kernel: Asymmetric key parser 'x509' registered
Mar 10 09:21:21 aascedu kernel: Block layer SCSI generic (bsg) driver version 0.4 loaded (major 251)
Mar 10 09:21:21 aascedu kernel: io scheduler mq-deadline registered
Mar 10 09:21:21 aascedu kernel: io scheduler kyber registered
Mar 10 09:21:21 aascedu kernel: input: Power Button as /devices/LNXSYSTM:00/LNXPWRBN:00/input/input0
Mar 10 09:21:21 aascedu kernel: ACPI: button: Power Button [PWRF]
Mar 10 09:21:21 aascedu kernel: ACPI: \x5c_SB_.LNKB: Enabled at IRQ 10
Mar 10 09:21:21 aascedu kernel: Serial: 8250/16550 driver, 4 ports, IRQ sharing enabled
Mar 10 09:21:21 aascedu kernel: 00:04: ttyS0 at I/O 0x3f8 (irq = 4, base_baud = 115200) is a 16550A
Mar 10 09:21:21 aascedu kernel: Non-volatile memory driver v1.3
Mar 10 09:21:21 aascedu kernel: Linux agpgart interface v0.103
Mar 10 09:21:21 aascedu kernel: ACPI: bus type drm_connector registered
Mar 10 09:21:21 aascedu kernel: [drm] pci: virtio-vga detected at 0000:00:02.0
Mar 10 09:21:21 aascedu kernel: virtio-pci 0000:00:02.0: vgaarb: deactivate vga console
Mar 10 09:21:21 aascedu kernel: [drm] features: -virgl +edid -resource_blob -host_visible
Mar 10 09:21:21 aascedu kernel: [drm] features: -context_init
Mar 10 09:21:21 aascedu kernel: [drm] number of scanouts: 1
Mar 10 09:21:21 aascedu kernel: [drm] number of cap sets: 0
Mar 10 09:21:21 aascedu kernel: virtio-pci 0000:00:02.0: [drm] Registered 1 planes with drm panic
Mar 10 09:21:21 aascedu kernel: [drm] Initialized virtio_gpu 0.1.0 for 0000:00:02.0 on minor 0
Mar 10 09:21:21 aascedu kernel: fbcon: virtio_gpudrmfb (fb0) is primary device
Mar 10 09:21:21 aascedu kernel: Console: switching to colour frame buffer device 80x30
Mar 10 09:21:21 aascedu kernel: virtio-pci 0000:00:02.0: [drm] fb0: virtio_gpudrmfb frame buffer device
Mar 10 09:21:21 aascedu kernel: loop: module loaded
Mar 10 09:21:21 aascedu kernel: scsi host0: ata_piix
Mar 10 09:21:21 aascedu kernel: scsi host1: ata_piix
Mar 10 09:21:21 aascedu kernel: ata1: PATA max MWDMA2 cmd 0x1f0 ctl 0x3f6 bmdma 0xc040 irq 14 lpm-pol 0
Mar 10 09:21:21 aascedu kernel: ata2: PATA max MWDMA2 cmd 0x170 ctl 0x376 bmdma 0xc048 irq 15 lpm-pol 0
Mar 10 09:21:21 aascedu kernel: e100: Intel(R) PRO/100 Network Driver
Mar 10 09:21:21 aascedu kernel: e100: Copyright(c) 1999-2006 Intel Corporation
Mar 10 09:21:21 aascedu kernel: e1000: Intel(R) PRO/1000 Network Driver
Mar 10 09:21:21 aascedu kernel: e1000: Copyright (c) 1999-2006 Intel Corporation.
Mar 10 09:21:21 aascedu kernel: ACPI: \x5c_SB_.LNKC: Enabled at IRQ 11
Mar 10 09:21:21 aascedu kernel: ata2: found unknown device (class 0)
Mar 10 09:21:21 aascedu kernel: ata1: found unknown device (class 0)
Mar 10 09:21:21 aascedu kernel: ata2.00: ATAPI: QEMU DVD-ROM, 2.5+, max UDMA/100
Mar 10 09:21:21 aascedu kernel: ata1.00: ATA-7: QEMU HARDDISK, 2.5+, max UDMA/100
Mar 10 09:21:21 aascedu kernel: ata1.00: 83886080 sectors, multi 16: LBA48 
Mar 10 09:21:21 aascedu kernel: scsi 0:0:0:0: Direct-Access     ATA      QEMU HARDDISK    2.5+ PQ: 0 ANSI: 5
Mar 10 09:21:21 aascedu kernel: sd 0:0:0:0: [sda] 83886080 512-byte logical blocks: (42.9 GB/40.0 GiB)
Mar 10 09:21:21 aascedu kernel: sd 0:0:0:0: Attached scsi generic sg0 type 0
Mar 10 09:21:21 aascedu kernel: sd 0:0:0:0: [sda] Write Protect is off
Mar 10 09:21:21 aascedu kernel: sd 0:0:0:0: [sda] Mode Sense: 00 3a 00 00
Mar 10 09:21:21 aascedu kernel: sd 0:0:0:0: [sda] Write cache: enabled, read cache: enabled, doesn't support DPO or FUA
Mar 10 09:21:21 aascedu kernel: sd 0:0:0:0: [sda] Preferred minimum I/O size 512 bytes
Mar 10 09:21:21 aascedu kernel: scsi 1:0:0:0: CD-ROM            QEMU     QEMU DVD-ROM     2.5+ PQ: 0 ANSI: 5
Mar 10 09:21:21 aascedu kernel:  sda: sda1 sda3 sda4 sda5
Mar 10 09:21:21 aascedu kernel: sd 0:0:0:0: [sda] Attached SCSI disk
Mar 10 09:21:21 aascedu kernel: sr 1:0:0:0: [sr0] scsi3-mmc drive: 4x/4x cd/rw xa/form2 tray
Mar 10 09:21:21 aascedu kernel: cdrom: Uniform CD-ROM driver Revision: 3.20
Mar 10 09:21:21 aascedu kernel: sr 1:0:0:0: Attached scsi CD-ROM sr0
Mar 10 09:21:21 aascedu kernel: sr 1:0:0:0: Attached scsi generic sg1 type 5
Mar 10 09:21:21 aascedu kernel: e1000 0000:00:03.0 eth0: (PCI:33MHz:32-bit) 52:54:00:12:34:56
Mar 10 09:21:21 aascedu kernel: e1000 0000:00:03.0 eth0: Intel(R) PRO/1000 Network Connection
Mar 10 09:21:21 aascedu kernel: e1000e: Intel(R) PRO/1000 Network Driver
Mar 10 09:21:21 aascedu kernel: e1000e: Copyright(c) 1999 - 2015 Intel Corporation.
Mar 10 09:21:21 aascedu kernel: sky2: driver version 1.30
Mar 10 09:21:21 aascedu kernel: usbcore: registered new interface driver usblp
Mar 10 09:21:21 aascedu kernel: usbcore: registered new interface driver usb-storage
Mar 10 09:21:21 aascedu kernel: i8042: PNP: PS/2 Controller [PNP0303:KBD,PNP0f13:MOU] at 0x60,0x64 irq 1,12
Mar 10 09:21:21 aascedu kernel: serio: i8042 KBD port at 0x60,0x64 irq 1
Mar 10 09:21:21 aascedu kernel: serio: i8042 AUX port at 0x60,0x64 irq 12
Mar 10 09:21:21 aascedu kernel: rtc_cmos 00:05: RTC can wake from S4
Mar 10 09:21:21 aascedu kernel: input: AT Translated Set 2 keyboard as /devices/platform/i8042/serio0/input/input1
Mar 10 09:21:21 aascedu kernel: rtc_cmos 00:05: registered as rtc0
Mar 10 09:21:21 aascedu kernel: rtc_cmos 00:05: alarms up to one day, y3k, 242 bytes nvram, hpet irqs
Mar 10 09:21:21 aascedu kernel: device-mapper: ioctl: 4.50.0-ioctl (2025-04-28) initialised: dm-devel@lists.linux.dev
Mar 10 09:21:21 aascedu kernel: intel_pstate: CPU model not supported
Mar 10 09:21:21 aascedu kernel: hid: raw HID events driver (C) Jiri Kosina
Mar 10 09:21:21 aascedu kernel: usbcore: registered new interface driver usbhid
Mar 10 09:21:21 aascedu kernel: usbhid: USB HID core driver
Mar 10 09:21:21 aascedu kernel: Initializing XFRM netlink socket
Mar 10 09:21:21 aascedu kernel: NET: Registered PF_INET6 protocol family
Mar 10 09:21:21 aascedu kernel: Segment Routing with IPv6
Mar 10 09:21:21 aascedu kernel: In-situ OAM (IOAM) with IPv6
Mar 10 09:21:21 aascedu kernel: sit: IPv6, IPv4 and MPLS over IPv4 tunneling driver
Mar 10 09:21:21 aascedu kernel: NET: Registered PF_PACKET protocol family
Mar 10 09:21:21 aascedu kernel: 9pnet: Installing 9P2000 support
Mar 10 09:21:21 aascedu kernel: Key type dns_resolver registered
Mar 10 09:21:21 aascedu kernel: IPI shorthand broadcast: enabled
Mar 10 09:21:21 aascedu kernel: sched_clock: Marking stable (466001548, 403020)->(468760744, -2356176)
Mar 10 09:21:21 aascedu kernel: registered taskstats version 1
Mar 10 09:21:21 aascedu kernel: Loading compiled-in X.509 certificates
Mar 10 09:21:21 aascedu kernel: Demotion targets for Node 0: null
Mar 10 09:21:21 aascedu kernel: PM:   Magic number: 2:402:371
Mar 10 09:21:21 aascedu kernel: netconsole: network logging started
Mar 10 09:21:21 aascedu kernel: cfg80211: Loading compiled-in X.509 certificates for regulatory database
Mar 10 09:21:21 aascedu kernel: kworker/u80:0 (160) used greatest stack depth: 13952 bytes left
Mar 10 09:21:21 aascedu kernel: Loaded X.509 cert 'sforshee: 00b28ddf47aef9cea7'
Mar 10 09:21:21 aascedu kernel: Loaded X.509 cert 'wens: 61c038651aabdcf94bd0ac7ff06c7248db18c600'
Mar 10 09:21:21 aascedu kernel: platform regulatory.0: Direct firmware load for regulatory.db failed with error -2
Mar 10 09:21:21 aascedu kernel: cfg80211: failed to load regulatory.db
Mar 10 09:21:21 aascedu kernel: ALSA device list:
Mar 10 09:21:21 aascedu kernel:   No soundcards found.
Mar 10 09:21:21 aascedu kernel: input: ImExPS/2 Generic Explorer Mouse as /devices/platform/i8042/serio1/input/input3
Mar 10 09:21:21 aascedu kernel: md: Waiting for all devices to be available before autodetect
Mar 10 09:21:21 aascedu kernel: md: If you don't use raid, use raid=noautodetect
Mar 10 09:21:21 aascedu kernel: md: Autodetecting RAID arrays.
Mar 10 09:21:21 aascedu kernel: md: autorun ...
Mar 10 09:21:21 aascedu kernel: md: ... autorun DONE.
Mar 10 09:21:21 aascedu kernel: EXT4-fs (sda5): INFO: recovery required on readonly filesystem
Mar 10 09:21:21 aascedu kernel: EXT4-fs (sda5): write access will be enabled during recovery
Mar 10 09:21:21 aascedu kernel: EXT4-fs (sda5): recovery complete
Mar 10 09:21:21 aascedu kernel: EXT4-fs (sda5): mounted filesystem b4d7eb2a-b4ac-4ed8-99e4-9064ea766d25 ro with ordered data mode. Quota mode: none.
Mar 10 09:21:21 aascedu kernel: VFS: Mounted root (ext4 filesystem) readonly on device 8:5.
Mar 10 09:21:21 aascedu kernel: devtmpfs: mounted
Mar 10 09:21:21 aascedu kernel: Freeing unused kernel image (initmem) memory: 2812K
Mar 10 09:21:21 aascedu kernel: Write protecting the kernel read-only data: 28672k
Mar 10 09:21:21 aascedu kernel: Freeing unused kernel image (text/rodata gap) memory: 1664K
Mar 10 09:21:21 aascedu kernel: Freeing unused kernel image (rodata/data gap) memory: 800K
Mar 10 09:21:21 aascedu kernel: x86/mm: Checked W+X mappings: passed, no W+X pages found.
Mar 10 09:21:21 aascedu kernel: Run /sbin/init as init process
Mar 10 09:21:21 aascedu kernel:   with arguments:
Mar 10 09:21:21 aascedu kernel:     /sbin/init
Mar 10 09:21:21 aascedu kernel:   with environment:
Mar 10 09:21:21 aascedu kernel:     HOME=/
Mar 10 09:21:21 aascedu kernel:     TERM=linux
Mar 10 09:21:21 aascedu kernel:     BOOT_IMAGE=/vmlinuz-6.16.1-aascedu
Mar 10 09:21:22 aascedu kernel: stty (170) used greatest stack depth: 12280 bytes left
Mar 10 09:21:22 aascedu kernel: e1000 0000:00:03.0 ens3: renamed from eth0
Mar 10 09:21:22 aascedu kernel: Adding 2097148k swap on /dev/sda4.  Priority:1 extents:1 across:2097148k 
Mar 10 09:21:22 aascedu kernel: EXT4-fs (sda5): re-mounted b4d7eb2a-b4ac-4ed8-99e4-9064ea766d25.
Mar 10 09:21:22 aascedu kernel: EXT4-fs (sda5): re-mounted b4d7eb2a-b4ac-4ed8-99e4-9064ea766d25 r/w.
Mar 10 09:21:22 aascedu kernel: EXT4-fs (sda3): mounting ext2 file system using the ext4 subsystem
Mar 10 09:21:22 aascedu kernel: EXT4-fs (sda3): mounted filesystem 625a4ecc-c41c-46bf-bba8-be9d697adec1 r/w without journal. Quota mode: none.
Mar 10 09:21:24 aascedu kernel: e1000: ens3 NIC Link is Up 1000 Mbps Full Duplex, Flow Control: RX
Mar 10 09:37:35 aascedu kernel: Linux version 6.16.1-aascedu (root@aascedu) (gcc (GCC) 15.2.0, GNU ld (GNU Binutils) 2.45) #1 SMP PREEMPT_DYNAMIC Tue Mar 10 09:36:34 CET 2026
Mar 10 09:37:35 aascedu kernel: Command line: BOOT_IMAGE=/vmlinuz-6.16.1-aascedu root=PARTUUID=88408a23-622f-46c6-96b4-4c40c536478e ro
Mar 10 09:37:35 aascedu kernel: BIOS-provided physical RAM map:
Mar 10 09:37:35 aascedu kernel: BIOS-e820: [mem 0x0000000000000000-0x000000000009fbff] usable
Mar 10 09:37:35 aascedu kernel: BIOS-e820: [mem 0x000000000009fc00-0x000000000009ffff] reserved
Mar 10 09:37:35 aascedu kernel: BIOS-e820: [mem 0x00000000000f0000-0x00000000000fffff] reserved
Mar 10 09:37:35 aascedu kernel: BIOS-e820: [mem 0x0000000000100000-0x00000000bffdffff] usable
Mar 10 09:37:35 aascedu kernel: BIOS-e820: [mem 0x00000000bffe0000-0x00000000bfffffff] reserved
Mar 10 09:37:35 aascedu kernel: BIOS-e820: [mem 0x00000000feffc000-0x00000000feffffff] reserved
Mar 10 09:37:35 aascedu kernel: BIOS-e820: [mem 0x00000000fffc0000-0x00000000ffffffff] reserved
Mar 10 09:37:35 aascedu kernel: BIOS-e820: [mem 0x0000000100000000-0x000000023fffffff] usable
Mar 10 09:37:35 aascedu kernel: NX (Execute Disable) protection: active
Mar 10 09:37:35 aascedu kernel: APIC: Static calls initialized
Mar 10 09:37:35 aascedu kernel: SMBIOS 2.8 present.
Mar 10 09:37:35 aascedu kernel: DMI: QEMU Standard PC (i440FX + PIIX, 1996), BIOS 1.15.0-1 04/01/2014
Mar 10 09:37:35 aascedu kernel: DMI: Memory slots populated: 1/1
Mar 10 09:37:35 aascedu kernel: Hypervisor detected: KVM
Mar 10 09:37:35 aascedu kernel: kvm-clock: Using msrs 4b564d01 and 4b564d00
Mar 10 09:37:35 aascedu kernel: kvm-clock: using sched offset of 1887272520 cycles
Mar 10 09:37:35 aascedu kernel: clocksource: kvm-clock: mask: 0xffffffffffffffff max_cycles: 0x1cd42e4dffb, max_idle_ns: 881590591483 ns
Mar 10 09:37:35 aascedu kernel: tsc: Detected 2112.000 MHz processor
Mar 10 09:37:35 aascedu kernel: e820: update [mem 0x00000000-0x00000fff] usable ==> reserved
Mar 10 09:37:35 aascedu kernel: e820: remove [mem 0x000a0000-0x000fffff] usable
Mar 10 09:37:35 aascedu kernel: last_pfn = 0x240000 max_arch_pfn = 0x400000000
Mar 10 09:37:35 aascedu kernel: MTRR map: 4 entries (3 fixed + 1 variable; max 19), built from 8 variable MTRRs
Mar 10 09:37:35 aascedu kernel: x86/PAT: Configuration [0-7]: WB  WC  UC- UC  WB  WP  UC- WT  
Mar 10 09:37:35 aascedu kernel: last_pfn = 0xbffe0 max_arch_pfn = 0x400000000
Mar 10 09:37:35 aascedu kernel: found SMP MP-table at [mem 0x000f5b90-0x000f5b9f]
Mar 10 09:37:35 aascedu kernel: Using GB pages for direct mapping
Mar 10 09:37:35 aascedu kernel: ACPI: Early table checksum verification disabled
Mar 10 09:37:35 aascedu kernel: ACPI: RSDP 0x00000000000F59B0 000014 (v00 BOCHS )
Mar 10 09:37:35 aascedu kernel: ACPI: RSDT 0x00000000BFFE1FFD 000034 (v01 BOCHS  BXPC     00000001 BXPC 00000001)
Mar 10 09:37:35 aascedu kernel: ACPI: FACP 0x00000000BFFE1E19 000074 (v01 BOCHS  BXPC     00000001 BXPC 00000001)
Mar 10 09:37:35 aascedu kernel: ACPI: DSDT 0x00000000BFFE0040 001DD9 (v01 BOCHS  BXPC     00000001 BXPC 00000001)
Mar 10 09:37:35 aascedu kernel: ACPI: FACS 0x00000000BFFE0000 000040
Mar 10 09:37:35 aascedu kernel: ACPI: APIC 0x00000000BFFE1E8D 000110 (v01 BOCHS  BXPC     00000001 BXPC 00000001)
Mar 10 09:37:35 aascedu kernel: ACPI: HPET 0x00000000BFFE1F9D 000038 (v01 BOCHS  BXPC     00000001 BXPC 00000001)
Mar 10 09:37:35 aascedu kernel: ACPI: WAET 0x00000000BFFE1FD5 000028 (v01 BOCHS  BXPC     00000001 BXPC 00000001)
Mar 10 09:37:35 aascedu kernel: ACPI: Reserving FACP table memory at [mem 0xbffe1e19-0xbffe1e8c]
Mar 10 09:37:35 aascedu kernel: ACPI: Reserving DSDT table memory at [mem 0xbffe0040-0xbffe1e18]
Mar 10 09:37:35 aascedu kernel: ACPI: Reserving FACS table memory at [mem 0xbffe0000-0xbffe003f]
Mar 10 09:37:35 aascedu kernel: ACPI: Reserving APIC table memory at [mem 0xbffe1e8d-0xbffe1f9c]
Mar 10 09:37:35 aascedu kernel: ACPI: Reserving HPET table memory at [mem 0xbffe1f9d-0xbffe1fd4]
Mar 10 09:37:35 aascedu kernel: ACPI: Reserving WAET table memory at [mem 0xbffe1fd5-0xbffe1ffc]
Mar 10 09:37:35 aascedu kernel: No NUMA configuration found
Mar 10 09:37:35 aascedu kernel: Faking a node at [mem 0x0000000000000000-0x000000023fffffff]
Mar 10 09:37:35 aascedu kernel: NODE_DATA(0) allocated [mem 0x23fffa900-0x23fffdfff]
Mar 10 09:37:35 aascedu kernel: Zone ranges:
Mar 10 09:37:35 aascedu kernel:   DMA      [mem 0x0000000000001000-0x0000000000ffffff]
Mar 10 09:37:35 aascedu kernel:   DMA32    [mem 0x0000000001000000-0x00000000ffffffff]
Mar 10 09:37:35 aascedu kernel:   Normal   [mem 0x0000000100000000-0x000000023fffffff]
Mar 10 09:37:35 aascedu kernel: Movable zone start for each node
Mar 10 09:37:35 aascedu kernel: Early memory node ranges
Mar 10 09:37:35 aascedu kernel:   node   0: [mem 0x0000000000001000-0x000000000009efff]
Mar 10 09:37:35 aascedu kernel:   node   0: [mem 0x0000000000100000-0x00000000bffdffff]
Mar 10 09:37:35 aascedu kernel:   node   0: [mem 0x0000000100000000-0x000000023fffffff]
Mar 10 09:37:35 aascedu kernel: Initmem setup node 0 [mem 0x0000000000001000-0x000000023fffffff]
Mar 10 09:37:35 aascedu kernel: On node 0, zone DMA: 1 pages in unavailable ranges
Mar 10 09:37:35 aascedu kernel: On node 0, zone DMA: 97 pages in unavailable ranges
Mar 10 09:37:35 aascedu kernel: On node 0, zone Normal: 32 pages in unavailable ranges
Mar 10 09:37:35 aascedu kernel: ACPI: PM-Timer IO Port: 0x608
Mar 10 09:37:35 aascedu kernel: ACPI: LAPIC_NMI (acpi_id[0xff] dfl dfl lint[0x1])
Mar 10 09:37:35 aascedu kernel: IOAPIC[0]: apic_id 0, version 17, address 0xfec00000, GSI 0-23
Mar 10 09:37:35 aascedu kernel: ACPI: INT_SRC_OVR (bus 0 bus_irq 0 global_irq 2 dfl dfl)
Mar 10 09:37:35 aascedu kernel: ACPI: INT_SRC_OVR (bus 0 bus_irq 5 global_irq 5 high level)
Mar 10 09:37:35 aascedu kernel: ACPI: INT_SRC_OVR (bus 0 bus_irq 9 global_irq 9 high level)
Mar 10 09:37:35 aascedu kernel: ACPI: INT_SRC_OVR (bus 0 bus_irq 10 global_irq 10 high level)
Mar 10 09:37:35 aascedu kernel: ACPI: INT_SRC_OVR (bus 0 bus_irq 11 global_irq 11 high level)
Mar 10 09:37:35 aascedu kernel: ACPI: Using ACPI (MADT) for SMP configuration information
Mar 10 09:37:35 aascedu kernel: ACPI: HPET id: 0x8086a201 base: 0xfed00000
Mar 10 09:37:35 aascedu kernel: TSC deadline timer available
Mar 10 09:37:35 aascedu kernel: CPU topo: Max. logical packages:   1
Mar 10 09:37:35 aascedu kernel: CPU topo: Max. logical dies:       1
Mar 10 09:37:35 aascedu kernel: CPU topo: Max. dies per package:   1
Mar 10 09:37:35 aascedu kernel: CPU topo: Max. threads per core:   1
Mar 10 09:37:35 aascedu kernel: CPU topo: Num. cores per package:    20
Mar 10 09:37:35 aascedu kernel: CPU topo: Num. threads per package:  20
Mar 10 09:37:35 aascedu kernel: CPU topo: Allowing 20 present CPUs plus 0 hotplug CPUs
Mar 10 09:37:35 aascedu kernel: kvm-guest: APIC: eoi() replaced with kvm_guest_apic_eoi_write()
Mar 10 09:37:35 aascedu kernel: kvm-guest: KVM setup pv remote TLB flush
Mar 10 09:37:35 aascedu kernel: kvm-guest: setup PV sched yield
Mar 10 09:37:35 aascedu kernel: PM: hibernation: Registered nosave memory: [mem 0x00000000-0x00000fff]
Mar 10 09:37:35 aascedu kernel: PM: hibernation: Registered nosave memory: [mem 0x0009f000-0x000fffff]
Mar 10 09:37:35 aascedu kernel: PM: hibernation: Registered nosave memory: [mem 0xbffe0000-0xffffffff]
Mar 10 09:37:35 aascedu kernel: [mem 0xc0000000-0xfeffbfff] available for PCI devices
Mar 10 09:37:35 aascedu kernel: Booting paravirtualized kernel on KVM
Mar 10 09:37:35 aascedu kernel: clocksource: refined-jiffies: mask: 0xffffffff max_cycles: 0xffffffff, max_idle_ns: 1910969940391419 ns
Mar 10 09:37:35 aascedu kernel: setup_percpu: NR_CPUS:64 nr_cpumask_bits:20 nr_cpu_ids:20 nr_node_ids:1
Mar 10 09:37:35 aascedu kernel: percpu: Embedded 52 pages/cpu s172760 r8192 d32040 u262144
Mar 10 09:37:35 aascedu kernel: pcpu-alloc: s172760 r8192 d32040 u262144 alloc=1*2097152
Mar 10 09:37:35 aascedu kernel: pcpu-alloc: [0] 00 01 02 03 04 05 06 07 [0] 08 09 10 11 12 13 14 15 
Mar 10 09:37:35 aascedu kernel: pcpu-alloc: [0] 16 17 18 19 -- -- -- -- 
Mar 10 09:37:35 aascedu kernel: Kernel command line: BOOT_IMAGE=/vmlinuz-6.16.1-aascedu root=PARTUUID=88408a23-622f-46c6-96b4-4c40c536478e ro
Mar 10 09:37:35 aascedu kernel: Unknown kernel command line parameters "BOOT_IMAGE=/vmlinuz-6.16.1-aascedu", will be passed to user space.
Mar 10 09:37:35 aascedu kernel: random: crng init done
Mar 10 09:37:35 aascedu kernel: printk: log buffer data + meta data: 262144 + 917504 = 1179648 bytes
Mar 10 09:37:35 aascedu kernel: Dentry cache hash table entries: 1048576 (order: 11, 8388608 bytes, linear)
Mar 10 09:37:35 aascedu kernel: Inode-cache hash table entries: 524288 (order: 10, 4194304 bytes, linear)
Mar 10 09:37:35 aascedu kernel: software IO TLB: area num 32.
Mar 10 09:37:35 aascedu kernel: Fallback order for Node 0: 0 
Mar 10 09:37:35 aascedu kernel: Built 1 zonelists, mobility grouping on.  Total pages: 2097022
Mar 10 09:37:35 aascedu kernel: Policy zone: Normal
Mar 10 09:37:35 aascedu kernel: mem auto-init: stack:all(zero), heap alloc:off, heap free:off
Mar 10 09:37:35 aascedu kernel: SLUB: HWalign=64, Order=0-3, MinObjects=0, CPUs=20, Nodes=1
Mar 10 09:37:35 aascedu kernel: Dynamic Preempt: voluntary
Mar 10 09:37:35 aascedu kernel: rcu: Preemptible hierarchical RCU implementation.
Mar 10 09:37:35 aascedu kernel: rcu: \x09RCU event tracing is enabled.
Mar 10 09:37:35 aascedu kernel: rcu: \x09RCU restricting CPUs from NR_CPUS=64 to nr_cpu_ids=20.
Mar 10 09:37:35 aascedu kernel: \x09Trampoline variant of Tasks RCU enabled.
Mar 10 09:37:35 aascedu kernel: \x09Tracing variant of Tasks RCU enabled.
Mar 10 09:37:35 aascedu kernel: rcu: RCU calculated value of scheduler-enlistment delay is 100 jiffies.
Mar 10 09:37:35 aascedu kernel: rcu: Adjusting geometry for rcu_fanout_leaf=16, nr_cpu_ids=20
Mar 10 09:37:35 aascedu kernel: RCU Tasks: Setting shift to 5 and lim to 1 rcu_task_cb_adjust=1 rcu_task_cpu_ids=20.
Mar 10 09:37:35 aascedu kernel: RCU Tasks Trace: Setting shift to 5 and lim to 1 rcu_task_cb_adjust=1 rcu_task_cpu_ids=20.
Mar 10 09:37:35 aascedu kernel: NR_IRQS: 4352, nr_irqs: 584, preallocated irqs: 16
Mar 10 09:37:35 aascedu kernel: rcu: srcu_init: Setting srcu_struct sizes based on contention.
Mar 10 09:37:35 aascedu kernel: Console: colour dummy device 80x25
Mar 10 09:37:35 aascedu kernel: printk: legacy console [tty0] enabled
Mar 10 09:37:35 aascedu kernel: ACPI: Core revision 20250404
Mar 10 09:37:35 aascedu kernel: clocksource: hpet: mask: 0xffffffff max_cycles: 0xffffffff, max_idle_ns: 19112604467 ns
Mar 10 09:37:35 aascedu kernel: APIC: Switch to symmetric I/O mode setup
Mar 10 09:37:35 aascedu kernel: x2apic enabled
Mar 10 09:37:35 aascedu kernel: APIC: Switched APIC routing to: physical x2apic
Mar 10 09:37:35 aascedu kernel: kvm-guest: APIC: send_IPI_mask() replaced with kvm_send_ipi_mask()
Mar 10 09:37:35 aascedu kernel: kvm-guest: APIC: send_IPI_mask_allbutself() replaced with kvm_send_ipi_mask_allbutself()
Mar 10 09:37:35 aascedu kernel: kvm-guest: setup PV IPIs
Mar 10 09:37:35 aascedu kernel: ..TIMER: vector=0x30 apic1=0 pin1=2 apic2=-1 pin2=-1
Mar 10 09:37:35 aascedu kernel: clocksource: tsc-early: mask: 0xffffffffffffffff max_cycles: 0x1e71785e5dd, max_idle_ns: 440795244814 ns
Mar 10 09:37:35 aascedu kernel: Calibrating delay loop (skipped) preset value.. 4224.00 BogoMIPS (lpj=2112000)
Mar 10 09:37:35 aascedu kernel: x86/cpu: User Mode Instruction Prevention (UMIP) activated
Mar 10 09:37:35 aascedu kernel: Last level iTLB entries: 4KB 0, 2MB 0, 4MB 0
Mar 10 09:37:35 aascedu kernel: Last level dTLB entries: 4KB 0, 2MB 0, 4MB 0, 1GB 0
Mar 10 09:37:35 aascedu kernel: Speculative Store Bypass: Mitigation: Speculative Store Bypass disabled via prctl
Mar 10 09:37:35 aascedu kernel: Spectre V2 : Mitigation: Enhanced / Automatic IBRS
Mar 10 09:37:35 aascedu kernel: ITS: Mitigation: Aligned branch/return thunks
Mar 10 09:37:35 aascedu kernel: Spectre V1 : Mitigation: usercopy/swapgs barriers and __user pointer sanitization
Mar 10 09:37:35 aascedu kernel: Spectre V2 : Spectre v2 / PBRSB-eIBRS: Retire a single CALL on VMEXIT
Mar 10 09:37:35 aascedu kernel: Spectre V2 : mitigation: Enabling conditional Indirect Branch Prediction Barrier
Mar 10 09:37:35 aascedu kernel: Spectre V2 : Spectre BHI mitigation: SW BHB clearing on syscall and VM exit
Mar 10 09:37:35 aascedu kernel: x86/fpu: Supporting XSAVE feature 0x001: 'x87 floating point registers'
Mar 10 09:37:35 aascedu kernel: x86/fpu: Supporting XSAVE feature 0x002: 'SSE registers'
Mar 10 09:37:35 aascedu kernel: x86/fpu: Supporting XSAVE feature 0x004: 'AVX registers'
Mar 10 09:37:35 aascedu kernel: x86/fpu: Supporting XSAVE feature 0x200: 'Protection Keys User registers'
Mar 10 09:37:35 aascedu kernel: x86/fpu: xstate_offset[2]:  576, xstate_sizes[2]:  256
Mar 10 09:37:35 aascedu kernel: x86/fpu: xstate_offset[9]:  832, xstate_sizes[9]:    8
Mar 10 09:37:35 aascedu kernel: x86/fpu: Enabled xstate features 0x207, context size is 840 bytes, using 'compacted' format.
Mar 10 09:37:35 aascedu kernel: Freeing SMP alternatives memory: 56K
Mar 10 09:37:35 aascedu kernel: pid_max: default: 32768 minimum: 301
Mar 10 09:37:35 aascedu kernel: LSM: initializing lsm=capability,selinux
Mar 10 09:37:35 aascedu kernel: SELinux:  Initializing.
Mar 10 09:37:35 aascedu kernel: Mount-cache hash table entries: 16384 (order: 5, 131072 bytes, linear)
Mar 10 09:37:35 aascedu kernel: Mountpoint-cache hash table entries: 16384 (order: 5, 131072 bytes, linear)
Mar 10 09:37:35 aascedu kernel: smpboot: CPU0: 12th Gen Intel(R) Core(TM) i7-12700 (family: 0x6, model: 0x97, stepping: 0x2)
Mar 10 09:37:35 aascedu kernel: Performance Events: Alderlake Hybrid events, full-width counters, Intel PMU driver.
Mar 10 09:37:35 aascedu kernel: core: cpu_core PMU driver: 
Mar 10 09:37:35 aascedu kernel: ... version:                2
Mar 10 09:37:35 aascedu kernel: ... bit width:              48
Mar 10 09:37:35 aascedu kernel: ... generic registers:      6
Mar 10 09:37:35 aascedu kernel: ... value mask:             0000ffffffffffff
Mar 10 09:37:35 aascedu kernel: ... max period:             00007fffffffffff
Mar 10 09:37:35 aascedu kernel: ... fixed-purpose events:   3
Mar 10 09:37:35 aascedu kernel: ... event mask:             000100070000003f
Mar 10 09:37:35 aascedu kernel: signal: max sigframe size: 3632
Mar 10 09:37:35 aascedu kernel: rcu: Hierarchical SRCU implementation.
Mar 10 09:37:35 aascedu kernel: rcu: \x09Max phase no-delay instances is 400.
Mar 10 09:37:35 aascedu kernel: Timer migration: 2 hierarchy levels; 8 children per group; 2 crossnode level
Mar 10 09:37:35 aascedu kernel: smp: Bringing up secondary CPUs ...
Mar 10 09:37:35 aascedu kernel: smpboot: x86: Booting SMP configuration:
Mar 10 09:37:35 aascedu kernel: .... node  #0, CPUs:        #1  #2  #3  #4  #5  #6  #7  #8  #9 #10 #11 #12 #13 #14 #15 #16 #17 #18 #19
Mar 10 09:37:35 aascedu kernel: smp: Brought up 1 node, 20 CPUs
Mar 10 09:37:35 aascedu kernel: smpboot: Total of 20 processors activated (84480.00 BogoMIPS)
Mar 10 09:37:35 aascedu kernel: Memory: 8121696K/8388088K available (18806K kernel code, 2901K rwdata, 7388K rodata, 2812K init, 972K bss, 255668K reserved, 0K cma-reserved)
Mar 10 09:37:35 aascedu kernel: devtmpfs: initialized
Mar 10 09:37:35 aascedu kernel: clocksource: jiffies: mask: 0xffffffff max_cycles: 0xffffffff, max_idle_ns: 1911260446275000 ns
Mar 10 09:37:35 aascedu kernel: posixtimers hash table entries: 16384 (order: 6, 262144 bytes, linear)
Mar 10 09:37:35 aascedu kernel: futex hash table entries: 8192 (524288 bytes on 1 NUMA nodes, total 512 KiB, linear).
Mar 10 09:37:35 aascedu kernel: PM: RTC time: 08:37:35, date: 2026-03-10
Mar 10 09:37:35 aascedu kernel: NET: Registered PF_NETLINK/PF_ROUTE protocol family
Mar 10 09:37:35 aascedu kernel: audit: initializing netlink subsys (disabled)
Mar 10 09:37:35 aascedu kernel: audit: type=2000 audit(1773131856.283:1): state=initialized audit_enabled=0 res=1
Mar 10 09:37:35 aascedu kernel: thermal_sys: Registered thermal governor 'step_wise'
Mar 10 09:37:35 aascedu kernel: cpuidle: using governor menu
Mar 10 09:37:35 aascedu kernel: PCI: Using configuration type 1 for base access
Mar 10 09:37:35 aascedu kernel: kprobes: kprobe jump-optimization is enabled. All kprobes are optimized if possible.
Mar 10 09:37:35 aascedu kernel: HugeTLB: allocation took 0ms with hugepage_allocation_threads=5
Mar 10 09:37:35 aascedu kernel: HugeTLB: registered 2.00 MiB page size, pre-allocated 0 pages
Mar 10 09:37:35 aascedu kernel: HugeTLB: 28 KiB vmemmap can be freed for a 2.00 MiB page
Mar 10 09:37:35 aascedu kernel: ACPI: Added _OSI(Module Device)
Mar 10 09:37:35 aascedu kernel: ACPI: Added _OSI(Processor Device)
Mar 10 09:37:35 aascedu kernel: ACPI: Added _OSI(Processor Aggregator Device)
Mar 10 09:37:35 aascedu kernel: ACPI: 1 ACPI AML tables successfully acquired and loaded
Mar 10 09:37:35 aascedu kernel: ACPI: Interpreter enabled
Mar 10 09:37:35 aascedu kernel: ACPI: PM: (supports S0 S3 S4 S5)
Mar 10 09:37:35 aascedu kernel: ACPI: Using IOAPIC for interrupt routing
Mar 10 09:37:35 aascedu kernel: PCI: Using host bridge windows from ACPI; if necessary, use "pci=nocrs" and report a bug
Mar 10 09:37:35 aascedu kernel: PCI: Using E820 reservations for host bridge windows
Mar 10 09:37:35 aascedu kernel: ACPI: Enabled 2 GPEs in block 00 to 0F
Mar 10 09:37:35 aascedu kernel: ACPI: PCI Root Bridge [PCI0] (domain 0000 [bus 00-ff])
Mar 10 09:37:35 aascedu kernel: acpi PNP0A03:00: _OSC: OS supports [ASPM ClockPM Segments MSI HPX-Type3]
Mar 10 09:37:35 aascedu kernel: acpi PNP0A03:00: _OSC: not requesting OS control; OS requires [ExtendedConfig ASPM ClockPM MSI]
Mar 10 09:37:35 aascedu kernel: acpi PNP0A03:00: fail to add MMCONFIG information, can't access extended configuration space under this bridge
Mar 10 09:37:35 aascedu kernel: PCI host bridge to bus 0000:00
Mar 10 09:37:35 aascedu kernel: pci_bus 0000:00: root bus resource [io  0x0000-0x0cf7 window]
Mar 10 09:37:35 aascedu kernel: pci_bus 0000:00: root bus resource [io  0x0d00-0xffff window]
Mar 10 09:37:35 aascedu kernel: pci_bus 0000:00: root bus resource [mem 0x000a0000-0x000bffff window]
Mar 10 09:37:35 aascedu kernel: pci_bus 0000:00: root bus resource [mem 0xc0000000-0xfebfffff window]
Mar 10 09:37:35 aascedu kernel: pci_bus 0000:00: root bus resource [mem 0x240000000-0x2bfffffff window]
Mar 10 09:37:35 aascedu kernel: pci_bus 0000:00: root bus resource [bus 00-ff]
Mar 10 09:37:35 aascedu kernel: pci 0000:00:00.0: [8086:1237] type 00 class 0x060000 conventional PCI endpoint
Mar 10 09:37:35 aascedu kernel: pci 0000:00:01.0: [8086:7000] type 00 class 0x060100 conventional PCI endpoint
Mar 10 09:37:35 aascedu kernel: pci 0000:00:01.1: [8086:7010] type 00 class 0x010180 conventional PCI endpoint
Mar 10 09:37:35 aascedu kernel: pci 0000:00:01.1: BAR 4 [io  0xc040-0xc04f]
Mar 10 09:37:35 aascedu kernel: pci 0000:00:01.1: BAR 0 [io  0x01f0-0x01f7]: legacy IDE quirk
Mar 10 09:37:35 aascedu kernel: pci 0000:00:01.1: BAR 1 [io  0x03f6]: legacy IDE quirk
Mar 10 09:37:35 aascedu kernel: pci 0000:00:01.1: BAR 2 [io  0x0170-0x0177]: legacy IDE quirk
Mar 10 09:37:35 aascedu kernel: pci 0000:00:01.1: BAR 3 [io  0x0376]: legacy IDE quirk
Mar 10 09:37:35 aascedu kernel: pci 0000:00:01.3: [8086:7113] type 00 class 0x068000 conventional PCI endpoint
Mar 10 09:37:35 aascedu kernel: pci 0000:00:01.3: quirk: [io  0x0600-0x063f] claimed by PIIX4 ACPI
Mar 10 09:37:35 aascedu kernel: pci 0000:00:01.3: quirk: [io  0x0700-0x070f] claimed by PIIX4 SMB
Mar 10 09:37:35 aascedu kernel: pci 0000:00:02.0: [1af4:1050] type 00 class 0x030000 conventional PCI endpoint
Mar 10 09:37:35 aascedu kernel: pci 0000:00:02.0: BAR 0 [mem 0xfe000000-0xfe7fffff pref]
Mar 10 09:37:35 aascedu kernel: pci 0000:00:02.0: BAR 2 [mem 0xfe800000-0xfe803fff 64bit pref]
Mar 10 09:37:35 aascedu kernel: pci 0000:00:02.0: BAR 4 [mem 0xfebb0000-0xfebb0fff]
Mar 10 09:37:35 aascedu kernel: pci 0000:00:02.0: ROM [mem 0xfeba0000-0xfebaffff pref]
Mar 10 09:37:35 aascedu kernel: pci 0000:00:02.0: Video device with shadowed ROM at [mem 0x000c0000-0x000dffff]
Mar 10 09:37:35 aascedu kernel: pci 0000:00:03.0: [8086:100e] type 00 class 0x020000 conventional PCI endpoint
Mar 10 09:37:35 aascedu kernel: pci 0000:00:03.0: BAR 0 [mem 0xfeb80000-0xfeb9ffff]
Mar 10 09:37:35 aascedu kernel: pci 0000:00:03.0: BAR 1 [io  0xc000-0xc03f]
Mar 10 09:37:35 aascedu kernel: pci 0000:00:03.0: ROM [mem 0xfeb00000-0xfeb7ffff pref]
Mar 10 09:37:35 aascedu kernel: ACPI: PCI: Interrupt link LNKA configured for IRQ 10
Mar 10 09:37:35 aascedu kernel: ACPI: PCI: Interrupt link LNKB configured for IRQ 10
Mar 10 09:37:35 aascedu kernel: ACPI: PCI: Interrupt link LNKC configured for IRQ 11
Mar 10 09:37:35 aascedu kernel: ACPI: PCI: Interrupt link LNKD configured for IRQ 11
Mar 10 09:37:35 aascedu kernel: ACPI: PCI: Interrupt link LNKS configured for IRQ 9
Mar 10 09:37:35 aascedu kernel: iommu: Default domain type: Translated
Mar 10 09:37:35 aascedu kernel: iommu: DMA domain TLB invalidation policy: lazy mode
Mar 10 09:37:35 aascedu kernel: SCSI subsystem initialized
Mar 10 09:37:35 aascedu kernel: libata version 3.00 loaded.
Mar 10 09:37:35 aascedu kernel: ACPI: bus type USB registered
Mar 10 09:37:35 aascedu kernel: usbcore: registered new interface driver usbfs
Mar 10 09:37:35 aascedu kernel: usbcore: registered new interface driver hub
Mar 10 09:37:35 aascedu kernel: usbcore: registered new device driver usb
Mar 10 09:37:35 aascedu kernel: pps_core: LinuxPPS API ver. 1 registered
Mar 10 09:37:35 aascedu kernel: pps_core: Software ver. 5.3.6 - Copyright 2005-2007 Rodolfo Giometti <giometti@linux.it>
Mar 10 09:37:35 aascedu kernel: PTP clock support registered
Mar 10 09:37:35 aascedu kernel: Advanced Linux Sound Architecture Driver Initialized.
Mar 10 09:37:35 aascedu kernel: NetLabel: Initializing
Mar 10 09:37:35 aascedu kernel: NetLabel:  domain hash size = 128
Mar 10 09:37:35 aascedu kernel: NetLabel:  protocols = UNLABELED CIPSOv4 CALIPSO
Mar 10 09:37:35 aascedu kernel: NetLabel:  unlabeled traffic allowed by default
Mar 10 09:37:35 aascedu kernel: PCI: Using ACPI for IRQ routing
Mar 10 09:37:35 aascedu kernel: PCI: pci_cache_line_size set to 64 bytes
Mar 10 09:37:35 aascedu kernel: e820: reserve RAM buffer [mem 0x0009fc00-0x0009ffff]
Mar 10 09:37:35 aascedu kernel: e820: reserve RAM buffer [mem 0xbffe0000-0xbfffffff]
Mar 10 09:37:35 aascedu kernel: pci 0000:00:02.0: vgaarb: setting as boot VGA device
Mar 10 09:37:35 aascedu kernel: pci 0000:00:02.0: vgaarb: bridge control possible
Mar 10 09:37:35 aascedu kernel: pci 0000:00:02.0: vgaarb: VGA device added: decodes=io+mem,owns=io+mem,locks=none
Mar 10 09:37:35 aascedu kernel: vgaarb: loaded
Mar 10 09:37:35 aascedu kernel: hpet0: at MMIO 0xfed00000, IRQs 2, 8, 0
Mar 10 09:37:35 aascedu kernel: hpet0: 3 comparators, 64-bit 100.000000 MHz counter
Mar 10 09:37:35 aascedu kernel: clocksource: Switched to clocksource kvm-clock
Mar 10 09:37:35 aascedu kernel: VFS: Disk quotas dquot_6.6.0
Mar 10 09:37:35 aascedu kernel: VFS: Dquot-cache hash table entries: 512 (order 0, 4096 bytes)
Mar 10 09:37:35 aascedu kernel: pnp: PnP ACPI init
Mar 10 09:37:35 aascedu kernel: pnp 00:02: [dma 2]
Mar 10 09:37:35 aascedu kernel: pnp: PnP ACPI: found 6 devices
Mar 10 09:37:35 aascedu kernel: clocksource: acpi_pm: mask: 0xffffff max_cycles: 0xffffff, max_idle_ns: 2085701024 ns
Mar 10 09:37:35 aascedu kernel: NET: Registered PF_INET protocol family
Mar 10 09:37:35 aascedu kernel: IP idents hash table entries: 131072 (order: 8, 1048576 bytes, linear)
Mar 10 09:37:35 aascedu kernel: tcp_listen_portaddr_hash hash table entries: 4096 (order: 4, 65536 bytes, linear)
Mar 10 09:37:35 aascedu kernel: Table-perturb hash table entries: 65536 (order: 6, 262144 bytes, linear)
Mar 10 09:37:35 aascedu kernel: TCP established hash table entries: 65536 (order: 7, 524288 bytes, linear)
Mar 10 09:37:35 aascedu kernel: TCP bind hash table entries: 65536 (order: 9, 2097152 bytes, linear)
Mar 10 09:37:35 aascedu kernel: TCP: Hash tables configured (established 65536 bind 65536)
Mar 10 09:37:35 aascedu kernel: UDP hash table entries: 4096 (order: 6, 262144 bytes, linear)
Mar 10 09:37:35 aascedu kernel: UDP-Lite hash table entries: 4096 (order: 6, 262144 bytes, linear)
Mar 10 09:37:35 aascedu kernel: NET: Registered PF_UNIX/PF_LOCAL protocol family
Mar 10 09:37:35 aascedu kernel: RPC: Registered named UNIX socket transport module.
Mar 10 09:37:35 aascedu kernel: RPC: Registered udp transport module.
Mar 10 09:37:35 aascedu kernel: RPC: Registered tcp transport module.
Mar 10 09:37:35 aascedu kernel: RPC: Registered tcp-with-tls transport module.
Mar 10 09:37:35 aascedu kernel: RPC: Registered tcp NFSv4.1 backchannel transport module.
Mar 10 09:37:35 aascedu kernel: pci_bus 0000:00: resource 4 [io  0x0000-0x0cf7 window]
Mar 10 09:37:35 aascedu kernel: pci_bus 0000:00: resource 5 [io  0x0d00-0xffff window]
Mar 10 09:37:35 aascedu kernel: pci_bus 0000:00: resource 6 [mem 0x000a0000-0x000bffff window]
Mar 10 09:37:35 aascedu kernel: pci_bus 0000:00: resource 7 [mem 0xc0000000-0xfebfffff window]
Mar 10 09:37:35 aascedu kernel: pci_bus 0000:00: resource 8 [mem 0x240000000-0x2bfffffff window]
Mar 10 09:37:35 aascedu kernel: pci 0000:00:01.0: PIIX3: Enabling Passive Release
Mar 10 09:37:35 aascedu kernel: pci 0000:00:00.0: Limiting direct PCI/PCI transfers
Mar 10 09:37:35 aascedu kernel: PCI: CLS 0 bytes, default 64
Mar 10 09:37:35 aascedu kernel: PCI-DMA: Using software bounce buffering for IO (SWIOTLB)
Mar 10 09:37:35 aascedu kernel: software IO TLB: mapped [mem 0x00000000bbfe0000-0x00000000bffe0000] (64MB)
Mar 10 09:37:35 aascedu kernel: RAPL PMU: API unit is 2^-32 Joules, 0 fixed counters, 10737418240 ms ovfl timer
Mar 10 09:37:35 aascedu kernel: clocksource: tsc: mask: 0xffffffffffffffff max_cycles: 0x1e71785e5dd, max_idle_ns: 440795244814 ns
Mar 10 09:37:35 aascedu kernel: Initialise system trusted keyrings
Mar 10 09:37:35 aascedu kernel: workingset: timestamp_bits=40 max_order=21 bucket_order=0
Mar 10 09:37:35 aascedu kernel: NFS: Registering the id_resolver key type
Mar 10 09:37:35 aascedu kernel: Key type id_resolver registered
Mar 10 09:37:35 aascedu kernel: Key type id_legacy registered
Mar 10 09:37:35 aascedu kernel: 9p: Installing v9fs 9p2000 file system support
Mar 10 09:37:35 aascedu kernel: Key type asymmetric registered
Mar 10 09:37:35 aascedu kernel: Asymmetric key parser 'x509' registered
Mar 10 09:37:35 aascedu kernel: Block layer SCSI generic (bsg) driver version 0.4 loaded (major 251)
Mar 10 09:37:35 aascedu kernel: io scheduler mq-deadline registered
Mar 10 09:37:35 aascedu kernel: io scheduler kyber registered
Mar 10 09:37:35 aascedu kernel: input: Power Button as /devices/LNXSYSTM:00/LNXPWRBN:00/input/input0
Mar 10 09:37:35 aascedu kernel: ACPI: button: Power Button [PWRF]
Mar 10 09:37:35 aascedu kernel: ACPI: \x5c_SB_.LNKB: Enabled at IRQ 10
Mar 10 09:37:35 aascedu kernel: Serial: 8250/16550 driver, 4 ports, IRQ sharing enabled
Mar 10 09:37:35 aascedu kernel: 00:04: ttyS0 at I/O 0x3f8 (irq = 4, base_baud = 115200) is a 16550A
Mar 10 09:37:35 aascedu kernel: Non-volatile memory driver v1.3
Mar 10 09:37:35 aascedu kernel: Linux agpgart interface v0.103
Mar 10 09:37:35 aascedu kernel: ACPI: bus type drm_connector registered
Mar 10 09:37:35 aascedu kernel: [drm] pci: virtio-vga detected at 0000:00:02.0
Mar 10 09:37:35 aascedu kernel: virtio-pci 0000:00:02.0: vgaarb: deactivate vga console
Mar 10 09:37:35 aascedu kernel: [drm] features: -virgl +edid -resource_blob -host_visible
Mar 10 09:37:35 aascedu kernel: [drm] features: -context_init
Mar 10 09:37:35 aascedu kernel: [drm] number of scanouts: 1
Mar 10 09:37:35 aascedu kernel: [drm] number of cap sets: 0
Mar 10 09:37:35 aascedu kernel: virtio-pci 0000:00:02.0: [drm] Registered 1 planes with drm panic
Mar 10 09:37:35 aascedu kernel: [drm] Initialized virtio_gpu 0.1.0 for 0000:00:02.0 on minor 0
Mar 10 09:37:35 aascedu kernel: fbcon: virtio_gpudrmfb (fb0) is primary device
Mar 10 09:37:35 aascedu kernel: Console: switching to colour frame buffer device 80x30
Mar 10 09:37:35 aascedu kernel: virtio-pci 0000:00:02.0: [drm] fb0: virtio_gpudrmfb frame buffer device
Mar 10 09:37:35 aascedu kernel: loop: module loaded
Mar 10 09:37:35 aascedu kernel: scsi host0: ata_piix
Mar 10 09:37:35 aascedu kernel: scsi host1: ata_piix
Mar 10 09:37:35 aascedu kernel: ata1: PATA max MWDMA2 cmd 0x1f0 ctl 0x3f6 bmdma 0xc040 irq 14 lpm-pol 0
Mar 10 09:37:35 aascedu kernel: ata2: PATA max MWDMA2 cmd 0x170 ctl 0x376 bmdma 0xc048 irq 15 lpm-pol 0
Mar 10 09:37:35 aascedu kernel: e100: Intel(R) PRO/100 Network Driver
Mar 10 09:37:35 aascedu kernel: e100: Copyright(c) 1999-2006 Intel Corporation
Mar 10 09:37:35 aascedu kernel: e1000: Intel(R) PRO/1000 Network Driver
Mar 10 09:37:35 aascedu kernel: e1000: Copyright (c) 1999-2006 Intel Corporation.
Mar 10 09:37:35 aascedu kernel: ACPI: \x5c_SB_.LNKC: Enabled at IRQ 11
Mar 10 09:37:35 aascedu kernel: ata1: found unknown device (class 0)
Mar 10 09:37:35 aascedu kernel: ata2: found unknown device (class 0)
Mar 10 09:37:35 aascedu kernel: ata1.00: ATA-7: QEMU HARDDISK, 2.5+, max UDMA/100
Mar 10 09:37:35 aascedu kernel: ata1.00: 83886080 sectors, multi 16: LBA48 
Mar 10 09:37:35 aascedu kernel: ata2.00: ATAPI: QEMU DVD-ROM, 2.5+, max UDMA/100
Mar 10 09:37:35 aascedu kernel: scsi 0:0:0:0: Direct-Access     ATA      QEMU HARDDISK    2.5+ PQ: 0 ANSI: 5
Mar 10 09:37:35 aascedu kernel: sd 0:0:0:0: [sda] 83886080 512-byte logical blocks: (42.9 GB/40.0 GiB)
Mar 10 09:37:35 aascedu kernel: sd 0:0:0:0: Attached scsi generic sg0 type 0
Mar 10 09:37:35 aascedu kernel: sd 0:0:0:0: [sda] Write Protect is off
Mar 10 09:37:35 aascedu kernel: sd 0:0:0:0: [sda] Mode Sense: 00 3a 00 00
Mar 10 09:37:35 aascedu kernel: sd 0:0:0:0: [sda] Write cache: enabled, read cache: enabled, doesn't support DPO or FUA
Mar 10 09:37:35 aascedu kernel: sd 0:0:0:0: [sda] Preferred minimum I/O size 512 bytes
Mar 10 09:37:35 aascedu kernel: scsi 1:0:0:0: CD-ROM            QEMU     QEMU DVD-ROM     2.5+ PQ: 0 ANSI: 5
Mar 10 09:37:35 aascedu kernel:  sda: sda1 sda3 sda4 sda5
Mar 10 09:37:35 aascedu kernel: sd 0:0:0:0: [sda] Attached SCSI disk
Mar 10 09:37:35 aascedu kernel: sr 1:0:0:0: [sr0] scsi3-mmc drive: 4x/4x cd/rw xa/form2 tray
Mar 10 09:37:35 aascedu kernel: cdrom: Uniform CD-ROM driver Revision: 3.20
Mar 10 09:37:35 aascedu kernel: sr 1:0:0:0: Attached scsi CD-ROM sr0
Mar 10 09:37:35 aascedu kernel: sr 1:0:0:0: Attached scsi generic sg1 type 5
Mar 10 09:37:35 aascedu kernel: e1000 0000:00:03.0 eth0: (PCI:33MHz:32-bit) 52:54:00:12:34:56
Mar 10 09:37:35 aascedu kernel: e1000 0000:00:03.0 eth0: Intel(R) PRO/1000 Network Connection
Mar 10 09:37:35 aascedu kernel: e1000e: Intel(R) PRO/1000 Network Driver
Mar 10 09:37:35 aascedu kernel: e1000e: Copyright(c) 1999 - 2015 Intel Corporation.
Mar 10 09:37:35 aascedu kernel: sky2: driver version 1.30
Mar 10 09:37:35 aascedu kernel: usbcore: registered new interface driver usblp
Mar 10 09:37:35 aascedu kernel: usbcore: registered new interface driver usb-storage
Mar 10 09:37:35 aascedu kernel: i8042: PNP: PS/2 Controller [PNP0303:KBD,PNP0f13:MOU] at 0x60,0x64 irq 1,12
Mar 10 09:37:35 aascedu kernel: serio: i8042 KBD port at 0x60,0x64 irq 1
Mar 10 09:37:35 aascedu kernel: serio: i8042 AUX port at 0x60,0x64 irq 12
Mar 10 09:37:35 aascedu kernel: input: AT Translated Set 2 keyboard as /devices/platform/i8042/serio0/input/input1
Mar 10 09:37:35 aascedu kernel: rtc_cmos 00:05: RTC can wake from S4
Mar 10 09:37:35 aascedu kernel: rtc_cmos 00:05: registered as rtc0
Mar 10 09:37:35 aascedu kernel: rtc_cmos 00:05: alarms up to one day, y3k, 242 bytes nvram, hpet irqs
Mar 10 09:37:35 aascedu kernel: device-mapper: ioctl: 4.50.0-ioctl (2025-04-28) initialised: dm-devel@lists.linux.dev
Mar 10 09:37:35 aascedu kernel: intel_pstate: CPU model not supported
Mar 10 09:37:35 aascedu kernel: hid: raw HID events driver (C) Jiri Kosina
Mar 10 09:37:35 aascedu kernel: usbcore: registered new interface driver usbhid
Mar 10 09:37:35 aascedu kernel: usbhid: USB HID core driver
Mar 10 09:37:35 aascedu kernel: Initializing XFRM netlink socket
Mar 10 09:37:35 aascedu kernel: NET: Registered PF_INET6 protocol family
Mar 10 09:37:35 aascedu kernel: Segment Routing with IPv6
Mar 10 09:37:35 aascedu kernel: In-situ OAM (IOAM) with IPv6
Mar 10 09:37:35 aascedu kernel: sit: IPv6, IPv4 and MPLS over IPv4 tunneling driver
Mar 10 09:37:35 aascedu kernel: NET: Registered PF_PACKET protocol family
Mar 10 09:37:35 aascedu kernel: 9pnet: Installing 9P2000 support
Mar 10 09:37:35 aascedu kernel: Key type dns_resolver registered
Mar 10 09:37:35 aascedu kernel: IPI shorthand broadcast: enabled
Mar 10 09:37:35 aascedu kernel: sched_clock: Marking stable (467001396, 494631)->(468172958, -676931)
Mar 10 09:37:35 aascedu kernel: registered taskstats version 1
Mar 10 09:37:35 aascedu kernel: Loading compiled-in X.509 certificates
Mar 10 09:37:35 aascedu kernel: Demotion targets for Node 0: null
Mar 10 09:37:35 aascedu kernel: PM:   Magic number: 2:161:624
Mar 10 09:37:35 aascedu kernel: netconsole: network logging started
Mar 10 09:37:35 aascedu kernel: cfg80211: Loading compiled-in X.509 certificates for regulatory database
Mar 10 09:37:35 aascedu kernel: kworker/u80:0 (157) used greatest stack depth: 13952 bytes left
Mar 10 09:37:35 aascedu kernel: Loaded X.509 cert 'sforshee: 00b28ddf47aef9cea7'
Mar 10 09:37:35 aascedu kernel: Loaded X.509 cert 'wens: 61c038651aabdcf94bd0ac7ff06c7248db18c600'
Mar 10 09:37:35 aascedu kernel: ALSA device list:
Mar 10 09:37:35 aascedu kernel:   No soundcards found.
Mar 10 09:37:35 aascedu kernel: platform regulatory.0: Direct firmware load for regulatory.db failed with error -2
Mar 10 09:37:35 aascedu kernel: cfg80211: failed to load regulatory.db
Mar 10 09:37:35 aascedu kernel: input: ImExPS/2 Generic Explorer Mouse as /devices/platform/i8042/serio1/input/input3
Mar 10 09:37:35 aascedu kernel: md: Waiting for all devices to be available before autodetect
Mar 10 09:37:35 aascedu kernel: md: If you don't use raid, use raid=noautodetect
Mar 10 09:37:35 aascedu kernel: md: Autodetecting RAID arrays.
Mar 10 09:37:35 aascedu kernel: md: autorun ...
Mar 10 09:37:35 aascedu kernel: md: ... autorun DONE.
Mar 10 09:37:35 aascedu kernel: EXT4-fs (sda5): INFO: recovery required on readonly filesystem
Mar 10 09:37:35 aascedu kernel: EXT4-fs (sda5): write access will be enabled during recovery
Mar 10 09:37:36 aascedu kernel: EXT4-fs (sda5): recovery complete
Mar 10 09:37:36 aascedu kernel: EXT4-fs (sda5): mounted filesystem b4d7eb2a-b4ac-4ed8-99e4-9064ea766d25 ro with ordered data mode. Quota mode: none.
Mar 10 09:37:36 aascedu kernel: VFS: Mounted root (ext4 filesystem) readonly on device 8:5.
Mar 10 09:37:36 aascedu kernel: devtmpfs: mounted
Mar 10 09:37:36 aascedu kernel: Freeing unused kernel image (initmem) memory: 2812K
Mar 10 09:37:36 aascedu kernel: Write protecting the kernel read-only data: 28672k
Mar 10 09:37:36 aascedu kernel: Freeing unused kernel image (text/rodata gap) memory: 1672K
Mar 10 09:37:36 aascedu kernel: Freeing unused kernel image (rodata/data gap) memory: 804K
Mar 10 09:37:36 aascedu kernel: x86/mm: Checked W+X mappings: passed, no W+X pages found.
Mar 10 09:37:36 aascedu kernel: Run /sbin/init as init process
Mar 10 09:37:36 aascedu kernel:   with arguments:
Mar 10 09:37:36 aascedu kernel:     /sbin/init
Mar 10 09:37:36 aascedu kernel:   with environment:
Mar 10 09:37:36 aascedu kernel:     HOME=/
Mar 10 09:37:36 aascedu kernel:     TERM=linux
Mar 10 09:37:36 aascedu kernel:     BOOT_IMAGE=/vmlinuz-6.16.1-aascedu
Mar 10 09:37:36 aascedu kernel: stty (169) used greatest stack depth: 12328 bytes left
Mar 10 09:37:36 aascedu kernel: e1000 0000:00:03.0 ens3: renamed from eth0
Mar 10 09:37:37 aascedu kernel: Adding 2097148k swap on /dev/sda4.  Priority:1 extents:1 across:2097148k 
Mar 10 09:37:37 aascedu kernel: EXT4-fs (sda5): re-mounted b4d7eb2a-b4ac-4ed8-99e4-9064ea766d25.
Mar 10 09:37:37 aascedu kernel: EXT4-fs (sda5): re-mounted b4d7eb2a-b4ac-4ed8-99e4-9064ea766d25 r/w.
Mar 10 09:37:37 aascedu kernel: EXT4-fs (sda3): mounting ext2 file system using the ext4 subsystem
Mar 10 09:37:37 aascedu kernel: EXT4-fs (sda3): mounted filesystem 625a4ecc-c41c-46bf-bba8-be9d697adec1 r/w without journal. Quota mode: none.
Mar 10 09:37:39 aascedu kernel: e1000: ens3 NIC Link is Up 1000 Mbps Full Duplex, Flow Control: RX
Mar 10 13:50:51 aascedu kernel: Linux version 6.16.1-aascedu (root@aascedu) (gcc (GCC) 15.2.0, GNU ld (GNU Binutils) 2.45) #1 SMP PREEMPT_DYNAMIC Tue Mar 10 09:36:34 CET 2026
Mar 10 13:50:51 aascedu kernel: Command line: BOOT_IMAGE=/vmlinuz-6.16.1-aascedu root=PARTUUID=88408a23-622f-46c6-96b4-4c40c536478e ro
Mar 10 13:50:51 aascedu kernel: BIOS-provided physical RAM map:
Mar 10 13:50:51 aascedu kernel: BIOS-e820: [mem 0x0000000000000000-0x000000000009fbff] usable
Mar 10 13:50:51 aascedu kernel: BIOS-e820: [mem 0x000000000009fc00-0x000000000009ffff] reserved
Mar 10 13:50:51 aascedu kernel: BIOS-e820: [mem 0x00000000000f0000-0x00000000000fffff] reserved
Mar 10 13:50:51 aascedu kernel: BIOS-e820: [mem 0x0000000000100000-0x00000000bffdffff] usable
Mar 10 13:50:51 aascedu kernel: BIOS-e820: [mem 0x00000000bffe0000-0x00000000bfffffff] reserved
Mar 10 13:50:51 aascedu kernel: BIOS-e820: [mem 0x00000000feffc000-0x00000000feffffff] reserved
Mar 10 13:50:51 aascedu kernel: BIOS-e820: [mem 0x00000000fffc0000-0x00000000ffffffff] reserved
Mar 10 13:50:51 aascedu kernel: BIOS-e820: [mem 0x0000000100000000-0x000000023fffffff] usable
Mar 10 13:50:51 aascedu kernel: NX (Execute Disable) protection: active
Mar 10 13:50:51 aascedu kernel: APIC: Static calls initialized
Mar 10 13:50:51 aascedu kernel: SMBIOS 2.8 present.
Mar 10 13:50:51 aascedu kernel: DMI: QEMU Standard PC (i440FX + PIIX, 1996), BIOS 1.15.0-1 04/01/2014
Mar 10 13:50:51 aascedu kernel: DMI: Memory slots populated: 1/1
Mar 10 13:50:51 aascedu kernel: Hypervisor detected: KVM
Mar 10 13:50:51 aascedu kernel: kvm-clock: Using msrs 4b564d01 and 4b564d00
Mar 10 13:50:51 aascedu kernel: kvm-clock: using sched offset of 6419704445 cycles
Mar 10 13:50:51 aascedu kernel: clocksource: kvm-clock: mask: 0xffffffffffffffff max_cycles: 0x1cd42e4dffb, max_idle_ns: 881590591483 ns
Mar 10 13:50:51 aascedu kernel: tsc: Detected 2112.000 MHz processor
Mar 10 13:50:51 aascedu kernel: e820: update [mem 0x00000000-0x00000fff] usable ==> reserved
Mar 10 13:50:51 aascedu kernel: e820: remove [mem 0x000a0000-0x000fffff] usable
Mar 10 13:50:51 aascedu kernel: last_pfn = 0x240000 max_arch_pfn = 0x400000000
Mar 10 13:50:51 aascedu kernel: MTRR map: 4 entries (3 fixed + 1 variable; max 19), built from 8 variable MTRRs
Mar 10 13:50:51 aascedu kernel: x86/PAT: Configuration [0-7]: WB  WC  UC- UC  WB  WP  UC- WT  
Mar 10 13:50:51 aascedu kernel: last_pfn = 0xbffe0 max_arch_pfn = 0x400000000
Mar 10 13:50:51 aascedu kernel: found SMP MP-table at [mem 0x000f5b90-0x000f5b9f]
Mar 10 13:50:51 aascedu kernel: Using GB pages for direct mapping
Mar 10 13:50:51 aascedu kernel: ACPI: Early table checksum verification disabled
Mar 10 13:50:51 aascedu kernel: ACPI: RSDP 0x00000000000F59B0 000014 (v00 BOCHS )
Mar 10 13:50:51 aascedu kernel: ACPI: RSDT 0x00000000BFFE1FFD 000034 (v01 BOCHS  BXPC     00000001 BXPC 00000001)
Mar 10 13:50:51 aascedu kernel: ACPI: FACP 0x00000000BFFE1E19 000074 (v01 BOCHS  BXPC     00000001 BXPC 00000001)
Mar 10 13:50:51 aascedu kernel: ACPI: DSDT 0x00000000BFFE0040 001DD9 (v01 BOCHS  BXPC     00000001 BXPC 00000001)
Mar 10 13:50:51 aascedu kernel: ACPI: FACS 0x00000000BFFE0000 000040
Mar 10 13:50:51 aascedu kernel: ACPI: APIC 0x00000000BFFE1E8D 000110 (v01 BOCHS  BXPC     00000001 BXPC 00000001)
Mar 10 13:50:51 aascedu kernel: ACPI: HPET 0x00000000BFFE1F9D 000038 (v01 BOCHS  BXPC     00000001 BXPC 00000001)
Mar 10 13:50:51 aascedu kernel: ACPI: WAET 0x00000000BFFE1FD5 000028 (v01 BOCHS  BXPC     00000001 BXPC 00000001)
Mar 10 13:50:51 aascedu kernel: ACPI: Reserving FACP table memory at [mem 0xbffe1e19-0xbffe1e8c]
Mar 10 13:50:51 aascedu kernel: ACPI: Reserving DSDT table memory at [mem 0xbffe0040-0xbffe1e18]
Mar 10 13:50:51 aascedu kernel: ACPI: Reserving FACS table memory at [mem 0xbffe0000-0xbffe003f]
Mar 10 13:50:51 aascedu kernel: ACPI: Reserving APIC table memory at [mem 0xbffe1e8d-0xbffe1f9c]
Mar 10 13:50:51 aascedu kernel: ACPI: Reserving HPET table memory at [mem 0xbffe1f9d-0xbffe1fd4]
Mar 10 13:50:51 aascedu kernel: ACPI: Reserving WAET table memory at [mem 0xbffe1fd5-0xbffe1ffc]
Mar 10 13:50:51 aascedu kernel: No NUMA configuration found
Mar 10 13:50:51 aascedu kernel: Faking a node at [mem 0x0000000000000000-0x000000023fffffff]
Mar 10 13:50:51 aascedu kernel: NODE_DATA(0) allocated [mem 0x23fffc900-0x23fffffff]
Mar 10 13:50:51 aascedu kernel: Zone ranges:
Mar 10 13:50:51 aascedu kernel:   DMA      [mem 0x0000000000001000-0x0000000000ffffff]
Mar 10 13:50:51 aascedu kernel:   DMA32    [mem 0x0000000001000000-0x00000000ffffffff]
Mar 10 13:50:51 aascedu kernel:   Normal   [mem 0x0000000100000000-0x000000023fffffff]
Mar 10 13:50:51 aascedu kernel: Movable zone start for each node
Mar 10 13:50:51 aascedu kernel: Early memory node ranges
Mar 10 13:50:51 aascedu kernel:   node   0: [mem 0x0000000000001000-0x000000000009efff]
Mar 10 13:50:51 aascedu kernel:   node   0: [mem 0x0000000000100000-0x00000000bffdffff]
Mar 10 13:50:51 aascedu kernel:   node   0: [mem 0x0000000100000000-0x000000023fffffff]
Mar 10 13:50:51 aascedu kernel: Initmem setup node 0 [mem 0x0000000000001000-0x000000023fffffff]
Mar 10 13:50:51 aascedu kernel: On node 0, zone DMA: 1 pages in unavailable ranges
Mar 10 13:50:51 aascedu kernel: On node 0, zone DMA: 97 pages in unavailable ranges
Mar 10 13:50:51 aascedu kernel: On node 0, zone Normal: 32 pages in unavailable ranges
Mar 10 13:50:51 aascedu kernel: ACPI: PM-Timer IO Port: 0x608
Mar 10 13:50:51 aascedu kernel: ACPI: LAPIC_NMI (acpi_id[0xff] dfl dfl lint[0x1])
Mar 10 13:50:51 aascedu kernel: IOAPIC[0]: apic_id 0, version 17, address 0xfec00000, GSI 0-23
Mar 10 13:50:51 aascedu kernel: ACPI: INT_SRC_OVR (bus 0 bus_irq 0 global_irq 2 dfl dfl)
Mar 10 13:50:51 aascedu kernel: ACPI: INT_SRC_OVR (bus 0 bus_irq 5 global_irq 5 high level)
Mar 10 13:50:51 aascedu kernel: ACPI: INT_SRC_OVR (bus 0 bus_irq 9 global_irq 9 high level)
Mar 10 13:50:51 aascedu kernel: ACPI: INT_SRC_OVR (bus 0 bus_irq 10 global_irq 10 high level)
Mar 10 13:50:51 aascedu kernel: ACPI: INT_SRC_OVR (bus 0 bus_irq 11 global_irq 11 high level)
Mar 10 13:50:51 aascedu kernel: ACPI: Using ACPI (MADT) for SMP configuration information
Mar 10 13:50:51 aascedu kernel: ACPI: HPET id: 0x8086a201 base: 0xfed00000
Mar 10 13:50:51 aascedu kernel: TSC deadline timer available
Mar 10 13:50:51 aascedu kernel: CPU topo: Max. logical packages:   1
Mar 10 13:50:51 aascedu kernel: CPU topo: Max. logical dies:       1
Mar 10 13:50:51 aascedu kernel: CPU topo: Max. dies per package:   1
Mar 10 13:50:51 aascedu kernel: CPU topo: Max. threads per core:   1
Mar 10 13:50:51 aascedu kernel: CPU topo: Num. cores per package:    20
Mar 10 13:50:51 aascedu kernel: CPU topo: Num. threads per package:  20
Mar 10 13:50:51 aascedu kernel: CPU topo: Allowing 20 present CPUs plus 0 hotplug CPUs
Mar 10 13:50:51 aascedu kernel: kvm-guest: APIC: eoi() replaced with kvm_guest_apic_eoi_write()
Mar 10 13:50:51 aascedu kernel: kvm-guest: KVM setup pv remote TLB flush
Mar 10 13:50:51 aascedu kernel: kvm-guest: setup PV sched yield
Mar 10 13:50:51 aascedu kernel: PM: hibernation: Registered nosave memory: [mem 0x00000000-0x00000fff]
Mar 10 13:50:51 aascedu kernel: PM: hibernation: Registered nosave memory: [mem 0x0009f000-0x000fffff]
Mar 10 13:50:51 aascedu kernel: PM: hibernation: Registered nosave memory: [mem 0xbffe0000-0xffffffff]
Mar 10 13:50:51 aascedu kernel: [mem 0xc0000000-0xfeffbfff] available for PCI devices
Mar 10 13:50:51 aascedu kernel: Booting paravirtualized kernel on KVM
Mar 10 13:50:51 aascedu kernel: clocksource: refined-jiffies: mask: 0xffffffff max_cycles: 0xffffffff, max_idle_ns: 1910969940391419 ns
Mar 10 13:50:51 aascedu kernel: setup_percpu: NR_CPUS:64 nr_cpumask_bits:20 nr_cpu_ids:20 nr_node_ids:1
Mar 10 13:50:51 aascedu kernel: percpu: Embedded 52 pages/cpu s172760 r8192 d32040 u262144
Mar 10 13:50:51 aascedu kernel: pcpu-alloc: s172760 r8192 d32040 u262144 alloc=1*2097152
Mar 10 13:50:51 aascedu kernel: pcpu-alloc: [0] 00 01 02 03 04 05 06 07 [0] 08 09 10 11 12 13 14 15 
Mar 10 13:50:51 aascedu kernel: pcpu-alloc: [0] 16 17 18 19 -- -- -- -- 
Mar 10 13:50:51 aascedu kernel: Kernel command line: BOOT_IMAGE=/vmlinuz-6.16.1-aascedu root=PARTUUID=88408a23-622f-46c6-96b4-4c40c536478e ro
Mar 10 13:50:51 aascedu kernel: Unknown kernel command line parameters "BOOT_IMAGE=/vmlinuz-6.16.1-aascedu", will be passed to user space.
Mar 10 13:50:51 aascedu kernel: random: crng init done
Mar 10 13:50:51 aascedu kernel: printk: log buffer data + meta data: 262144 + 917504 = 1179648 bytes
Mar 10 13:50:51 aascedu kernel: Dentry cache hash table entries: 1048576 (order: 11, 8388608 bytes, linear)
Mar 10 13:50:51 aascedu kernel: Inode-cache hash table entries: 524288 (order: 10, 4194304 bytes, linear)
Mar 10 13:50:51 aascedu kernel: software IO TLB: area num 32.
Mar 10 13:50:51 aascedu kernel: Fallback order for Node 0: 0 
Mar 10 13:50:51 aascedu kernel: Built 1 zonelists, mobility grouping on.  Total pages: 2097022
Mar 10 13:50:51 aascedu kernel: Policy zone: Normal
Mar 10 13:50:51 aascedu kernel: mem auto-init: stack:all(zero), heap alloc:off, heap free:off
Mar 10 13:50:51 aascedu kernel: SLUB: HWalign=64, Order=0-3, MinObjects=0, CPUs=20, Nodes=1
Mar 10 13:50:51 aascedu kernel: Dynamic Preempt: voluntary
Mar 10 13:50:51 aascedu kernel: rcu: Preemptible hierarchical RCU implementation.
Mar 10 13:50:51 aascedu kernel: rcu: \x09RCU event tracing is enabled.
Mar 10 13:50:51 aascedu kernel: rcu: \x09RCU restricting CPUs from NR_CPUS=64 to nr_cpu_ids=20.
Mar 10 13:50:51 aascedu kernel: \x09Trampoline variant of Tasks RCU enabled.
Mar 10 13:50:51 aascedu kernel: \x09Tracing variant of Tasks RCU enabled.
Mar 10 13:50:51 aascedu kernel: rcu: RCU calculated value of scheduler-enlistment delay is 100 jiffies.
Mar 10 13:50:51 aascedu kernel: rcu: Adjusting geometry for rcu_fanout_leaf=16, nr_cpu_ids=20
Mar 10 13:50:51 aascedu kernel: RCU Tasks: Setting shift to 5 and lim to 1 rcu_task_cb_adjust=1 rcu_task_cpu_ids=20.
Mar 10 13:50:51 aascedu kernel: RCU Tasks Trace: Setting shift to 5 and lim to 1 rcu_task_cb_adjust=1 rcu_task_cpu_ids=20.
Mar 10 13:50:51 aascedu kernel: NR_IRQS: 4352, nr_irqs: 584, preallocated irqs: 16
Mar 10 13:50:51 aascedu kernel: rcu: srcu_init: Setting srcu_struct sizes based on contention.
Mar 10 13:50:51 aascedu kernel: Console: colour dummy device 80x25
Mar 10 13:50:51 aascedu kernel: printk: legacy console [tty0] enabled
Mar 10 13:50:51 aascedu kernel: ACPI: Core revision 20250404
Mar 10 13:50:51 aascedu kernel: clocksource: hpet: mask: 0xffffffff max_cycles: 0xffffffff, max_idle_ns: 19112604467 ns
Mar 10 13:50:51 aascedu kernel: APIC: Switch to symmetric I/O mode setup
Mar 10 13:50:51 aascedu kernel: x2apic enabled
Mar 10 13:50:51 aascedu kernel: APIC: Switched APIC routing to: physical x2apic
Mar 10 13:50:51 aascedu kernel: kvm-guest: APIC: send_IPI_mask() replaced with kvm_send_ipi_mask()
Mar 10 13:50:51 aascedu kernel: kvm-guest: APIC: send_IPI_mask_allbutself() replaced with kvm_send_ipi_mask_allbutself()
Mar 10 13:50:51 aascedu kernel: kvm-guest: setup PV IPIs
Mar 10 13:50:51 aascedu kernel: ..TIMER: vector=0x30 apic1=0 pin1=2 apic2=-1 pin2=-1
Mar 10 13:50:51 aascedu kernel: clocksource: tsc-early: mask: 0xffffffffffffffff max_cycles: 0x1e71785e5dd, max_idle_ns: 440795244814 ns
Mar 10 13:50:51 aascedu kernel: Calibrating delay loop (skipped) preset value.. 4224.00 BogoMIPS (lpj=2112000)
Mar 10 13:50:51 aascedu kernel: x86/cpu: User Mode Instruction Prevention (UMIP) activated
Mar 10 13:50:51 aascedu kernel: Last level iTLB entries: 4KB 0, 2MB 0, 4MB 0
Mar 10 13:50:51 aascedu kernel: Last level dTLB entries: 4KB 0, 2MB 0, 4MB 0, 1GB 0
Mar 10 13:50:51 aascedu kernel: Speculative Store Bypass: Mitigation: Speculative Store Bypass disabled via prctl
Mar 10 13:50:51 aascedu kernel: Spectre V2 : Mitigation: Enhanced / Automatic IBRS
Mar 10 13:50:51 aascedu kernel: ITS: Mitigation: Aligned branch/return thunks
Mar 10 13:50:51 aascedu kernel: Spectre V1 : Mitigation: usercopy/swapgs barriers and __user pointer sanitization
Mar 10 13:50:51 aascedu kernel: Spectre V2 : Spectre v2 / PBRSB-eIBRS: Retire a single CALL on VMEXIT
Mar 10 13:50:51 aascedu kernel: Spectre V2 : mitigation: Enabling conditional Indirect Branch Prediction Barrier
Mar 10 13:50:51 aascedu kernel: Spectre V2 : Spectre BHI mitigation: SW BHB clearing on syscall and VM exit
Mar 10 13:50:51 aascedu kernel: x86/fpu: Supporting XSAVE feature 0x001: 'x87 floating point registers'
Mar 10 13:50:51 aascedu kernel: x86/fpu: Supporting XSAVE feature 0x002: 'SSE registers'
Mar 10 13:50:51 aascedu kernel: x86/fpu: Supporting XSAVE feature 0x004: 'AVX registers'
Mar 10 13:50:51 aascedu kernel: x86/fpu: Supporting XSAVE feature 0x200: 'Protection Keys User registers'
Mar 10 13:50:51 aascedu kernel: x86/fpu: xstate_offset[2]:  576, xstate_sizes[2]:  256
Mar 10 13:50:51 aascedu kernel: x86/fpu: xstate_offset[9]:  832, xstate_sizes[9]:    8
Mar 10 13:50:51 aascedu kernel: x86/fpu: Enabled xstate features 0x207, context size is 840 bytes, using 'compacted' format.
Mar 10 13:50:51 aascedu kernel: Freeing SMP alternatives memory: 56K
Mar 10 13:50:51 aascedu kernel: pid_max: default: 32768 minimum: 301
Mar 10 13:50:51 aascedu kernel: LSM: initializing lsm=capability,selinux
Mar 10 13:50:51 aascedu kernel: SELinux:  Initializing.
Mar 10 13:50:51 aascedu kernel: Mount-cache hash table entries: 16384 (order: 5, 131072 bytes, linear)
Mar 10 13:50:51 aascedu kernel: Mountpoint-cache hash table entries: 16384 (order: 5, 131072 bytes, linear)
Mar 10 13:50:51 aascedu kernel: smpboot: CPU0: 12th Gen Intel(R) Core(TM) i7-12700 (family: 0x6, model: 0x97, stepping: 0x2)
Mar 10 13:50:51 aascedu kernel: Performance Events: Alderlake Hybrid events, full-width counters, Intel PMU driver.
Mar 10 13:50:51 aascedu kernel: core: cpu_core PMU driver: 
Mar 10 13:50:51 aascedu kernel: ... version:                2
Mar 10 13:50:51 aascedu kernel: ... bit width:              48
Mar 10 13:50:51 aascedu kernel: ... generic registers:      6
Mar 10 13:50:51 aascedu kernel: ... value mask:             0000ffffffffffff
Mar 10 13:50:51 aascedu kernel: ... max period:             00007fffffffffff
Mar 10 13:50:51 aascedu kernel: ... fixed-purpose events:   3
Mar 10 13:50:51 aascedu kernel: ... event mask:             000100070000003f
Mar 10 13:50:51 aascedu kernel: signal: max sigframe size: 3632
Mar 10 13:50:51 aascedu kernel: rcu: Hierarchical SRCU implementation.
Mar 10 13:50:51 aascedu kernel: rcu: \x09Max phase no-delay instances is 400.
Mar 10 13:50:51 aascedu kernel: Timer migration: 2 hierarchy levels; 8 children per group; 2 crossnode level
Mar 10 13:50:51 aascedu kernel: smp: Bringing up secondary CPUs ...
Mar 10 13:50:51 aascedu kernel: smpboot: x86: Booting SMP configuration:
Mar 10 13:50:51 aascedu kernel: .... node  #0, CPUs:        #1  #2  #3  #4  #5  #6  #7  #8  #9 #10 #11 #12 #13 #14 #15 #16 #17 #18 #19
Mar 10 13:50:51 aascedu kernel: smp: Brought up 1 node, 20 CPUs
Mar 10 13:50:51 aascedu kernel: smpboot: Total of 20 processors activated (84480.00 BogoMIPS)
Mar 10 13:50:51 aascedu kernel: Memory: 8121708K/8388088K available (18806K kernel code, 2901K rwdata, 7388K rodata, 2812K init, 972K bss, 255656K reserved, 0K cma-reserved)
Mar 10 13:50:51 aascedu kernel: devtmpfs: initialized
Mar 10 13:50:51 aascedu kernel: clocksource: jiffies: mask: 0xffffffff max_cycles: 0xffffffff, max_idle_ns: 1911260446275000 ns
Mar 10 13:50:51 aascedu kernel: posixtimers hash table entries: 16384 (order: 6, 262144 bytes, linear)
Mar 10 13:50:51 aascedu kernel: futex hash table entries: 8192 (524288 bytes on 1 NUMA nodes, total 512 KiB, linear).
Mar 10 13:50:51 aascedu kernel: PM: RTC time: 12:50:51, date: 2026-03-10
Mar 10 13:50:51 aascedu kernel: NET: Registered PF_NETLINK/PF_ROUTE protocol family
Mar 10 13:50:51 aascedu kernel: audit: initializing netlink subsys (disabled)
Mar 10 13:50:51 aascedu kernel: audit: type=2000 audit(1773147051.717:1): state=initialized audit_enabled=0 res=1
Mar 10 13:50:51 aascedu kernel: thermal_sys: Registered thermal governor 'step_wise'
Mar 10 13:50:51 aascedu kernel: cpuidle: using governor menu
Mar 10 13:50:51 aascedu kernel: PCI: Using configuration type 1 for base access
Mar 10 13:50:51 aascedu kernel: kprobes: kprobe jump-optimization is enabled. All kprobes are optimized if possible.
Mar 10 13:50:51 aascedu kernel: HugeTLB: allocation took 0ms with hugepage_allocation_threads=5
Mar 10 13:50:51 aascedu kernel: HugeTLB: registered 2.00 MiB page size, pre-allocated 0 pages
Mar 10 13:50:51 aascedu kernel: HugeTLB: 28 KiB vmemmap can be freed for a 2.00 MiB page
Mar 10 13:50:51 aascedu kernel: ACPI: Added _OSI(Module Device)
Mar 10 13:50:51 aascedu kernel: ACPI: Added _OSI(Processor Device)
Mar 10 13:50:51 aascedu kernel: ACPI: Added _OSI(Processor Aggregator Device)
Mar 10 13:50:51 aascedu kernel: ACPI: 1 ACPI AML tables successfully acquired and loaded
Mar 10 13:50:51 aascedu kernel: ACPI: Interpreter enabled
Mar 10 13:50:51 aascedu kernel: ACPI: PM: (supports S0 S3 S4 S5)
Mar 10 13:50:51 aascedu kernel: ACPI: Using IOAPIC for interrupt routing
Mar 10 13:50:51 aascedu kernel: PCI: Using host bridge windows from ACPI; if necessary, use "pci=nocrs" and report a bug
Mar 10 13:50:51 aascedu kernel: PCI: Using E820 reservations for host bridge windows
Mar 10 13:50:51 aascedu kernel: ACPI: Enabled 2 GPEs in block 00 to 0F
Mar 10 13:50:51 aascedu kernel: ACPI: PCI Root Bridge [PCI0] (domain 0000 [bus 00-ff])
Mar 10 13:50:51 aascedu kernel: acpi PNP0A03:00: _OSC: OS supports [ASPM ClockPM Segments MSI HPX-Type3]
Mar 10 13:50:51 aascedu kernel: acpi PNP0A03:00: _OSC: not requesting OS control; OS requires [ExtendedConfig ASPM ClockPM MSI]
Mar 10 13:50:51 aascedu kernel: acpi PNP0A03:00: fail to add MMCONFIG information, can't access extended configuration space under this bridge
Mar 10 13:50:51 aascedu kernel: PCI host bridge to bus 0000:00
Mar 10 13:50:51 aascedu kernel: pci_bus 0000:00: root bus resource [io  0x0000-0x0cf7 window]
Mar 10 13:50:51 aascedu kernel: pci_bus 0000:00: root bus resource [io  0x0d00-0xffff window]
Mar 10 13:50:51 aascedu kernel: pci_bus 0000:00: root bus resource [mem 0x000a0000-0x000bffff window]
Mar 10 13:50:51 aascedu kernel: pci_bus 0000:00: root bus resource [mem 0xc0000000-0xfebfffff window]
Mar 10 13:50:51 aascedu kernel: pci_bus 0000:00: root bus resource [mem 0x240000000-0x2bfffffff window]
Mar 10 13:50:51 aascedu kernel: pci_bus 0000:00: root bus resource [bus 00-ff]
Mar 10 13:50:51 aascedu kernel: pci 0000:00:00.0: [8086:1237] type 00 class 0x060000 conventional PCI endpoint
Mar 10 13:50:51 aascedu kernel: pci 0000:00:01.0: [8086:7000] type 00 class 0x060100 conventional PCI endpoint
Mar 10 13:50:51 aascedu kernel: pci 0000:00:01.1: [8086:7010] type 00 class 0x010180 conventional PCI endpoint
Mar 10 13:50:51 aascedu kernel: pci 0000:00:01.1: BAR 4 [io  0xc040-0xc04f]
Mar 10 13:50:51 aascedu kernel: pci 0000:00:01.1: BAR 0 [io  0x01f0-0x01f7]: legacy IDE quirk
Mar 10 13:50:51 aascedu kernel: pci 0000:00:01.1: BAR 1 [io  0x03f6]: legacy IDE quirk
Mar 10 13:50:51 aascedu kernel: pci 0000:00:01.1: BAR 2 [io  0x0170-0x0177]: legacy IDE quirk
Mar 10 13:50:51 aascedu kernel: pci 0000:00:01.1: BAR 3 [io  0x0376]: legacy IDE quirk
Mar 10 13:50:51 aascedu kernel: pci 0000:00:01.3: [8086:7113] type 00 class 0x068000 conventional PCI endpoint
Mar 10 13:50:51 aascedu kernel: pci 0000:00:01.3: quirk: [io  0x0600-0x063f] claimed by PIIX4 ACPI
Mar 10 13:50:51 aascedu kernel: pci 0000:00:01.3: quirk: [io  0x0700-0x070f] claimed by PIIX4 SMB
Mar 10 13:50:51 aascedu kernel: pci 0000:00:02.0: [1af4:1050] type 00 class 0x030000 conventional PCI endpoint
Mar 10 13:50:51 aascedu kernel: pci 0000:00:02.0: BAR 0 [mem 0xfe000000-0xfe7fffff pref]
Mar 10 13:50:51 aascedu kernel: pci 0000:00:02.0: BAR 2 [mem 0xfe800000-0xfe803fff 64bit pref]
Mar 10 13:50:51 aascedu kernel: pci 0000:00:02.0: BAR 4 [mem 0xfebb0000-0xfebb0fff]
Mar 10 13:50:51 aascedu kernel: pci 0000:00:02.0: ROM [mem 0xfeba0000-0xfebaffff pref]
Mar 10 13:50:51 aascedu kernel: pci 0000:00:02.0: Video device with shadowed ROM at [mem 0x000c0000-0x000dffff]
Mar 10 13:50:51 aascedu kernel: pci 0000:00:03.0: [8086:100e] type 00 class 0x020000 conventional PCI endpoint
Mar 10 13:50:51 aascedu kernel: pci 0000:00:03.0: BAR 0 [mem 0xfeb80000-0xfeb9ffff]
Mar 10 13:50:51 aascedu kernel: pci 0000:00:03.0: BAR 1 [io  0xc000-0xc03f]
Mar 10 13:50:51 aascedu kernel: pci 0000:00:03.0: ROM [mem 0xfeb00000-0xfeb7ffff pref]
Mar 10 13:50:51 aascedu kernel: ACPI: PCI: Interrupt link LNKA configured for IRQ 10
Mar 10 13:50:51 aascedu kernel: ACPI: PCI: Interrupt link LNKB configured for IRQ 10
Mar 10 13:50:51 aascedu kernel: ACPI: PCI: Interrupt link LNKC configured for IRQ 11
Mar 10 13:50:51 aascedu kernel: ACPI: PCI: Interrupt link LNKD configured for IRQ 11
Mar 10 13:50:51 aascedu kernel: ACPI: PCI: Interrupt link LNKS configured for IRQ 9
Mar 10 13:50:51 aascedu kernel: iommu: Default domain type: Translated
Mar 10 13:50:51 aascedu kernel: iommu: DMA domain TLB invalidation policy: lazy mode
Mar 10 13:50:51 aascedu kernel: SCSI subsystem initialized
Mar 10 13:50:51 aascedu kernel: libata version 3.00 loaded.
Mar 10 13:50:51 aascedu kernel: ACPI: bus type USB registered
Mar 10 13:50:51 aascedu kernel: usbcore: registered new interface driver usbfs
Mar 10 13:50:51 aascedu kernel: usbcore: registered new interface driver hub
Mar 10 13:50:51 aascedu kernel: usbcore: registered new device driver usb
Mar 10 13:50:51 aascedu kernel: pps_core: LinuxPPS API ver. 1 registered
Mar 10 13:50:51 aascedu kernel: pps_core: Software ver. 5.3.6 - Copyright 2005-2007 Rodolfo Giometti <giometti@linux.it>
Mar 10 13:50:51 aascedu kernel: PTP clock support registered
Mar 10 13:50:51 aascedu kernel: Advanced Linux Sound Architecture Driver Initialized.
Mar 10 13:50:51 aascedu kernel: NetLabel: Initializing
Mar 10 13:50:51 aascedu kernel: NetLabel:  domain hash size = 128
Mar 10 13:50:51 aascedu kernel: NetLabel:  protocols = UNLABELED CIPSOv4 CALIPSO
Mar 10 13:50:51 aascedu kernel: NetLabel:  unlabeled traffic allowed by default
Mar 10 13:50:51 aascedu kernel: PCI: Using ACPI for IRQ routing
Mar 10 13:50:51 aascedu kernel: PCI: pci_cache_line_size set to 64 bytes
Mar 10 13:50:51 aascedu kernel: e820: reserve RAM buffer [mem 0x0009fc00-0x0009ffff]
Mar 10 13:50:51 aascedu kernel: e820: reserve RAM buffer [mem 0xbffe0000-0xbfffffff]
Mar 10 13:50:51 aascedu kernel: pci 0000:00:02.0: vgaarb: setting as boot VGA device
Mar 10 13:50:51 aascedu kernel: pci 0000:00:02.0: vgaarb: bridge control possible
Mar 10 13:50:51 aascedu kernel: pci 0000:00:02.0: vgaarb: VGA device added: decodes=io+mem,owns=io+mem,locks=none
Mar 10 13:50:51 aascedu kernel: vgaarb: loaded
Mar 10 13:50:51 aascedu kernel: hpet0: at MMIO 0xfed00000, IRQs 2, 8, 0
Mar 10 13:50:51 aascedu kernel: hpet0: 3 comparators, 64-bit 100.000000 MHz counter
Mar 10 13:50:51 aascedu kernel: clocksource: Switched to clocksource kvm-clock
Mar 10 13:50:51 aascedu kernel: VFS: Disk quotas dquot_6.6.0
Mar 10 13:50:51 aascedu kernel: VFS: Dquot-cache hash table entries: 512 (order 0, 4096 bytes)
Mar 10 13:50:51 aascedu kernel: pnp: PnP ACPI init
Mar 10 13:50:51 aascedu kernel: pnp 00:02: [dma 2]
Mar 10 13:50:51 aascedu kernel: pnp: PnP ACPI: found 6 devices
Mar 10 13:50:51 aascedu kernel: clocksource: acpi_pm: mask: 0xffffff max_cycles: 0xffffff, max_idle_ns: 2085701024 ns
Mar 10 13:50:51 aascedu kernel: NET: Registered PF_INET protocol family
Mar 10 13:50:51 aascedu kernel: IP idents hash table entries: 131072 (order: 8, 1048576 bytes, linear)
Mar 10 13:50:51 aascedu kernel: tcp_listen_portaddr_hash hash table entries: 4096 (order: 4, 65536 bytes, linear)
Mar 10 13:50:51 aascedu kernel: Table-perturb hash table entries: 65536 (order: 6, 262144 bytes, linear)
Mar 10 13:50:51 aascedu kernel: TCP established hash table entries: 65536 (order: 7, 524288 bytes, linear)
Mar 10 13:50:51 aascedu kernel: TCP bind hash table entries: 65536 (order: 9, 2097152 bytes, linear)
Mar 10 13:50:51 aascedu kernel: TCP: Hash tables configured (established 65536 bind 65536)
Mar 10 13:50:51 aascedu kernel: UDP hash table entries: 4096 (order: 6, 262144 bytes, linear)
Mar 10 13:50:51 aascedu kernel: UDP-Lite hash table entries: 4096 (order: 6, 262144 bytes, linear)
Mar 10 13:50:51 aascedu kernel: NET: Registered PF_UNIX/PF_LOCAL protocol family
Mar 10 13:50:51 aascedu kernel: RPC: Registered named UNIX socket transport module.
Mar 10 13:50:51 aascedu kernel: RPC: Registered udp transport module.
Mar 10 13:50:51 aascedu kernel: RPC: Registered tcp transport module.
Mar 10 13:50:51 aascedu kernel: RPC: Registered tcp-with-tls transport module.
Mar 10 13:50:51 aascedu kernel: RPC: Registered tcp NFSv4.1 backchannel transport module.
Mar 10 13:50:51 aascedu kernel: pci_bus 0000:00: resource 4 [io  0x0000-0x0cf7 window]
Mar 10 13:50:51 aascedu kernel: pci_bus 0000:00: resource 5 [io  0x0d00-0xffff window]
Mar 10 13:50:51 aascedu kernel: pci_bus 0000:00: resource 6 [mem 0x000a0000-0x000bffff window]
Mar 10 13:50:51 aascedu kernel: pci_bus 0000:00: resource 7 [mem 0xc0000000-0xfebfffff window]
Mar 10 13:50:51 aascedu kernel: pci_bus 0000:00: resource 8 [mem 0x240000000-0x2bfffffff window]
Mar 10 13:50:51 aascedu kernel: pci 0000:00:01.0: PIIX3: Enabling Passive Release
Mar 10 13:50:51 aascedu kernel: pci 0000:00:00.0: Limiting direct PCI/PCI transfers
Mar 10 13:50:51 aascedu kernel: PCI: CLS 0 bytes, default 64
Mar 10 13:50:51 aascedu kernel: PCI-DMA: Using software bounce buffering for IO (SWIOTLB)
Mar 10 13:50:51 aascedu kernel: software IO TLB: mapped [mem 0x00000000bbfe0000-0x00000000bffe0000] (64MB)
Mar 10 13:50:51 aascedu kernel: RAPL PMU: API unit is 2^-32 Joules, 0 fixed counters, 10737418240 ms ovfl timer
Mar 10 13:50:51 aascedu kernel: clocksource: tsc: mask: 0xffffffffffffffff max_cycles: 0x1e71785e5dd, max_idle_ns: 440795244814 ns
Mar 10 13:50:51 aascedu kernel: Initialise system trusted keyrings
Mar 10 13:50:51 aascedu kernel: workingset: timestamp_bits=40 max_order=21 bucket_order=0
Mar 10 13:50:51 aascedu kernel: NFS: Registering the id_resolver key type
Mar 10 13:50:51 aascedu kernel: Key type id_resolver registered
Mar 10 13:50:51 aascedu kernel: Key type id_legacy registered
Mar 10 13:50:51 aascedu kernel: 9p: Installing v9fs 9p2000 file system support
Mar 10 13:50:51 aascedu kernel: Key type asymmetric registered
Mar 10 13:50:51 aascedu kernel: Asymmetric key parser 'x509' registered
Mar 10 13:50:51 aascedu kernel: Block layer SCSI generic (bsg) driver version 0.4 loaded (major 251)
Mar 10 13:50:51 aascedu kernel: io scheduler mq-deadline registered
Mar 10 13:50:51 aascedu kernel: io scheduler kyber registered
Mar 10 13:50:51 aascedu kernel: input: Power Button as /devices/LNXSYSTM:00/LNXPWRBN:00/input/input0
Mar 10 13:50:51 aascedu kernel: ACPI: button: Power Button [PWRF]
Mar 10 13:50:51 aascedu kernel: ACPI: \x5c_SB_.LNKB: Enabled at IRQ 10
Mar 10 13:50:51 aascedu kernel: Serial: 8250/16550 driver, 4 ports, IRQ sharing enabled
Mar 10 13:50:51 aascedu kernel: 00:04: ttyS0 at I/O 0x3f8 (irq = 4, base_baud = 115200) is a 16550A
Mar 10 13:50:51 aascedu kernel: Non-volatile memory driver v1.3
Mar 10 13:50:51 aascedu kernel: Linux agpgart interface v0.103
Mar 10 13:50:51 aascedu kernel: ACPI: bus type drm_connector registered
Mar 10 13:50:51 aascedu kernel: [drm] pci: virtio-vga detected at 0000:00:02.0
Mar 10 13:50:51 aascedu kernel: virtio-pci 0000:00:02.0: vgaarb: deactivate vga console
Mar 10 13:50:51 aascedu kernel: [drm] features: -virgl +edid -resource_blob -host_visible
Mar 10 13:50:51 aascedu kernel: [drm] features: -context_init
Mar 10 13:50:51 aascedu kernel: [drm] number of scanouts: 1
Mar 10 13:50:51 aascedu kernel: [drm] number of cap sets: 0
Mar 10 13:50:51 aascedu kernel: virtio-pci 0000:00:02.0: [drm] Registered 1 planes with drm panic
Mar 10 13:50:51 aascedu kernel: [drm] Initialized virtio_gpu 0.1.0 for 0000:00:02.0 on minor 0
Mar 10 13:50:51 aascedu kernel: fbcon: virtio_gpudrmfb (fb0) is primary device
Mar 10 13:50:51 aascedu kernel: Console: switching to colour frame buffer device 80x30
Mar 10 13:50:51 aascedu kernel: virtio-pci 0000:00:02.0: [drm] fb0: virtio_gpudrmfb frame buffer device
Mar 10 13:50:51 aascedu kernel: loop: module loaded
Mar 10 13:50:51 aascedu kernel: scsi host0: ata_piix
Mar 10 13:50:51 aascedu kernel: scsi host1: ata_piix
Mar 10 13:50:51 aascedu kernel: ata1: PATA max MWDMA2 cmd 0x1f0 ctl 0x3f6 bmdma 0xc040 irq 14 lpm-pol 0
Mar 10 13:50:51 aascedu kernel: ata2: PATA max MWDMA2 cmd 0x170 ctl 0x376 bmdma 0xc048 irq 15 lpm-pol 0
Mar 10 13:50:51 aascedu kernel: e100: Intel(R) PRO/100 Network Driver
Mar 10 13:50:51 aascedu kernel: e100: Copyright(c) 1999-2006 Intel Corporation
Mar 10 13:50:51 aascedu kernel: e1000: Intel(R) PRO/1000 Network Driver
Mar 10 13:50:51 aascedu kernel: e1000: Copyright (c) 1999-2006 Intel Corporation.
Mar 10 13:50:51 aascedu kernel: ACPI: \x5c_SB_.LNKC: Enabled at IRQ 11
Mar 10 13:50:51 aascedu kernel: ata2: found unknown device (class 0)
Mar 10 13:50:51 aascedu kernel: ata1: found unknown device (class 0)
Mar 10 13:50:51 aascedu kernel: ata2.00: ATAPI: QEMU DVD-ROM, 2.5+, max UDMA/100
Mar 10 13:50:51 aascedu kernel: ata1.00: ATA-7: QEMU HARDDISK, 2.5+, max UDMA/100
Mar 10 13:50:51 aascedu kernel: ata1.00: 83886080 sectors, multi 16: LBA48 
Mar 10 13:50:51 aascedu kernel: scsi 0:0:0:0: Direct-Access     ATA      QEMU HARDDISK    2.5+ PQ: 0 ANSI: 5
Mar 10 13:50:51 aascedu kernel: sd 0:0:0:0: Attached scsi generic sg0 type 0
Mar 10 13:50:51 aascedu kernel: sd 0:0:0:0: [sda] 83886080 512-byte logical blocks: (42.9 GB/40.0 GiB)
Mar 10 13:50:51 aascedu kernel: sd 0:0:0:0: [sda] Write Protect is off
Mar 10 13:50:51 aascedu kernel: sd 0:0:0:0: [sda] Mode Sense: 00 3a 00 00
Mar 10 13:50:51 aascedu kernel: scsi 1:0:0:0: CD-ROM            QEMU     QEMU DVD-ROM     2.5+ PQ: 0 ANSI: 5
Mar 10 13:50:51 aascedu kernel: sd 0:0:0:0: [sda] Write cache: enabled, read cache: enabled, doesn't support DPO or FUA
Mar 10 13:50:51 aascedu kernel: sd 0:0:0:0: [sda] Preferred minimum I/O size 512 bytes
Mar 10 13:50:51 aascedu kernel:  sda: sda1 sda3 sda4 sda5
Mar 10 13:50:51 aascedu kernel: sd 0:0:0:0: [sda] Attached SCSI disk
Mar 10 13:50:51 aascedu kernel: sr 1:0:0:0: [sr0] scsi3-mmc drive: 4x/4x cd/rw xa/form2 tray
Mar 10 13:50:51 aascedu kernel: cdrom: Uniform CD-ROM driver Revision: 3.20
Mar 10 13:50:51 aascedu kernel: sr 1:0:0:0: Attached scsi CD-ROM sr0
Mar 10 13:50:51 aascedu kernel: sr 1:0:0:0: Attached scsi generic sg1 type 5
Mar 10 13:50:51 aascedu kernel: e1000 0000:00:03.0 eth0: (PCI:33MHz:32-bit) 52:54:00:12:34:56
Mar 10 13:50:51 aascedu kernel: e1000 0000:00:03.0 eth0: Intel(R) PRO/1000 Network Connection
Mar 10 13:50:51 aascedu kernel: e1000e: Intel(R) PRO/1000 Network Driver
Mar 10 13:50:51 aascedu kernel: e1000e: Copyright(c) 1999 - 2015 Intel Corporation.
Mar 10 13:50:51 aascedu kernel: sky2: driver version 1.30
Mar 10 13:50:51 aascedu kernel: usbcore: registered new interface driver usblp
Mar 10 13:50:51 aascedu kernel: usbcore: registered new interface driver usb-storage
Mar 10 13:50:51 aascedu kernel: i8042: PNP: PS/2 Controller [PNP0303:KBD,PNP0f13:MOU] at 0x60,0x64 irq 1,12
Mar 10 13:50:51 aascedu kernel: serio: i8042 KBD port at 0x60,0x64 irq 1
Mar 10 13:50:51 aascedu kernel: serio: i8042 AUX port at 0x60,0x64 irq 12
Mar 10 13:50:51 aascedu kernel: rtc_cmos 00:05: RTC can wake from S4
Mar 10 13:50:51 aascedu kernel: rtc_cmos 00:05: registered as rtc0
Mar 10 13:50:51 aascedu kernel: rtc_cmos 00:05: alarms up to one day, y3k, 242 bytes nvram, hpet irqs
Mar 10 13:50:51 aascedu kernel: input: AT Translated Set 2 keyboard as /devices/platform/i8042/serio0/input/input1
Mar 10 13:50:51 aascedu kernel: device-mapper: ioctl: 4.50.0-ioctl (2025-04-28) initialised: dm-devel@lists.linux.dev
Mar 10 13:50:51 aascedu kernel: intel_pstate: CPU model not supported
Mar 10 13:50:51 aascedu kernel: hid: raw HID events driver (C) Jiri Kosina
Mar 10 13:50:51 aascedu kernel: usbcore: registered new interface driver usbhid
Mar 10 13:50:51 aascedu kernel: usbhid: USB HID core driver
Mar 10 13:50:51 aascedu kernel: Initializing XFRM netlink socket
Mar 10 13:50:51 aascedu kernel: NET: Registered PF_INET6 protocol family
Mar 10 13:50:51 aascedu kernel: Segment Routing with IPv6
Mar 10 13:50:51 aascedu kernel: In-situ OAM (IOAM) with IPv6
Mar 10 13:50:51 aascedu kernel: sit: IPv6, IPv4 and MPLS over IPv4 tunneling driver
Mar 10 13:50:51 aascedu kernel: NET: Registered PF_PACKET protocol family
Mar 10 13:50:51 aascedu kernel: 9pnet: Installing 9P2000 support
Mar 10 13:50:51 aascedu kernel: Key type dns_resolver registered
Mar 10 13:50:51 aascedu kernel: IPI shorthand broadcast: enabled
Mar 10 13:50:51 aascedu kernel: sched_clock: Marking stable (467001240, 374713)->(468700670, -1324717)
Mar 10 13:50:51 aascedu kernel: registered taskstats version 1
Mar 10 13:50:51 aascedu kernel: Loading compiled-in X.509 certificates
Mar 10 13:50:51 aascedu kernel: Demotion targets for Node 0: null
Mar 10 13:50:51 aascedu kernel: PM:   Magic number: 2:791:834
Mar 10 13:50:51 aascedu kernel: netconsole: network logging started
Mar 10 13:50:51 aascedu kernel: cfg80211: Loading compiled-in X.509 certificates for regulatory database
Mar 10 13:50:51 aascedu kernel: kworker/u80:0 (159) used greatest stack depth: 13952 bytes left
Mar 10 13:50:51 aascedu kernel: Loaded X.509 cert 'sforshee: 00b28ddf47aef9cea7'
Mar 10 13:50:51 aascedu kernel: Loaded X.509 cert 'wens: 61c038651aabdcf94bd0ac7ff06c7248db18c600'
Mar 10 13:50:51 aascedu kernel: platform regulatory.0: Direct firmware load for regulatory.db failed with error -2
Mar 10 13:50:51 aascedu kernel: cfg80211: failed to load regulatory.db
Mar 10 13:50:51 aascedu kernel: ALSA device list:
Mar 10 13:50:51 aascedu kernel:   No soundcards found.
Mar 10 13:50:51 aascedu kernel: input: ImExPS/2 Generic Explorer Mouse as /devices/platform/i8042/serio1/input/input3
Mar 10 13:50:51 aascedu kernel: md: Waiting for all devices to be available before autodetect
Mar 10 13:50:51 aascedu kernel: md: If you don't use raid, use raid=noautodetect
Mar 10 13:50:51 aascedu kernel: md: Autodetecting RAID arrays.
Mar 10 13:50:51 aascedu kernel: md: autorun ...
Mar 10 13:50:51 aascedu kernel: md: ... autorun DONE.
Mar 10 13:50:51 aascedu kernel: EXT4-fs (sda5): INFO: recovery required on readonly filesystem
Mar 10 13:50:51 aascedu kernel: EXT4-fs (sda5): write access will be enabled during recovery
Mar 10 13:50:51 aascedu kernel: EXT4-fs (sda5): recovery complete
Mar 10 13:50:51 aascedu kernel: EXT4-fs (sda5): mounted filesystem b4d7eb2a-b4ac-4ed8-99e4-9064ea766d25 ro with ordered data mode. Quota mode: none.
Mar 10 13:50:51 aascedu kernel: VFS: Mounted root (ext4 filesystem) readonly on device 8:5.
Mar 10 13:50:51 aascedu kernel: devtmpfs: mounted
Mar 10 13:50:51 aascedu kernel: Freeing unused kernel image (initmem) memory: 2812K
Mar 10 13:50:51 aascedu kernel: Write protecting the kernel read-only data: 28672k
Mar 10 13:50:51 aascedu kernel: Freeing unused kernel image (text/rodata gap) memory: 1672K
Mar 10 13:50:51 aascedu kernel: Freeing unused kernel image (rodata/data gap) memory: 804K
Mar 10 13:50:51 aascedu kernel: x86/mm: Checked W+X mappings: passed, no W+X pages found.
Mar 10 13:50:51 aascedu kernel: Run /sbin/init as init process
Mar 10 13:50:51 aascedu kernel:   with arguments:
Mar 10 13:50:51 aascedu kernel:     /sbin/init
Mar 10 13:50:51 aascedu kernel:   with environment:
Mar 10 13:50:51 aascedu kernel:     HOME=/
Mar 10 13:50:51 aascedu kernel:     TERM=linux
Mar 10 13:50:51 aascedu kernel:     BOOT_IMAGE=/vmlinuz-6.16.1-aascedu
Mar 10 13:50:52 aascedu kernel: stty (171) used greatest stack depth: 12328 bytes left
Mar 10 13:50:52 aascedu kernel: sed (187) used greatest stack depth: 12280 bytes left
Mar 10 13:50:52 aascedu kernel: e1000 0000:00:03.0 ens3: renamed from eth0
Mar 10 13:50:53 aascedu kernel: Adding 2097148k swap on /dev/sda4.  Priority:1 extents:1 across:2097148k 
Mar 10 13:50:53 aascedu kernel: EXT4-fs (sda5): re-mounted b4d7eb2a-b4ac-4ed8-99e4-9064ea766d25.
Mar 10 13:50:53 aascedu kernel: EXT4-fs (sda5): re-mounted b4d7eb2a-b4ac-4ed8-99e4-9064ea766d25 r/w.
Mar 10 13:50:53 aascedu kernel: EXT4-fs (sda3): mounting ext2 file system using the ext4 subsystem
Mar 10 13:50:53 aascedu kernel: EXT4-fs (sda3): mounted filesystem 625a4ecc-c41c-46bf-bba8-be9d697adec1 r/w without journal. Quota mode: none.
Mar 10 13:50:55 aascedu kernel: e1000: ens3 NIC Link is Up 1000 Mbps Full Duplex, Flow Control: RX
Mar 10 13:53:29 aascedu kernel: lto1-ltrans (2206) used greatest stack depth: 12224 bytes left
Mar 10 14:31:10 aascedu kernel: Linux version 6.16.1-aascedu (root@aascedu) (gcc (GCC) 15.2.0, GNU ld (GNU Binutils) 2.45) #1 SMP PREEMPT_DYNAMIC Tue Mar 10 09:36:34 CET 2026
Mar 10 14:31:10 aascedu kernel: Command line: BOOT_IMAGE=/vmlinuz-6.16.1-aascedu root=PARTUUID=88408a23-622f-46c6-96b4-4c40c536478e ro
Mar 10 14:31:10 aascedu kernel: BIOS-provided physical RAM map:
Mar 10 14:31:10 aascedu kernel: BIOS-e820: [mem 0x0000000000000000-0x000000000009fbff] usable
Mar 10 14:31:10 aascedu kernel: BIOS-e820: [mem 0x000000000009fc00-0x000000000009ffff] reserved
Mar 10 14:31:10 aascedu kernel: BIOS-e820: [mem 0x00000000000f0000-0x00000000000fffff] reserved
Mar 10 14:31:10 aascedu kernel: BIOS-e820: [mem 0x0000000000100000-0x00000000bffdffff] usable
Mar 10 14:31:10 aascedu kernel: BIOS-e820: [mem 0x00000000bffe0000-0x00000000bfffffff] reserved
Mar 10 14:31:10 aascedu kernel: BIOS-e820: [mem 0x00000000feffc000-0x00000000feffffff] reserved
Mar 10 14:31:10 aascedu kernel: BIOS-e820: [mem 0x00000000fffc0000-0x00000000ffffffff] reserved
Mar 10 14:31:10 aascedu kernel: BIOS-e820: [mem 0x0000000100000000-0x000000023fffffff] usable
Mar 10 14:31:10 aascedu kernel: NX (Execute Disable) protection: active
Mar 10 14:31:10 aascedu kernel: APIC: Static calls initialized
Mar 10 14:31:10 aascedu kernel: SMBIOS 2.8 present.
Mar 10 14:31:10 aascedu kernel: DMI: QEMU Standard PC (i440FX + PIIX, 1996), BIOS 1.15.0-1 04/01/2014
Mar 10 14:31:10 aascedu kernel: DMI: Memory slots populated: 1/1
Mar 10 14:31:10 aascedu kernel: Hypervisor detected: KVM
Mar 10 14:31:10 aascedu kernel: kvm-clock: Using msrs 4b564d01 and 4b564d00
Mar 10 14:31:10 aascedu kernel: kvm-clock: using sched offset of 6422128785 cycles
Mar 10 14:31:10 aascedu kernel: clocksource: kvm-clock: mask: 0xffffffffffffffff max_cycles: 0x1cd42e4dffb, max_idle_ns: 881590591483 ns
Mar 10 14:31:10 aascedu kernel: tsc: Detected 2112.000 MHz processor
Mar 10 14:31:10 aascedu kernel: e820: update [mem 0x00000000-0x00000fff] usable ==> reserved
Mar 10 14:31:10 aascedu kernel: e820: remove [mem 0x000a0000-0x000fffff] usable
Mar 10 14:31:10 aascedu kernel: last_pfn = 0x240000 max_arch_pfn = 0x400000000
Mar 10 14:31:10 aascedu kernel: MTRR map: 4 entries (3 fixed + 1 variable; max 19), built from 8 variable MTRRs
Mar 10 14:31:10 aascedu kernel: x86/PAT: Configuration [0-7]: WB  WC  UC- UC  WB  WP  UC- WT  
Mar 10 14:31:10 aascedu kernel: last_pfn = 0xbffe0 max_arch_pfn = 0x400000000
Mar 10 14:31:10 aascedu kernel: found SMP MP-table at [mem 0x000f5b90-0x000f5b9f]
Mar 10 14:31:10 aascedu kernel: Using GB pages for direct mapping
Mar 10 14:31:10 aascedu kernel: ACPI: Early table checksum verification disabled
Mar 10 14:31:10 aascedu kernel: ACPI: RSDP 0x00000000000F59B0 000014 (v00 BOCHS )
Mar 10 14:31:10 aascedu kernel: ACPI: RSDT 0x00000000BFFE1FFD 000034 (v01 BOCHS  BXPC     00000001 BXPC 00000001)
Mar 10 14:31:10 aascedu kernel: ACPI: FACP 0x00000000BFFE1E19 000074 (v01 BOCHS  BXPC     00000001 BXPC 00000001)
Mar 10 14:31:10 aascedu kernel: ACPI: DSDT 0x00000000BFFE0040 001DD9 (v01 BOCHS  BXPC     00000001 BXPC 00000001)
Mar 10 14:31:10 aascedu kernel: ACPI: FACS 0x00000000BFFE0000 000040
Mar 10 14:31:10 aascedu kernel: ACPI: APIC 0x00000000BFFE1E8D 000110 (v01 BOCHS  BXPC     00000001 BXPC 00000001)
Mar 10 14:31:10 aascedu kernel: ACPI: HPET 0x00000000BFFE1F9D 000038 (v01 BOCHS  BXPC     00000001 BXPC 00000001)
Mar 10 14:31:10 aascedu kernel: ACPI: WAET 0x00000000BFFE1FD5 000028 (v01 BOCHS  BXPC     00000001 BXPC 00000001)
Mar 10 14:31:10 aascedu kernel: ACPI: Reserving FACP table memory at [mem 0xbffe1e19-0xbffe1e8c]
Mar 10 14:31:10 aascedu kernel: ACPI: Reserving DSDT table memory at [mem 0xbffe0040-0xbffe1e18]
Mar 10 14:31:10 aascedu kernel: ACPI: Reserving FACS table memory at [mem 0xbffe0000-0xbffe003f]
Mar 10 14:31:10 aascedu kernel: ACPI: Reserving APIC table memory at [mem 0xbffe1e8d-0xbffe1f9c]
Mar 10 14:31:10 aascedu kernel: ACPI: Reserving HPET table memory at [mem 0xbffe1f9d-0xbffe1fd4]
Mar 10 14:31:10 aascedu kernel: ACPI: Reserving WAET table memory at [mem 0xbffe1fd5-0xbffe1ffc]
Mar 10 14:31:10 aascedu kernel: No NUMA configuration found
Mar 10 14:31:10 aascedu kernel: Faking a node at [mem 0x0000000000000000-0x000000023fffffff]
Mar 10 14:31:10 aascedu kernel: NODE_DATA(0) allocated [mem 0x23fffc900-0x23fffffff]
Mar 10 14:31:10 aascedu kernel: Zone ranges:
Mar 10 14:31:10 aascedu kernel:   DMA      [mem 0x0000000000001000-0x0000000000ffffff]
Mar 10 14:31:10 aascedu kernel:   DMA32    [mem 0x0000000001000000-0x00000000ffffffff]
Mar 10 14:31:10 aascedu kernel:   Normal   [mem 0x0000000100000000-0x000000023fffffff]
Mar 10 14:31:10 aascedu kernel: Movable zone start for each node
Mar 10 14:31:10 aascedu kernel: Early memory node ranges
Mar 10 14:31:10 aascedu kernel:   node   0: [mem 0x0000000000001000-0x000000000009efff]
Mar 10 14:31:10 aascedu kernel:   node   0: [mem 0x0000000000100000-0x00000000bffdffff]
Mar 10 14:31:10 aascedu kernel:   node   0: [mem 0x0000000100000000-0x000000023fffffff]
Mar 10 14:31:10 aascedu kernel: Initmem setup node 0 [mem 0x0000000000001000-0x000000023fffffff]
Mar 10 14:31:10 aascedu kernel: On node 0, zone DMA: 1 pages in unavailable ranges
Mar 10 14:31:10 aascedu kernel: On node 0, zone DMA: 97 pages in unavailable ranges
Mar 10 14:31:10 aascedu kernel: On node 0, zone Normal: 32 pages in unavailable ranges
Mar 10 14:31:10 aascedu kernel: ACPI: PM-Timer IO Port: 0x608
Mar 10 14:31:10 aascedu kernel: ACPI: LAPIC_NMI (acpi_id[0xff] dfl dfl lint[0x1])
Mar 10 14:31:10 aascedu kernel: IOAPIC[0]: apic_id 0, version 17, address 0xfec00000, GSI 0-23
Mar 10 14:31:10 aascedu kernel: ACPI: INT_SRC_OVR (bus 0 bus_irq 0 global_irq 2 dfl dfl)
Mar 10 14:31:10 aascedu kernel: ACPI: INT_SRC_OVR (bus 0 bus_irq 5 global_irq 5 high level)
Mar 10 14:31:10 aascedu kernel: ACPI: INT_SRC_OVR (bus 0 bus_irq 9 global_irq 9 high level)
Mar 10 14:31:10 aascedu kernel: ACPI: INT_SRC_OVR (bus 0 bus_irq 10 global_irq 10 high level)
Mar 10 14:31:10 aascedu kernel: ACPI: INT_SRC_OVR (bus 0 bus_irq 11 global_irq 11 high level)
Mar 10 14:31:10 aascedu kernel: ACPI: Using ACPI (MADT) for SMP configuration information
Mar 10 14:31:10 aascedu kernel: ACPI: HPET id: 0x8086a201 base: 0xfed00000
Mar 10 14:31:10 aascedu kernel: TSC deadline timer available
Mar 10 14:31:10 aascedu kernel: CPU topo: Max. logical packages:   1
Mar 10 14:31:10 aascedu kernel: CPU topo: Max. logical dies:       1
Mar 10 14:31:10 aascedu kernel: CPU topo: Max. dies per package:   1
Mar 10 14:31:10 aascedu kernel: CPU topo: Max. threads per core:   1
Mar 10 14:31:10 aascedu kernel: CPU topo: Num. cores per package:    20
Mar 10 14:31:10 aascedu kernel: CPU topo: Num. threads per package:  20
Mar 10 14:31:10 aascedu kernel: CPU topo: Allowing 20 present CPUs plus 0 hotplug CPUs
Mar 10 14:31:10 aascedu kernel: kvm-guest: APIC: eoi() replaced with kvm_guest_apic_eoi_write()
Mar 10 14:31:10 aascedu kernel: kvm-guest: KVM setup pv remote TLB flush
Mar 10 14:31:10 aascedu kernel: kvm-guest: setup PV sched yield
Mar 10 14:31:10 aascedu kernel: PM: hibernation: Registered nosave memory: [mem 0x00000000-0x00000fff]
Mar 10 14:31:10 aascedu kernel: PM: hibernation: Registered nosave memory: [mem 0x0009f000-0x000fffff]
Mar 10 14:31:10 aascedu kernel: PM: hibernation: Registered nosave memory: [mem 0xbffe0000-0xffffffff]
Mar 10 14:31:10 aascedu kernel: [mem 0xc0000000-0xfeffbfff] available for PCI devices
Mar 10 14:31:10 aascedu kernel: Booting paravirtualized kernel on KVM
Mar 10 14:31:10 aascedu kernel: clocksource: refined-jiffies: mask: 0xffffffff max_cycles: 0xffffffff, max_idle_ns: 1910969940391419 ns
Mar 10 14:31:10 aascedu kernel: setup_percpu: NR_CPUS:64 nr_cpumask_bits:20 nr_cpu_ids:20 nr_node_ids:1
Mar 10 14:31:10 aascedu kernel: percpu: Embedded 52 pages/cpu s172760 r8192 d32040 u262144
Mar 10 14:31:10 aascedu kernel: pcpu-alloc: s172760 r8192 d32040 u262144 alloc=1*2097152
Mar 10 14:31:10 aascedu kernel: pcpu-alloc: [0] 00 01 02 03 04 05 06 07 [0] 08 09 10 11 12 13 14 15 
Mar 10 14:31:10 aascedu kernel: pcpu-alloc: [0] 16 17 18 19 -- -- -- -- 
Mar 10 14:31:10 aascedu kernel: Kernel command line: BOOT_IMAGE=/vmlinuz-6.16.1-aascedu root=PARTUUID=88408a23-622f-46c6-96b4-4c40c536478e ro
Mar 10 14:31:10 aascedu kernel: Unknown kernel command line parameters "BOOT_IMAGE=/vmlinuz-6.16.1-aascedu", will be passed to user space.
Mar 10 14:31:10 aascedu kernel: random: crng init done
Mar 10 14:31:10 aascedu kernel: printk: log buffer data + meta data: 262144 + 917504 = 1179648 bytes
Mar 10 14:31:10 aascedu kernel: Dentry cache hash table entries: 1048576 (order: 11, 8388608 bytes, linear)
Mar 10 14:31:10 aascedu kernel: Inode-cache hash table entries: 524288 (order: 10, 4194304 bytes, linear)
Mar 10 14:31:10 aascedu kernel: software IO TLB: area num 32.
Mar 10 14:31:10 aascedu kernel: Fallback order for Node 0: 0 
Mar 10 14:31:10 aascedu kernel: Built 1 zonelists, mobility grouping on.  Total pages: 2097022
Mar 10 14:31:10 aascedu kernel: Policy zone: Normal
Mar 10 14:31:10 aascedu kernel: mem auto-init: stack:all(zero), heap alloc:off, heap free:off
Mar 10 14:31:10 aascedu kernel: SLUB: HWalign=64, Order=0-3, MinObjects=0, CPUs=20, Nodes=1
Mar 10 14:31:10 aascedu kernel: Dynamic Preempt: voluntary
Mar 10 14:31:10 aascedu kernel: rcu: Preemptible hierarchical RCU implementation.
Mar 10 14:31:10 aascedu kernel: rcu: \x09RCU event tracing is enabled.
Mar 10 14:31:10 aascedu kernel: rcu: \x09RCU restricting CPUs from NR_CPUS=64 to nr_cpu_ids=20.
Mar 10 14:31:10 aascedu kernel: \x09Trampoline variant of Tasks RCU enabled.
Mar 10 14:31:10 aascedu kernel: \x09Tracing variant of Tasks RCU enabled.
Mar 10 14:31:10 aascedu kernel: rcu: RCU calculated value of scheduler-enlistment delay is 100 jiffies.
Mar 10 14:31:10 aascedu kernel: rcu: Adjusting geometry for rcu_fanout_leaf=16, nr_cpu_ids=20
Mar 10 14:31:10 aascedu kernel: RCU Tasks: Setting shift to 5 and lim to 1 rcu_task_cb_adjust=1 rcu_task_cpu_ids=20.
Mar 10 14:31:10 aascedu kernel: RCU Tasks Trace: Setting shift to 5 and lim to 1 rcu_task_cb_adjust=1 rcu_task_cpu_ids=20.
Mar 10 14:31:10 aascedu kernel: NR_IRQS: 4352, nr_irqs: 584, preallocated irqs: 16
Mar 10 14:31:10 aascedu kernel: rcu: srcu_init: Setting srcu_struct sizes based on contention.
Mar 10 14:31:10 aascedu kernel: Console: colour dummy device 80x25
Mar 10 14:31:10 aascedu kernel: printk: legacy console [tty0] enabled
Mar 10 14:31:10 aascedu kernel: ACPI: Core revision 20250404
Mar 10 14:31:10 aascedu kernel: clocksource: hpet: mask: 0xffffffff max_cycles: 0xffffffff, max_idle_ns: 19112604467 ns
Mar 10 14:31:10 aascedu kernel: APIC: Switch to symmetric I/O mode setup
Mar 10 14:31:10 aascedu kernel: x2apic enabled
Mar 10 14:31:10 aascedu kernel: APIC: Switched APIC routing to: physical x2apic
Mar 10 14:31:10 aascedu kernel: kvm-guest: APIC: send_IPI_mask() replaced with kvm_send_ipi_mask()
Mar 10 14:31:10 aascedu kernel: kvm-guest: APIC: send_IPI_mask_allbutself() replaced with kvm_send_ipi_mask_allbutself()
Mar 10 14:31:10 aascedu kernel: kvm-guest: setup PV IPIs
Mar 10 14:31:10 aascedu kernel: ..TIMER: vector=0x30 apic1=0 pin1=2 apic2=-1 pin2=-1
Mar 10 14:31:10 aascedu kernel: clocksource: tsc-early: mask: 0xffffffffffffffff max_cycles: 0x1e71785e5dd, max_idle_ns: 440795244814 ns
Mar 10 14:31:10 aascedu kernel: Calibrating delay loop (skipped) preset value.. 4224.00 BogoMIPS (lpj=2112000)
Mar 10 14:31:10 aascedu kernel: x86/cpu: User Mode Instruction Prevention (UMIP) activated
Mar 10 14:31:10 aascedu kernel: Last level iTLB entries: 4KB 0, 2MB 0, 4MB 0
Mar 10 14:31:10 aascedu kernel: Last level dTLB entries: 4KB 0, 2MB 0, 4MB 0, 1GB 0
Mar 10 14:31:10 aascedu kernel: Speculative Store Bypass: Mitigation: Speculative Store Bypass disabled via prctl
Mar 10 14:31:10 aascedu kernel: Spectre V2 : Mitigation: Enhanced / Automatic IBRS
Mar 10 14:31:10 aascedu kernel: ITS: Mitigation: Aligned branch/return thunks
Mar 10 14:31:10 aascedu kernel: Spectre V1 : Mitigation: usercopy/swapgs barriers and __user pointer sanitization
Mar 10 14:31:10 aascedu kernel: Spectre V2 : Spectre v2 / PBRSB-eIBRS: Retire a single CALL on VMEXIT
Mar 10 14:31:10 aascedu kernel: Spectre V2 : mitigation: Enabling conditional Indirect Branch Prediction Barrier
Mar 10 14:31:10 aascedu kernel: Spectre V2 : Spectre BHI mitigation: SW BHB clearing on syscall and VM exit
Mar 10 14:31:10 aascedu kernel: x86/fpu: Supporting XSAVE feature 0x001: 'x87 floating point registers'
Mar 10 14:31:10 aascedu kernel: x86/fpu: Supporting XSAVE feature 0x002: 'SSE registers'
Mar 10 14:31:10 aascedu kernel: x86/fpu: Supporting XSAVE feature 0x004: 'AVX registers'
Mar 10 14:31:10 aascedu kernel: x86/fpu: Supporting XSAVE feature 0x200: 'Protection Keys User registers'
Mar 10 14:31:10 aascedu kernel: x86/fpu: xstate_offset[2]:  576, xstate_sizes[2]:  256
Mar 10 14:31:10 aascedu kernel: x86/fpu: xstate_offset[9]:  832, xstate_sizes[9]:    8
Mar 10 14:31:10 aascedu kernel: x86/fpu: Enabled xstate features 0x207, context size is 840 bytes, using 'compacted' format.
Mar 10 14:31:10 aascedu kernel: Freeing SMP alternatives memory: 56K
Mar 10 14:31:10 aascedu kernel: pid_max: default: 32768 minimum: 301
Mar 10 14:31:10 aascedu kernel: LSM: initializing lsm=capability,selinux
Mar 10 14:31:10 aascedu kernel: SELinux:  Initializing.
Mar 10 14:31:10 aascedu kernel: Mount-cache hash table entries: 16384 (order: 5, 131072 bytes, linear)
Mar 10 14:31:10 aascedu kernel: Mountpoint-cache hash table entries: 16384 (order: 5, 131072 bytes, linear)
Mar 10 14:31:10 aascedu kernel: smpboot: CPU0: 12th Gen Intel(R) Core(TM) i7-12700 (family: 0x6, model: 0x97, stepping: 0x2)
Mar 10 14:31:10 aascedu kernel: Performance Events: Alderlake Hybrid events, full-width counters, Intel PMU driver.
Mar 10 14:31:10 aascedu kernel: core: cpu_core PMU driver: 
Mar 10 14:31:10 aascedu kernel: ... version:                2
Mar 10 14:31:10 aascedu kernel: ... bit width:              48
Mar 10 14:31:10 aascedu kernel: ... generic registers:      6
Mar 10 14:31:10 aascedu kernel: ... value mask:             0000ffffffffffff
Mar 10 14:31:10 aascedu kernel: ... max period:             00007fffffffffff
Mar 10 14:31:10 aascedu kernel: ... fixed-purpose events:   3
Mar 10 14:31:10 aascedu kernel: ... event mask:             000100070000003f
Mar 10 14:31:10 aascedu kernel: signal: max sigframe size: 3632
Mar 10 14:31:10 aascedu kernel: rcu: Hierarchical SRCU implementation.
Mar 10 14:31:10 aascedu kernel: rcu: \x09Max phase no-delay instances is 400.
Mar 10 14:31:10 aascedu kernel: Timer migration: 2 hierarchy levels; 8 children per group; 2 crossnode level
Mar 10 14:31:10 aascedu kernel: smp: Bringing up secondary CPUs ...
Mar 10 14:31:10 aascedu kernel: smpboot: x86: Booting SMP configuration:
Mar 10 14:31:10 aascedu kernel: .... node  #0, CPUs:        #1  #2  #3  #4  #5  #6  #7  #8  #9 #10 #11 #12 #13 #14 #15 #16 #17 #18 #19
Mar 10 14:31:10 aascedu kernel: smp: Brought up 1 node, 20 CPUs
Mar 10 14:31:10 aascedu kernel: smpboot: Total of 20 processors activated (84480.00 BogoMIPS)
Mar 10 14:31:10 aascedu kernel: Memory: 8121704K/8388088K available (18806K kernel code, 2901K rwdata, 7388K rodata, 2812K init, 972K bss, 255660K reserved, 0K cma-reserved)
Mar 10 14:31:10 aascedu kernel: devtmpfs: initialized
Mar 10 14:31:10 aascedu kernel: clocksource: jiffies: mask: 0xffffffff max_cycles: 0xffffffff, max_idle_ns: 1911260446275000 ns
Mar 10 14:31:10 aascedu kernel: posixtimers hash table entries: 16384 (order: 6, 262144 bytes, linear)
Mar 10 14:31:10 aascedu kernel: futex hash table entries: 8192 (524288 bytes on 1 NUMA nodes, total 512 KiB, linear).
Mar 10 14:31:10 aascedu kernel: PM: RTC time: 13:31:10, date: 2026-03-10
Mar 10 14:31:10 aascedu kernel: NET: Registered PF_NETLINK/PF_ROUTE protocol family
Mar 10 14:31:10 aascedu kernel: audit: initializing netlink subsys (disabled)
Mar 10 14:31:10 aascedu kernel: audit: type=2000 audit(1773149470.999:1): state=initialized audit_enabled=0 res=1
Mar 10 14:31:10 aascedu kernel: thermal_sys: Registered thermal governor 'step_wise'
Mar 10 14:31:10 aascedu kernel: cpuidle: using governor menu
Mar 10 14:31:10 aascedu kernel: PCI: Using configuration type 1 for base access
Mar 10 14:31:10 aascedu kernel: kprobes: kprobe jump-optimization is enabled. All kprobes are optimized if possible.
Mar 10 14:31:10 aascedu kernel: HugeTLB: allocation took 0ms with hugepage_allocation_threads=5
Mar 10 14:31:10 aascedu kernel: HugeTLB: registered 2.00 MiB page size, pre-allocated 0 pages
Mar 10 14:31:10 aascedu kernel: HugeTLB: 28 KiB vmemmap can be freed for a 2.00 MiB page
Mar 10 14:31:10 aascedu kernel: ACPI: Added _OSI(Module Device)
Mar 10 14:31:10 aascedu kernel: ACPI: Added _OSI(Processor Device)
Mar 10 14:31:10 aascedu kernel: ACPI: Added _OSI(Processor Aggregator Device)
Mar 10 14:31:10 aascedu kernel: ACPI: 1 ACPI AML tables successfully acquired and loaded
Mar 10 14:31:10 aascedu kernel: ACPI: Interpreter enabled
Mar 10 14:31:10 aascedu kernel: ACPI: PM: (supports S0 S3 S4 S5)
Mar 10 14:31:10 aascedu kernel: ACPI: Using IOAPIC for interrupt routing
Mar 10 14:31:10 aascedu kernel: PCI: Using host bridge windows from ACPI; if necessary, use "pci=nocrs" and report a bug
Mar 10 14:31:10 aascedu kernel: PCI: Using E820 reservations for host bridge windows
Mar 10 14:31:10 aascedu kernel: ACPI: Enabled 2 GPEs in block 00 to 0F
Mar 10 14:31:10 aascedu kernel: ACPI: PCI Root Bridge [PCI0] (domain 0000 [bus 00-ff])
Mar 10 14:31:10 aascedu kernel: acpi PNP0A03:00: _OSC: OS supports [ASPM ClockPM Segments MSI HPX-Type3]
Mar 10 14:31:10 aascedu kernel: acpi PNP0A03:00: _OSC: not requesting OS control; OS requires [ExtendedConfig ASPM ClockPM MSI]
Mar 10 14:31:10 aascedu kernel: acpi PNP0A03:00: fail to add MMCONFIG information, can't access extended configuration space under this bridge
Mar 10 14:31:10 aascedu kernel: PCI host bridge to bus 0000:00
Mar 10 14:31:10 aascedu kernel: pci_bus 0000:00: root bus resource [io  0x0000-0x0cf7 window]
Mar 10 14:31:10 aascedu kernel: pci_bus 0000:00: root bus resource [io  0x0d00-0xffff window]
Mar 10 14:31:10 aascedu kernel: pci_bus 0000:00: root bus resource [mem 0x000a0000-0x000bffff window]
Mar 10 14:31:10 aascedu kernel: pci_bus 0000:00: root bus resource [mem 0xc0000000-0xfebfffff window]
Mar 10 14:31:10 aascedu kernel: pci_bus 0000:00: root bus resource [mem 0x240000000-0x2bfffffff window]
Mar 10 14:31:10 aascedu kernel: pci_bus 0000:00: root bus resource [bus 00-ff]
Mar 10 14:31:10 aascedu kernel: pci 0000:00:00.0: [8086:1237] type 00 class 0x060000 conventional PCI endpoint
Mar 10 14:31:10 aascedu kernel: pci 0000:00:01.0: [8086:7000] type 00 class 0x060100 conventional PCI endpoint
Mar 10 14:31:10 aascedu kernel: pci 0000:00:01.1: [8086:7010] type 00 class 0x010180 conventional PCI endpoint
Mar 10 14:31:10 aascedu kernel: pci 0000:00:01.1: BAR 4 [io  0xc040-0xc04f]
Mar 10 14:31:10 aascedu kernel: pci 0000:00:01.1: BAR 0 [io  0x01f0-0x01f7]: legacy IDE quirk
Mar 10 14:31:10 aascedu kernel: pci 0000:00:01.1: BAR 1 [io  0x03f6]: legacy IDE quirk
Mar 10 14:31:10 aascedu kernel: pci 0000:00:01.1: BAR 2 [io  0x0170-0x0177]: legacy IDE quirk
Mar 10 14:31:10 aascedu kernel: pci 0000:00:01.1: BAR 3 [io  0x0376]: legacy IDE quirk
Mar 10 14:31:10 aascedu kernel: pci 0000:00:01.3: [8086:7113] type 00 class 0x068000 conventional PCI endpoint
Mar 10 14:31:10 aascedu kernel: pci 0000:00:01.3: quirk: [io  0x0600-0x063f] claimed by PIIX4 ACPI
Mar 10 14:31:10 aascedu kernel: pci 0000:00:01.3: quirk: [io  0x0700-0x070f] claimed by PIIX4 SMB
Mar 10 14:31:10 aascedu kernel: pci 0000:00:02.0: [1af4:1050] type 00 class 0x030000 conventional PCI endpoint
Mar 10 14:31:10 aascedu kernel: pci 0000:00:02.0: BAR 0 [mem 0xfe000000-0xfe7fffff pref]
Mar 10 14:31:10 aascedu kernel: pci 0000:00:02.0: BAR 2 [mem 0xfe800000-0xfe803fff 64bit pref]
Mar 10 14:31:10 aascedu kernel: pci 0000:00:02.0: BAR 4 [mem 0xfebb0000-0xfebb0fff]
Mar 10 14:31:10 aascedu kernel: pci 0000:00:02.0: ROM [mem 0xfeba0000-0xfebaffff pref]
Mar 10 14:31:10 aascedu kernel: pci 0000:00:02.0: Video device with shadowed ROM at [mem 0x000c0000-0x000dffff]
Mar 10 14:31:10 aascedu kernel: pci 0000:00:03.0: [8086:100e] type 00 class 0x020000 conventional PCI endpoint
Mar 10 14:31:10 aascedu kernel: pci 0000:00:03.0: BAR 0 [mem 0xfeb80000-0xfeb9ffff]
Mar 10 14:31:10 aascedu kernel: pci 0000:00:03.0: BAR 1 [io  0xc000-0xc03f]
Mar 10 14:31:10 aascedu kernel: pci 0000:00:03.0: ROM [mem 0xfeb00000-0xfeb7ffff pref]
Mar 10 14:31:10 aascedu kernel: ACPI: PCI: Interrupt link LNKA configured for IRQ 10
Mar 10 14:31:10 aascedu kernel: ACPI: PCI: Interrupt link LNKB configured for IRQ 10
Mar 10 14:31:10 aascedu kernel: ACPI: PCI: Interrupt link LNKC configured for IRQ 11
Mar 10 14:31:10 aascedu kernel: ACPI: PCI: Interrupt link LNKD configured for IRQ 11
Mar 10 14:31:10 aascedu kernel: ACPI: PCI: Interrupt link LNKS configured for IRQ 9
Mar 10 14:31:10 aascedu kernel: iommu: Default domain type: Translated
Mar 10 14:31:10 aascedu kernel: iommu: DMA domain TLB invalidation policy: lazy mode
Mar 10 14:31:10 aascedu kernel: SCSI subsystem initialized
Mar 10 14:31:10 aascedu kernel: libata version 3.00 loaded.
Mar 10 14:31:10 aascedu kernel: ACPI: bus type USB registered
Mar 10 14:31:10 aascedu kernel: usbcore: registered new interface driver usbfs
Mar 10 14:31:10 aascedu kernel: usbcore: registered new interface driver hub
Mar 10 14:31:10 aascedu kernel: usbcore: registered new device driver usb
Mar 10 14:31:10 aascedu kernel: pps_core: LinuxPPS API ver. 1 registered
Mar 10 14:31:10 aascedu kernel: pps_core: Software ver. 5.3.6 - Copyright 2005-2007 Rodolfo Giometti <giometti@linux.it>
Mar 10 14:31:10 aascedu kernel: PTP clock support registered
Mar 10 14:31:10 aascedu kernel: Advanced Linux Sound Architecture Driver Initialized.
Mar 10 14:31:10 aascedu kernel: NetLabel: Initializing
Mar 10 14:31:10 aascedu kernel: NetLabel:  domain hash size = 128
Mar 10 14:31:10 aascedu kernel: NetLabel:  protocols = UNLABELED CIPSOv4 CALIPSO
Mar 10 14:31:10 aascedu kernel: NetLabel:  unlabeled traffic allowed by default
Mar 10 14:31:10 aascedu kernel: PCI: Using ACPI for IRQ routing
Mar 10 14:31:10 aascedu kernel: PCI: pci_cache_line_size set to 64 bytes
Mar 10 14:31:10 aascedu kernel: e820: reserve RAM buffer [mem 0x0009fc00-0x0009ffff]
Mar 10 14:31:10 aascedu kernel: e820: reserve RAM buffer [mem 0xbffe0000-0xbfffffff]
Mar 10 14:31:10 aascedu kernel: pci 0000:00:02.0: vgaarb: setting as boot VGA device
Mar 10 14:31:10 aascedu kernel: pci 0000:00:02.0: vgaarb: bridge control possible
Mar 10 14:31:10 aascedu kernel: pci 0000:00:02.0: vgaarb: VGA device added: decodes=io+mem,owns=io+mem,locks=none
Mar 10 14:31:10 aascedu kernel: vgaarb: loaded
Mar 10 14:31:10 aascedu kernel: hpet0: at MMIO 0xfed00000, IRQs 2, 8, 0
Mar 10 14:31:10 aascedu kernel: hpet0: 3 comparators, 64-bit 100.000000 MHz counter
Mar 10 14:31:10 aascedu kernel: clocksource: Switched to clocksource kvm-clock
Mar 10 14:31:10 aascedu kernel: VFS: Disk quotas dquot_6.6.0
Mar 10 14:31:10 aascedu kernel: VFS: Dquot-cache hash table entries: 512 (order 0, 4096 bytes)
Mar 10 14:31:10 aascedu kernel: pnp: PnP ACPI init
Mar 10 14:31:10 aascedu kernel: pnp 00:02: [dma 2]
Mar 10 14:31:10 aascedu kernel: pnp: PnP ACPI: found 6 devices
Mar 10 14:31:10 aascedu kernel: clocksource: acpi_pm: mask: 0xffffff max_cycles: 0xffffff, max_idle_ns: 2085701024 ns
Mar 10 14:31:10 aascedu kernel: NET: Registered PF_INET protocol family
Mar 10 14:31:10 aascedu kernel: IP idents hash table entries: 131072 (order: 8, 1048576 bytes, linear)
Mar 10 14:31:10 aascedu kernel: tcp_listen_portaddr_hash hash table entries: 4096 (order: 4, 65536 bytes, linear)
Mar 10 14:31:10 aascedu kernel: Table-perturb hash table entries: 65536 (order: 6, 262144 bytes, linear)
Mar 10 14:31:10 aascedu kernel: TCP established hash table entries: 65536 (order: 7, 524288 bytes, linear)
Mar 10 14:31:10 aascedu kernel: TCP bind hash table entries: 65536 (order: 9, 2097152 bytes, linear)
Mar 10 14:31:10 aascedu kernel: TCP: Hash tables configured (established 65536 bind 65536)
Mar 10 14:31:10 aascedu kernel: UDP hash table entries: 4096 (order: 6, 262144 bytes, linear)
Mar 10 14:31:10 aascedu kernel: UDP-Lite hash table entries: 4096 (order: 6, 262144 bytes, linear)
Mar 10 14:31:10 aascedu kernel: NET: Registered PF_UNIX/PF_LOCAL protocol family
Mar 10 14:31:10 aascedu kernel: RPC: Registered named UNIX socket transport module.
Mar 10 14:31:10 aascedu kernel: RPC: Registered udp transport module.
Mar 10 14:31:10 aascedu kernel: RPC: Registered tcp transport module.
Mar 10 14:31:10 aascedu kernel: RPC: Registered tcp-with-tls transport module.
Mar 10 14:31:10 aascedu kernel: RPC: Registered tcp NFSv4.1 backchannel transport module.
Mar 10 14:31:10 aascedu kernel: pci_bus 0000:00: resource 4 [io  0x0000-0x0cf7 window]
Mar 10 14:31:10 aascedu kernel: pci_bus 0000:00: resource 5 [io  0x0d00-0xffff window]
Mar 10 14:31:10 aascedu kernel: pci_bus 0000:00: resource 6 [mem 0x000a0000-0x000bffff window]
Mar 10 14:31:10 aascedu kernel: pci_bus 0000:00: resource 7 [mem 0xc0000000-0xfebfffff window]
Mar 10 14:31:10 aascedu kernel: pci_bus 0000:00: resource 8 [mem 0x240000000-0x2bfffffff window]
Mar 10 14:31:10 aascedu kernel: pci 0000:00:01.0: PIIX3: Enabling Passive Release
Mar 10 14:31:10 aascedu kernel: pci 0000:00:00.0: Limiting direct PCI/PCI transfers
Mar 10 14:31:10 aascedu kernel: PCI: CLS 0 bytes, default 64
Mar 10 14:31:10 aascedu kernel: PCI-DMA: Using software bounce buffering for IO (SWIOTLB)
Mar 10 14:31:10 aascedu kernel: software IO TLB: mapped [mem 0x00000000bbfe0000-0x00000000bffe0000] (64MB)
Mar 10 14:31:10 aascedu kernel: RAPL PMU: API unit is 2^-32 Joules, 0 fixed counters, 10737418240 ms ovfl timer
Mar 10 14:31:10 aascedu kernel: clocksource: tsc: mask: 0xffffffffffffffff max_cycles: 0x1e71785e5dd, max_idle_ns: 440795244814 ns
Mar 10 14:31:10 aascedu kernel: Initialise system trusted keyrings
Mar 10 14:31:10 aascedu kernel: workingset: timestamp_bits=40 max_order=21 bucket_order=0
Mar 10 14:31:10 aascedu kernel: NFS: Registering the id_resolver key type
Mar 10 14:31:10 aascedu kernel: Key type id_resolver registered
Mar 10 14:31:10 aascedu kernel: Key type id_legacy registered
Mar 10 14:31:10 aascedu kernel: 9p: Installing v9fs 9p2000 file system support
Mar 10 14:31:10 aascedu kernel: Key type asymmetric registered
Mar 10 14:31:10 aascedu kernel: Asymmetric key parser 'x509' registered
Mar 10 14:31:10 aascedu kernel: Block layer SCSI generic (bsg) driver version 0.4 loaded (major 251)
Mar 10 14:31:10 aascedu kernel: io scheduler mq-deadline registered
Mar 10 14:31:10 aascedu kernel: io scheduler kyber registered
Mar 10 14:31:10 aascedu kernel: input: Power Button as /devices/LNXSYSTM:00/LNXPWRBN:00/input/input0
Mar 10 14:31:10 aascedu kernel: ACPI: button: Power Button [PWRF]
Mar 10 14:31:10 aascedu kernel: ACPI: \x5c_SB_.LNKB: Enabled at IRQ 10
Mar 10 14:31:10 aascedu kernel: Serial: 8250/16550 driver, 4 ports, IRQ sharing enabled
Mar 10 14:31:10 aascedu kernel: 00:04: ttyS0 at I/O 0x3f8 (irq = 4, base_baud = 115200) is a 16550A
Mar 10 14:31:10 aascedu kernel: Non-volatile memory driver v1.3
Mar 10 14:31:10 aascedu kernel: Linux agpgart interface v0.103
Mar 10 14:31:10 aascedu kernel: ACPI: bus type drm_connector registered
Mar 10 14:31:10 aascedu kernel: [drm] pci: virtio-vga detected at 0000:00:02.0
Mar 10 14:31:10 aascedu kernel: virtio-pci 0000:00:02.0: vgaarb: deactivate vga console
Mar 10 14:31:10 aascedu kernel: [drm] features: -virgl +edid -resource_blob -host_visible
Mar 10 14:31:10 aascedu kernel: [drm] features: -context_init
Mar 10 14:31:10 aascedu kernel: [drm] number of scanouts: 1
Mar 10 14:31:10 aascedu kernel: [drm] number of cap sets: 0
Mar 10 14:31:10 aascedu kernel: virtio-pci 0000:00:02.0: [drm] Registered 1 planes with drm panic
Mar 10 14:31:10 aascedu kernel: [drm] Initialized virtio_gpu 0.1.0 for 0000:00:02.0 on minor 0
Mar 10 14:31:10 aascedu kernel: fbcon: virtio_gpudrmfb (fb0) is primary device
Mar 10 14:31:10 aascedu kernel: Console: switching to colour frame buffer device 80x30
Mar 10 14:31:10 aascedu kernel: virtio-pci 0000:00:02.0: [drm] fb0: virtio_gpudrmfb frame buffer device
Mar 10 14:31:10 aascedu kernel: loop: module loaded
Mar 10 14:31:10 aascedu kernel: scsi host0: ata_piix
Mar 10 14:31:10 aascedu kernel: scsi host1: ata_piix
Mar 10 14:31:10 aascedu kernel: ata1: PATA max MWDMA2 cmd 0x1f0 ctl 0x3f6 bmdma 0xc040 irq 14 lpm-pol 0
Mar 10 14:31:10 aascedu kernel: ata2: PATA max MWDMA2 cmd 0x170 ctl 0x376 bmdma 0xc048 irq 15 lpm-pol 0
Mar 10 14:31:10 aascedu kernel: e100: Intel(R) PRO/100 Network Driver
Mar 10 14:31:10 aascedu kernel: e100: Copyright(c) 1999-2006 Intel Corporation
Mar 10 14:31:10 aascedu kernel: e1000: Intel(R) PRO/1000 Network Driver
Mar 10 14:31:10 aascedu kernel: e1000: Copyright (c) 1999-2006 Intel Corporation.
Mar 10 14:31:10 aascedu kernel: ACPI: \x5c_SB_.LNKC: Enabled at IRQ 11
Mar 10 14:31:10 aascedu kernel: ata1: found unknown device (class 0)
Mar 10 14:31:10 aascedu kernel: ata2: found unknown device (class 0)
Mar 10 14:31:10 aascedu kernel: ata2.00: ATAPI: QEMU DVD-ROM, 2.5+, max UDMA/100
Mar 10 14:31:10 aascedu kernel: ata1.00: ATA-7: QEMU HARDDISK, 2.5+, max UDMA/100
Mar 10 14:31:10 aascedu kernel: ata1.00: 83886080 sectors, multi 16: LBA48 
Mar 10 14:31:10 aascedu kernel: scsi 0:0:0:0: Direct-Access     ATA      QEMU HARDDISK    2.5+ PQ: 0 ANSI: 5
Mar 10 14:31:10 aascedu kernel: sd 0:0:0:0: Attached scsi generic sg0 type 0
Mar 10 14:31:10 aascedu kernel: sd 0:0:0:0: [sda] 83886080 512-byte logical blocks: (42.9 GB/40.0 GiB)
Mar 10 14:31:10 aascedu kernel: sd 0:0:0:0: [sda] Write Protect is off
Mar 10 14:31:10 aascedu kernel: sd 0:0:0:0: [sda] Mode Sense: 00 3a 00 00
Mar 10 14:31:10 aascedu kernel: sd 0:0:0:0: [sda] Write cache: enabled, read cache: enabled, doesn't support DPO or FUA
Mar 10 14:31:10 aascedu kernel: scsi 1:0:0:0: CD-ROM            QEMU     QEMU DVD-ROM     2.5+ PQ: 0 ANSI: 5
Mar 10 14:31:10 aascedu kernel: sd 0:0:0:0: [sda] Preferred minimum I/O size 512 bytes
Mar 10 14:31:10 aascedu kernel:  sda: sda1 sda3 sda4 sda5
Mar 10 14:31:10 aascedu kernel: sd 0:0:0:0: [sda] Attached SCSI disk
Mar 10 14:31:10 aascedu kernel: sr 1:0:0:0: [sr0] scsi3-mmc drive: 4x/4x cd/rw xa/form2 tray
Mar 10 14:31:10 aascedu kernel: cdrom: Uniform CD-ROM driver Revision: 3.20
Mar 10 14:31:10 aascedu kernel: sr 1:0:0:0: Attached scsi CD-ROM sr0
Mar 10 14:31:10 aascedu kernel: sr 1:0:0:0: Attached scsi generic sg1 type 5
Mar 10 14:31:10 aascedu kernel: e1000 0000:00:03.0 eth0: (PCI:33MHz:32-bit) 52:54:00:12:34:56
Mar 10 14:31:10 aascedu kernel: e1000 0000:00:03.0 eth0: Intel(R) PRO/1000 Network Connection
Mar 10 14:31:10 aascedu kernel: e1000e: Intel(R) PRO/1000 Network Driver
Mar 10 14:31:10 aascedu kernel: e1000e: Copyright(c) 1999 - 2015 Intel Corporation.
Mar 10 14:31:10 aascedu kernel: sky2: driver version 1.30
Mar 10 14:31:10 aascedu kernel: usbcore: registered new interface driver usblp
Mar 10 14:31:10 aascedu kernel: usbcore: registered new interface driver usb-storage
Mar 10 14:31:10 aascedu kernel: i8042: PNP: PS/2 Controller [PNP0303:KBD,PNP0f13:MOU] at 0x60,0x64 irq 1,12
Mar 10 14:31:10 aascedu kernel: serio: i8042 KBD port at 0x60,0x64 irq 1
Mar 10 14:31:10 aascedu kernel: serio: i8042 AUX port at 0x60,0x64 irq 12
Mar 10 14:31:10 aascedu kernel: input: AT Translated Set 2 keyboard as /devices/platform/i8042/serio0/input/input1
Mar 10 14:31:10 aascedu kernel: rtc_cmos 00:05: RTC can wake from S4
Mar 10 14:31:10 aascedu kernel: rtc_cmos 00:05: registered as rtc0
Mar 10 14:31:10 aascedu kernel: rtc_cmos 00:05: alarms up to one day, y3k, 242 bytes nvram, hpet irqs
Mar 10 14:31:10 aascedu kernel: device-mapper: ioctl: 4.50.0-ioctl (2025-04-28) initialised: dm-devel@lists.linux.dev
Mar 10 14:31:10 aascedu kernel: intel_pstate: CPU model not supported
Mar 10 14:31:10 aascedu kernel: hid: raw HID events driver (C) Jiri Kosina
Mar 10 14:31:10 aascedu kernel: usbcore: registered new interface driver usbhid
Mar 10 14:31:10 aascedu kernel: usbhid: USB HID core driver
Mar 10 14:31:10 aascedu kernel: Initializing XFRM netlink socket
Mar 10 14:31:10 aascedu kernel: NET: Registered PF_INET6 protocol family
Mar 10 14:31:10 aascedu kernel: Segment Routing with IPv6
Mar 10 14:31:10 aascedu kernel: In-situ OAM (IOAM) with IPv6
Mar 10 14:31:10 aascedu kernel: sit: IPv6, IPv4 and MPLS over IPv4 tunneling driver
Mar 10 14:31:10 aascedu kernel: NET: Registered PF_PACKET protocol family
Mar 10 14:31:10 aascedu kernel: 9pnet: Installing 9P2000 support
Mar 10 14:31:10 aascedu kernel: Key type dns_resolver registered
Mar 10 14:31:10 aascedu kernel: IPI shorthand broadcast: enabled
Mar 10 14:31:10 aascedu kernel: sched_clock: Marking stable (463001503, 377424)->(465928076, -2549149)
Mar 10 14:31:10 aascedu kernel: registered taskstats version 1
Mar 10 14:31:10 aascedu kernel: Loading compiled-in X.509 certificates
Mar 10 14:31:10 aascedu kernel: Demotion targets for Node 0: null
Mar 10 14:31:10 aascedu kernel: PM:   Magic number: 2:588:533
Mar 10 14:31:10 aascedu kernel: netconsole: network logging started
Mar 10 14:31:10 aascedu kernel: cfg80211: Loading compiled-in X.509 certificates for regulatory database
Mar 10 14:31:10 aascedu kernel: kworker/u80:0 (158) used greatest stack depth: 13952 bytes left
Mar 10 14:31:10 aascedu kernel: Loaded X.509 cert 'sforshee: 00b28ddf47aef9cea7'
Mar 10 14:31:10 aascedu kernel: Loaded X.509 cert 'wens: 61c038651aabdcf94bd0ac7ff06c7248db18c600'
Mar 10 14:31:10 aascedu kernel: ALSA device list:
Mar 10 14:31:10 aascedu kernel:   No soundcards found.
Mar 10 14:31:10 aascedu kernel: platform regulatory.0: Direct firmware load for regulatory.db failed with error -2
Mar 10 14:31:10 aascedu kernel: cfg80211: failed to load regulatory.db
Mar 10 14:31:10 aascedu kernel: input: ImExPS/2 Generic Explorer Mouse as /devices/platform/i8042/serio1/input/input3
Mar 10 14:31:10 aascedu kernel: md: Waiting for all devices to be available before autodetect
Mar 10 14:31:10 aascedu kernel: md: If you don't use raid, use raid=noautodetect
Mar 10 14:31:10 aascedu kernel: md: Autodetecting RAID arrays.
Mar 10 14:31:10 aascedu kernel: md: autorun ...
Mar 10 14:31:10 aascedu kernel: md: ... autorun DONE.
Mar 10 14:31:10 aascedu kernel: EXT4-fs (sda5): INFO: recovery required on readonly filesystem
Mar 10 14:31:10 aascedu kernel: EXT4-fs (sda5): write access will be enabled during recovery
Mar 10 14:31:11 aascedu kernel: EXT4-fs (sda5): recovery complete
Mar 10 14:31:11 aascedu kernel: EXT4-fs (sda5): mounted filesystem b4d7eb2a-b4ac-4ed8-99e4-9064ea766d25 ro with ordered data mode. Quota mode: none.
Mar 10 14:31:11 aascedu kernel: VFS: Mounted root (ext4 filesystem) readonly on device 8:5.
Mar 10 14:31:11 aascedu kernel: devtmpfs: mounted
Mar 10 14:31:11 aascedu kernel: Freeing unused kernel image (initmem) memory: 2812K
Mar 10 14:31:11 aascedu kernel: Write protecting the kernel read-only data: 28672k
Mar 10 14:31:11 aascedu kernel: Freeing unused kernel image (text/rodata gap) memory: 1672K
Mar 10 14:31:11 aascedu kernel: Freeing unused kernel image (rodata/data gap) memory: 804K
Mar 10 14:31:11 aascedu kernel: x86/mm: Checked W+X mappings: passed, no W+X pages found.
Mar 10 14:31:11 aascedu kernel: Run /sbin/init as init process
Mar 10 14:31:11 aascedu kernel:   with arguments:
Mar 10 14:31:11 aascedu kernel:     /sbin/init
Mar 10 14:31:11 aascedu kernel:   with environment:
Mar 10 14:31:11 aascedu kernel:     HOME=/
Mar 10 14:31:11 aascedu kernel:     TERM=linux
Mar 10 14:31:11 aascedu kernel:     BOOT_IMAGE=/vmlinuz-6.16.1-aascedu
Mar 10 14:31:11 aascedu kernel: stty (170) used greatest stack depth: 12840 bytes left
Mar 10 14:31:11 aascedu kernel: dmesg (171) used greatest stack depth: 12816 bytes left
Mar 10 14:31:11 aascedu kernel: mountpoint (179) used greatest stack depth: 12720 bytes left
Mar 10 14:31:12 aascedu kernel: ip (285) used greatest stack depth: 12504 bytes left
Mar 10 14:31:12 aascedu kernel: e1000 0000:00:03.0 ens3: renamed from eth0
Mar 10 14:31:12 aascedu kernel: Adding 2097148k swap on /dev/sda4.  Priority:1 extents:1 across:2097148k 
Mar 10 14:31:13 aascedu kernel: EXT4-fs (sda5): re-mounted b4d7eb2a-b4ac-4ed8-99e4-9064ea766d25.
Mar 10 14:31:13 aascedu kernel: EXT4-fs (sda5): re-mounted b4d7eb2a-b4ac-4ed8-99e4-9064ea766d25 r/w.
Mar 10 14:31:13 aascedu kernel: EXT4-fs (sda3): mounting ext2 file system using the ext4 subsystem
Mar 10 14:31:13 aascedu kernel: EXT4-fs (sda3): mounted filesystem 625a4ecc-c41c-46bf-bba8-be9d697adec1 r/w without journal. Quota mode: none.
Mar 10 14:31:13 aascedu kernel: rc (168) used greatest stack depth: 12248 bytes left
Mar 10 14:31:14 aascedu kernel: e1000: ens3 NIC Link is Up 1000 Mbps Full Duplex, Flow Control: RX
Jul  6 09:03:12 aascedu kernel: Linux version 6.16.1-aascedu (root@aascedu) (gcc (GCC) 15.2.0, GNU ld (GNU Binutils) 2.45) #1 SMP PREEMPT_DYNAMIC Tue Mar 10 09:36:34 CET 2026
Jul  6 09:03:12 aascedu kernel: Command line: BOOT_IMAGE=/vmlinuz-6.16.1-aascedu root=PARTUUID=88408a23-622f-46c6-96b4-4c40c536478e ro
Jul  6 09:03:12 aascedu kernel: BIOS-provided physical RAM map:
Jul  6 09:03:12 aascedu kernel: BIOS-e820: [mem 0x0000000000000000-0x000000000009fbff] usable
Jul  6 09:03:12 aascedu kernel: BIOS-e820: [mem 0x000000000009fc00-0x000000000009ffff] reserved
Jul  6 09:03:12 aascedu kernel: BIOS-e820: [mem 0x00000000000f0000-0x00000000000fffff] reserved
Jul  6 09:03:12 aascedu kernel: BIOS-e820: [mem 0x0000000000100000-0x00000000bffdffff] usable
Jul  6 09:03:12 aascedu kernel: BIOS-e820: [mem 0x00000000bffe0000-0x00000000bfffffff] reserved
Jul  6 09:03:12 aascedu kernel: BIOS-e820: [mem 0x00000000feffc000-0x00000000feffffff] reserved
Jul  6 09:03:12 aascedu kernel: BIOS-e820: [mem 0x00000000fffc0000-0x00000000ffffffff] reserved
Jul  6 09:03:12 aascedu kernel: BIOS-e820: [mem 0x0000000100000000-0x000000023fffffff] usable
Jul  6 09:03:12 aascedu kernel: NX (Execute Disable) protection: active
Jul  6 09:03:12 aascedu kernel: APIC: Static calls initialized
Jul  6 09:03:12 aascedu kernel: SMBIOS 2.8 present.
Jul  6 09:03:12 aascedu kernel: DMI: QEMU Standard PC (i440FX + PIIX, 1996), BIOS 1.15.0-1 04/01/2014
Jul  6 09:03:12 aascedu kernel: DMI: Memory slots populated: 1/1
Jul  6 09:03:12 aascedu kernel: Hypervisor detected: KVM
Jul  6 09:03:12 aascedu kernel: kvm-clock: Using msrs 4b564d01 and 4b564d00
Jul  6 09:03:12 aascedu kernel: kvm-clock: using sched offset of 4230600253 cycles
Jul  6 09:03:12 aascedu kernel: clocksource: kvm-clock: mask: 0xffffffffffffffff max_cycles: 0x1cd42e4dffb, max_idle_ns: 881590591483 ns
Jul  6 09:03:12 aascedu kernel: tsc: Detected 3407.998 MHz processor
Jul  6 09:03:12 aascedu kernel: e820: update [mem 0x00000000-0x00000fff] usable ==> reserved
Jul  6 09:03:12 aascedu kernel: e820: remove [mem 0x000a0000-0x000fffff] usable
Jul  6 09:03:12 aascedu kernel: last_pfn = 0x240000 max_arch_pfn = 0x400000000
Jul  6 09:03:12 aascedu kernel: MTRR map: 4 entries (3 fixed + 1 variable; max 19), built from 8 variable MTRRs
Jul  6 09:03:12 aascedu kernel: x86/PAT: Configuration [0-7]: WB  WC  UC- UC  WB  WP  UC- WT  
Jul  6 09:03:12 aascedu kernel: last_pfn = 0xbffe0 max_arch_pfn = 0x400000000
Jul  6 09:03:12 aascedu kernel: found SMP MP-table at [mem 0x000f5b90-0x000f5b9f]
Jul  6 09:03:12 aascedu kernel: Using GB pages for direct mapping
Jul  6 09:03:12 aascedu kernel: ACPI: Early table checksum verification disabled
Jul  6 09:03:12 aascedu kernel: ACPI: RSDP 0x00000000000F59B0 000014 (v00 BOCHS )
Jul  6 09:03:12 aascedu kernel: ACPI: RSDT 0x00000000BFFE1FFD 000034 (v01 BOCHS  BXPC     00000001 BXPC 00000001)
Jul  6 09:03:12 aascedu kernel: ACPI: FACP 0x00000000BFFE1E19 000074 (v01 BOCHS  BXPC     00000001 BXPC 00000001)
Jul  6 09:03:12 aascedu kernel: ACPI: DSDT 0x00000000BFFE0040 001DD9 (v01 BOCHS  BXPC     00000001 BXPC 00000001)
Jul  6 09:03:12 aascedu kernel: ACPI: FACS 0x00000000BFFE0000 000040
Jul  6 09:03:12 aascedu kernel: ACPI: APIC 0x00000000BFFE1E8D 000110 (v01 BOCHS  BXPC     00000001 BXPC 00000001)
Jul  6 09:03:12 aascedu kernel: ACPI: HPET 0x00000000BFFE1F9D 000038 (v01 BOCHS  BXPC     00000001 BXPC 00000001)
Jul  6 09:03:12 aascedu kernel: ACPI: WAET 0x00000000BFFE1FD5 000028 (v01 BOCHS  BXPC     00000001 BXPC 00000001)
Jul  6 09:03:12 aascedu kernel: ACPI: Reserving FACP table memory at [mem 0xbffe1e19-0xbffe1e8c]
Jul  6 09:03:12 aascedu kernel: ACPI: Reserving DSDT table memory at [mem 0xbffe0040-0xbffe1e18]
Jul  6 09:03:12 aascedu kernel: ACPI: Reserving FACS table memory at [mem 0xbffe0000-0xbffe003f]
Jul  6 09:03:12 aascedu kernel: ACPI: Reserving APIC table memory at [mem 0xbffe1e8d-0xbffe1f9c]
Jul  6 09:03:12 aascedu kernel: ACPI: Reserving HPET table memory at [mem 0xbffe1f9d-0xbffe1fd4]
Jul  6 09:03:12 aascedu kernel: ACPI: Reserving WAET table memory at [mem 0xbffe1fd5-0xbffe1ffc]
Jul  6 09:03:12 aascedu kernel: No NUMA configuration found
Jul  6 09:03:12 aascedu kernel: Faking a node at [mem 0x0000000000000000-0x000000023fffffff]
Jul  6 09:03:12 aascedu kernel: NODE_DATA(0) allocated [mem 0x23fffc900-0x23fffffff]
Jul  6 09:03:12 aascedu kernel: Zone ranges:
Jul  6 09:03:12 aascedu kernel:   DMA      [mem 0x0000000000001000-0x0000000000ffffff]
Jul  6 09:03:12 aascedu kernel:   DMA32    [mem 0x0000000001000000-0x00000000ffffffff]
Jul  6 09:03:12 aascedu kernel:   Normal   [mem 0x0000000100000000-0x000000023fffffff]
Jul  6 09:03:12 aascedu kernel: Movable zone start for each node
Jul  6 09:03:12 aascedu kernel: Early memory node ranges
Jul  6 09:03:12 aascedu kernel:   node   0: [mem 0x0000000000001000-0x000000000009efff]
Jul  6 09:03:12 aascedu kernel:   node   0: [mem 0x0000000000100000-0x00000000bffdffff]
Jul  6 09:03:12 aascedu kernel:   node   0: [mem 0x0000000100000000-0x000000023fffffff]
Jul  6 09:03:12 aascedu kernel: Initmem setup node 0 [mem 0x0000000000001000-0x000000023fffffff]
Jul  6 09:03:12 aascedu kernel: On node 0, zone DMA: 1 pages in unavailable ranges
Jul  6 09:03:12 aascedu kernel: On node 0, zone DMA: 97 pages in unavailable ranges
Jul  6 09:03:12 aascedu kernel: On node 0, zone Normal: 32 pages in unavailable ranges
Jul  6 09:03:12 aascedu kernel: ACPI: PM-Timer IO Port: 0x608
Jul  6 09:03:12 aascedu kernel: ACPI: LAPIC_NMI (acpi_id[0xff] dfl dfl lint[0x1])
Jul  6 09:03:12 aascedu kernel: IOAPIC[0]: apic_id 0, version 17, address 0xfec00000, GSI 0-23
Jul  6 09:03:12 aascedu kernel: ACPI: INT_SRC_OVR (bus 0 bus_irq 0 global_irq 2 dfl dfl)
Jul  6 09:03:12 aascedu kernel: ACPI: INT_SRC_OVR (bus 0 bus_irq 5 global_irq 5 high level)
Jul  6 09:03:12 aascedu kernel: ACPI: INT_SRC_OVR (bus 0 bus_irq 9 global_irq 9 high level)
Jul  6 09:03:12 aascedu kernel: ACPI: INT_SRC_OVR (bus 0 bus_irq 10 global_irq 10 high level)
Jul  6 09:03:12 aascedu kernel: ACPI: INT_SRC_OVR (bus 0 bus_irq 11 global_irq 11 high level)
Jul  6 09:03:12 aascedu kernel: ACPI: Using ACPI (MADT) for SMP configuration information
Jul  6 09:03:12 aascedu kernel: ACPI: HPET id: 0x8086a201 base: 0xfed00000
Jul  6 09:03:12 aascedu kernel: TSC deadline timer available
Jul  6 09:03:12 aascedu kernel: CPU topo: Max. logical packages:   1
Jul  6 09:03:12 aascedu kernel: CPU topo: Max. logical dies:       1
Jul  6 09:03:12 aascedu kernel: CPU topo: Max. dies per package:   1
Jul  6 09:03:12 aascedu kernel: CPU topo: Max. threads per core:   1
Jul  6 09:03:12 aascedu kernel: CPU topo: Num. cores per package:    20
Jul  6 09:03:12 aascedu kernel: CPU topo: Num. threads per package:  20
Jul  6 09:03:12 aascedu kernel: CPU topo: Allowing 20 present CPUs plus 0 hotplug CPUs
Jul  6 09:03:12 aascedu kernel: kvm-guest: APIC: eoi() replaced with kvm_guest_apic_eoi_write()
Jul  6 09:03:12 aascedu kernel: kvm-guest: KVM setup pv remote TLB flush
Jul  6 09:03:12 aascedu kernel: kvm-guest: setup PV sched yield
Jul  6 09:03:12 aascedu kernel: PM: hibernation: Registered nosave memory: [mem 0x00000000-0x00000fff]
Jul  6 09:03:12 aascedu kernel: PM: hibernation: Registered nosave memory: [mem 0x0009f000-0x000fffff]
Jul  6 09:03:12 aascedu kernel: PM: hibernation: Registered nosave memory: [mem 0xbffe0000-0xffffffff]
Jul  6 09:03:12 aascedu kernel: [mem 0xc0000000-0xfeffbfff] available for PCI devices
Jul  6 09:03:12 aascedu kernel: Booting paravirtualized kernel on KVM
Jul  6 09:03:12 aascedu kernel: clocksource: refined-jiffies: mask: 0xffffffff max_cycles: 0xffffffff, max_idle_ns: 1910969940391419 ns
Jul  6 09:03:12 aascedu kernel: setup_percpu: NR_CPUS:64 nr_cpumask_bits:20 nr_cpu_ids:20 nr_node_ids:1
Jul  6 09:03:12 aascedu kernel: percpu: Embedded 52 pages/cpu s172760 r8192 d32040 u262144
Jul  6 09:03:12 aascedu kernel: pcpu-alloc: s172760 r8192 d32040 u262144 alloc=1*2097152
Jul  6 09:03:12 aascedu kernel: pcpu-alloc: [0] 00 01 02 03 04 05 06 07 [0] 08 09 10 11 12 13 14 15 
Jul  6 09:03:12 aascedu kernel: pcpu-alloc: [0] 16 17 18 19 -- -- -- -- 
Jul  6 09:03:12 aascedu kernel: Kernel command line: BOOT_IMAGE=/vmlinuz-6.16.1-aascedu root=PARTUUID=88408a23-622f-46c6-96b4-4c40c536478e ro
Jul  6 09:03:12 aascedu kernel: Unknown kernel command line parameters "BOOT_IMAGE=/vmlinuz-6.16.1-aascedu", will be passed to user space.
Jul  6 09:03:12 aascedu kernel: random: crng init done
Jul  6 09:03:12 aascedu kernel: printk: log buffer data + meta data: 262144 + 917504 = 1179648 bytes
Jul  6 09:03:12 aascedu kernel: Dentry cache hash table entries: 1048576 (order: 11, 8388608 bytes, linear)
Jul  6 09:03:12 aascedu kernel: Inode-cache hash table entries: 524288 (order: 10, 4194304 bytes, linear)
Jul  6 09:03:12 aascedu kernel: software IO TLB: area num 32.
Jul  6 09:03:12 aascedu kernel: Fallback order for Node 0: 0 
Jul  6 09:03:12 aascedu kernel: Built 1 zonelists, mobility grouping on.  Total pages: 2097022
Jul  6 09:03:12 aascedu kernel: Policy zone: Normal
Jul  6 09:03:12 aascedu kernel: mem auto-init: stack:all(zero), heap alloc:off, heap free:off
Jul  6 09:03:12 aascedu kernel: SLUB: HWalign=64, Order=0-3, MinObjects=0, CPUs=20, Nodes=1
Jul  6 09:03:12 aascedu kernel: Kernel/User page tables isolation: enabled
Jul  6 09:03:12 aascedu kernel: Dynamic Preempt: voluntary
Jul  6 09:03:12 aascedu kernel: rcu: Preemptible hierarchical RCU implementation.
Jul  6 09:03:12 aascedu kernel: rcu: \x09RCU event tracing is enabled.
Jul  6 09:03:12 aascedu kernel: rcu: \x09RCU restricting CPUs from NR_CPUS=64 to nr_cpu_ids=20.
Jul  6 09:03:12 aascedu kernel: \x09Trampoline variant of Tasks RCU enabled.
Jul  6 09:03:12 aascedu kernel: \x09Tracing variant of Tasks RCU enabled.
Jul  6 09:03:12 aascedu kernel: rcu: RCU calculated value of scheduler-enlistment delay is 100 jiffies.
Jul  6 09:03:12 aascedu kernel: rcu: Adjusting geometry for rcu_fanout_leaf=16, nr_cpu_ids=20
Jul  6 09:03:12 aascedu kernel: RCU Tasks: Setting shift to 5 and lim to 1 rcu_task_cb_adjust=1 rcu_task_cpu_ids=20.
Jul  6 09:03:12 aascedu kernel: RCU Tasks Trace: Setting shift to 5 and lim to 1 rcu_task_cb_adjust=1 rcu_task_cpu_ids=20.
Jul  6 09:03:12 aascedu kernel: NR_IRQS: 4352, nr_irqs: 584, preallocated irqs: 16
Jul  6 09:03:12 aascedu kernel: rcu: srcu_init: Setting srcu_struct sizes based on contention.
Jul  6 09:03:12 aascedu kernel: Console: colour dummy device 80x25
Jul  6 09:03:12 aascedu kernel: printk: legacy console [tty0] enabled
Jul  6 09:03:12 aascedu kernel: ACPI: Core revision 20250404
Jul  6 09:03:12 aascedu kernel: clocksource: hpet: mask: 0xffffffff max_cycles: 0xffffffff, max_idle_ns: 19112604467 ns
Jul  6 09:03:12 aascedu kernel: APIC: Switch to symmetric I/O mode setup
Jul  6 09:03:12 aascedu kernel: x2apic enabled
Jul  6 09:03:12 aascedu kernel: APIC: Switched APIC routing to: physical x2apic
Jul  6 09:03:12 aascedu kernel: kvm-guest: APIC: send_IPI_mask() replaced with kvm_send_ipi_mask()
Jul  6 09:03:12 aascedu kernel: kvm-guest: APIC: send_IPI_mask_allbutself() replaced with kvm_send_ipi_mask_allbutself()
Jul  6 09:03:12 aascedu kernel: kvm-guest: setup PV IPIs
Jul  6 09:03:12 aascedu kernel: ..TIMER: vector=0x30 apic1=0 pin1=2 apic2=-1 pin2=-1
Jul  6 09:03:12 aascedu kernel: clocksource: tsc-early: mask: 0xffffffffffffffff max_cycles: 0x311fd208cfc, max_idle_ns: 440795283699 ns
Jul  6 09:03:12 aascedu kernel: Calibrating delay loop (skipped) preset value.. 6815.99 BogoMIPS (lpj=3407998)
Jul  6 09:03:12 aascedu kernel: x86/cpu: User Mode Instruction Prevention (UMIP) activated
Jul  6 09:03:12 aascedu kernel: Last level iTLB entries: 4KB 0, 2MB 0, 4MB 0
Jul  6 09:03:12 aascedu kernel: Last level dTLB entries: 4KB 0, 2MB 0, 4MB 0, 1GB 0
Jul  6 09:03:12 aascedu kernel: Speculative Store Bypass: Mitigation: Speculative Store Bypass disabled via prctl
Jul  6 09:03:12 aascedu kernel: SRBDS: Unknown: Dependent on hypervisor status
Jul  6 09:03:12 aascedu kernel: Spectre V2 : Mitigation: IBRS
Jul  6 09:03:12 aascedu kernel: RETBleed: Mitigation: IBRS
Jul  6 09:03:12 aascedu kernel: ITS: Mitigation: Aligned branch/return thunks
Jul  6 09:03:12 aascedu kernel: MDS: Mitigation: Clear CPU buffers
Jul  6 09:03:12 aascedu kernel: MMIO Stale Data: Vulnerable: Clear CPU buffers attempted, no microcode
Jul  6 09:03:12 aascedu kernel: Spectre V1 : Mitigation: usercopy/swapgs barriers and __user pointer sanitization
Jul  6 09:03:12 aascedu kernel: Spectre V2 : Spectre v2 / SpectreRSB: Filling RSB on context switch and VMEXIT
Jul  6 09:03:12 aascedu kernel: Spectre V2 : mitigation: Enabling conditional Indirect Branch Prediction Barrier
Jul  6 09:03:12 aascedu kernel: GDS: Unknown: Dependent on hypervisor status
Jul  6 09:03:12 aascedu kernel: Spectre V2 : Spectre BHI mitigation: SW BHB clearing on syscall and VM exit
Jul  6 09:03:12 aascedu kernel: x86/fpu: Supporting XSAVE feature 0x001: 'x87 floating point registers'
Jul  6 09:03:12 aascedu kernel: x86/fpu: Supporting XSAVE feature 0x002: 'SSE registers'
Jul  6 09:03:12 aascedu kernel: x86/fpu: Supporting XSAVE feature 0x004: 'AVX registers'
Jul  6 09:03:12 aascedu kernel: x86/fpu: Supporting XSAVE feature 0x008: 'MPX bounds registers'
Jul  6 09:03:12 aascedu kernel: x86/fpu: Supporting XSAVE feature 0x010: 'MPX CSR'
Jul  6 09:03:12 aascedu kernel: x86/fpu: xstate_offset[2]:  576, xstate_sizes[2]:  256
Jul  6 09:03:12 aascedu kernel: x86/fpu: xstate_offset[3]:  832, xstate_sizes[3]:   64
Jul  6 09:03:12 aascedu kernel: x86/fpu: xstate_offset[4]:  896, xstate_sizes[4]:   64
Jul  6 09:03:12 aascedu kernel: x86/fpu: Enabled xstate features 0x1f, context size is 960 bytes, using 'compacted' format.
Jul  6 09:03:12 aascedu kernel: Freeing SMP alternatives memory: 56K
Jul  6 09:03:12 aascedu kernel: pid_max: default: 32768 minimum: 301
Jul  6 09:03:12 aascedu kernel: LSM: initializing lsm=capability,selinux
Jul  6 09:03:12 aascedu kernel: SELinux:  Initializing.
Jul  6 09:03:12 aascedu kernel: Mount-cache hash table entries: 16384 (order: 5, 131072 bytes, linear)
Jul  6 09:03:12 aascedu kernel: Mountpoint-cache hash table entries: 16384 (order: 5, 131072 bytes, linear)
Jul  6 09:03:12 aascedu kernel: smpboot: CPU0: Intel(R) Core(TM) i5-7500 CPU @ 3.40GHz (family: 0x6, model: 0x9e, stepping: 0x9)
Jul  6 09:03:12 aascedu kernel: Performance Events: Skylake events, full-width counters, Intel PMU driver.
Jul  6 09:03:12 aascedu kernel: ... version:                2
Jul  6 09:03:12 aascedu kernel: ... bit width:              48
Jul  6 09:03:12 aascedu kernel: ... generic registers:      8
Jul  6 09:03:12 aascedu kernel: ... value mask:             0000ffffffffffff
Jul  6 09:03:12 aascedu kernel: ... max period:             00007fffffffffff
Jul  6 09:03:12 aascedu kernel: ... fixed-purpose events:   3
Jul  6 09:03:12 aascedu kernel: ... event mask:             00000007000000ff
Jul  6 09:03:12 aascedu kernel: signal: max sigframe size: 2032
Jul  6 09:03:12 aascedu kernel: rcu: Hierarchical SRCU implementation.
Jul  6 09:03:12 aascedu kernel: rcu: \x09Max phase no-delay instances is 400.
Jul  6 09:03:12 aascedu kernel: Timer migration: 2 hierarchy levels; 8 children per group; 2 crossnode level
Jul  6 09:03:12 aascedu kernel: smp: Bringing up secondary CPUs ...
Jul  6 09:03:12 aascedu kernel: smpboot: x86: Booting SMP configuration:
Jul  6 09:03:12 aascedu kernel: .... node  #0, CPUs:        #1  #2  #3  #4  #5  #6  #7  #8  #9 #10 #11 #12 #13 #14 #15 #16 #17 #18 #19
Jul  6 09:03:12 aascedu kernel: smp: Brought up 1 node, 20 CPUs
Jul  6 09:03:12 aascedu kernel: smpboot: Total of 20 processors activated (136319.92 BogoMIPS)
Jul  6 09:03:12 aascedu kernel: Memory: 8121684K/8388088K available (18806K kernel code, 2901K rwdata, 7388K rodata, 2812K init, 972K bss, 255648K reserved, 0K cma-reserved)
Jul  6 09:03:12 aascedu kernel: devtmpfs: initialized
Jul  6 09:03:12 aascedu kernel: clocksource: jiffies: mask: 0xffffffff max_cycles: 0xffffffff, max_idle_ns: 1911260446275000 ns
Jul  6 09:03:12 aascedu kernel: posixtimers hash table entries: 16384 (order: 6, 262144 bytes, linear)
Jul  6 09:03:12 aascedu kernel: futex hash table entries: 8192 (524288 bytes on 1 NUMA nodes, total 512 KiB, linear).
Jul  6 09:03:12 aascedu kernel: PM: RTC time: 07:03:13, date: 2026-07-06
Jul  6 09:03:12 aascedu kernel: NET: Registered PF_NETLINK/PF_ROUTE protocol family
Jul  6 09:03:12 aascedu kernel: audit: initializing netlink subsys (disabled)
Jul  6 09:03:12 aascedu kernel: audit: type=2000 audit(1783321393.732:1): state=initialized audit_enabled=0 res=1
Jul  6 09:03:12 aascedu kernel: thermal_sys: Registered thermal governor 'step_wise'
Jul  6 09:03:12 aascedu kernel: cpuidle: using governor menu
Jul  6 09:03:12 aascedu kernel: PCI: Using configuration type 1 for base access
Jul  6 09:03:12 aascedu kernel: kprobes: kprobe jump-optimization is enabled. All kprobes are optimized if possible.
Jul  6 09:03:12 aascedu kernel: HugeTLB: allocation took 0ms with hugepage_allocation_threads=5
Jul  6 09:03:12 aascedu kernel: HugeTLB: registered 2.00 MiB page size, pre-allocated 0 pages
Jul  6 09:03:12 aascedu kernel: HugeTLB: 28 KiB vmemmap can be freed for a 2.00 MiB page
Jul  6 09:03:12 aascedu kernel: ACPI: Added _OSI(Module Device)
Jul  6 09:03:12 aascedu kernel: ACPI: Added _OSI(Processor Device)
Jul  6 09:03:12 aascedu kernel: ACPI: Added _OSI(Processor Aggregator Device)
Jul  6 09:03:12 aascedu kernel: ACPI: 1 ACPI AML tables successfully acquired and loaded
Jul  6 09:03:12 aascedu kernel: ACPI: Interpreter enabled
Jul  6 09:03:12 aascedu kernel: ACPI: PM: (supports S0 S3 S4 S5)
Jul  6 09:03:12 aascedu kernel: ACPI: Using IOAPIC for interrupt routing
Jul  6 09:03:12 aascedu kernel: PCI: Using host bridge windows from ACPI; if necessary, use "pci=nocrs" and report a bug
Jul  6 09:03:12 aascedu kernel: PCI: Using E820 reservations for host bridge windows
Jul  6 09:03:12 aascedu kernel: ACPI: Enabled 2 GPEs in block 00 to 0F
Jul  6 09:03:12 aascedu kernel: ACPI: PCI Root Bridge [PCI0] (domain 0000 [bus 00-ff])
Jul  6 09:03:12 aascedu kernel: acpi PNP0A03:00: _OSC: OS supports [ASPM ClockPM Segments MSI HPX-Type3]
Jul  6 09:03:12 aascedu kernel: acpi PNP0A03:00: _OSC: not requesting OS control; OS requires [ExtendedConfig ASPM ClockPM MSI]
Jul  6 09:03:12 aascedu kernel: acpi PNP0A03:00: fail to add MMCONFIG information, can't access extended configuration space under this bridge
Jul  6 09:03:12 aascedu kernel: PCI host bridge to bus 0000:00
Jul  6 09:03:12 aascedu kernel: pci_bus 0000:00: root bus resource [io  0x0000-0x0cf7 window]
Jul  6 09:03:12 aascedu kernel: pci_bus 0000:00: root bus resource [io  0x0d00-0xffff window]
Jul  6 09:03:12 aascedu kernel: pci_bus 0000:00: root bus resource [mem 0x000a0000-0x000bffff window]
Jul  6 09:03:12 aascedu kernel: pci_bus 0000:00: root bus resource [mem 0xc0000000-0xfebfffff window]
Jul  6 09:03:12 aascedu kernel: pci_bus 0000:00: root bus resource [mem 0x240000000-0x2bfffffff window]
Jul  6 09:03:12 aascedu kernel: pci_bus 0000:00: root bus resource [bus 00-ff]
Jul  6 09:03:12 aascedu kernel: pci 0000:00:00.0: [8086:1237] type 00 class 0x060000 conventional PCI endpoint
Jul  6 09:03:12 aascedu kernel: pci 0000:00:01.0: [8086:7000] type 00 class 0x060100 conventional PCI endpoint
Jul  6 09:03:12 aascedu kernel: pci 0000:00:01.1: [8086:7010] type 00 class 0x010180 conventional PCI endpoint
Jul  6 09:03:12 aascedu kernel: pci 0000:00:01.1: BAR 4 [io  0xc040-0xc04f]
Jul  6 09:03:12 aascedu kernel: pci 0000:00:01.1: BAR 0 [io  0x01f0-0x01f7]: legacy IDE quirk
Jul  6 09:03:12 aascedu kernel: pci 0000:00:01.1: BAR 1 [io  0x03f6]: legacy IDE quirk
Jul  6 09:03:12 aascedu kernel: pci 0000:00:01.1: BAR 2 [io  0x0170-0x0177]: legacy IDE quirk
Jul  6 09:03:12 aascedu kernel: pci 0000:00:01.1: BAR 3 [io  0x0376]: legacy IDE quirk
Jul  6 09:03:12 aascedu kernel: pci 0000:00:01.3: [8086:7113] type 00 class 0x068000 conventional PCI endpoint
Jul  6 09:03:12 aascedu kernel: pci 0000:00:01.3: quirk: [io  0x0600-0x063f] claimed by PIIX4 ACPI
Jul  6 09:03:12 aascedu kernel: pci 0000:00:01.3: quirk: [io  0x0700-0x070f] claimed by PIIX4 SMB
Jul  6 09:03:12 aascedu kernel: pci 0000:00:02.0: [1af4:1050] type 00 class 0x030000 conventional PCI endpoint
Jul  6 09:03:12 aascedu kernel: pci 0000:00:02.0: BAR 0 [mem 0xfe000000-0xfe7fffff pref]
Jul  6 09:03:12 aascedu kernel: pci 0000:00:02.0: BAR 2 [mem 0xfe800000-0xfe803fff 64bit pref]
Jul  6 09:03:12 aascedu kernel: pci 0000:00:02.0: BAR 4 [mem 0xfebb0000-0xfebb0fff]
Jul  6 09:03:12 aascedu kernel: pci 0000:00:02.0: ROM [mem 0xfeba0000-0xfebaffff pref]
Jul  6 09:03:12 aascedu kernel: pci 0000:00:02.0: Video device with shadowed ROM at [mem 0x000c0000-0x000dffff]
Jul  6 09:03:12 aascedu kernel: pci 0000:00:03.0: [8086:100e] type 00 class 0x020000 conventional PCI endpoint
Jul  6 09:03:12 aascedu kernel: pci 0000:00:03.0: BAR 0 [mem 0xfeb80000-0xfeb9ffff]
Jul  6 09:03:12 aascedu kernel: pci 0000:00:03.0: BAR 1 [io  0xc000-0xc03f]
Jul  6 09:03:12 aascedu kernel: pci 0000:00:03.0: ROM [mem 0xfeb00000-0xfeb7ffff pref]
Jul  6 09:03:12 aascedu kernel: ACPI: PCI: Interrupt link LNKA configured for IRQ 10
Jul  6 09:03:12 aascedu kernel: ACPI: PCI: Interrupt link LNKB configured for IRQ 10
Jul  6 09:03:12 aascedu kernel: ACPI: PCI: Interrupt link LNKC configured for IRQ 11
Jul  6 09:03:12 aascedu kernel: ACPI: PCI: Interrupt link LNKD configured for IRQ 11
Jul  6 09:03:12 aascedu kernel: ACPI: PCI: Interrupt link LNKS configured for IRQ 9
Jul  6 09:03:12 aascedu kernel: iommu: Default domain type: Translated
Jul  6 09:03:12 aascedu kernel: iommu: DMA domain TLB invalidation policy: lazy mode
Jul  6 09:03:12 aascedu kernel: SCSI subsystem initialized
Jul  6 09:03:12 aascedu kernel: libata version 3.00 loaded.
Jul  6 09:03:12 aascedu kernel: ACPI: bus type USB registered
Jul  6 09:03:12 aascedu kernel: usbcore: registered new interface driver usbfs
Jul  6 09:03:12 aascedu kernel: usbcore: registered new interface driver hub
Jul  6 09:03:12 aascedu kernel: usbcore: registered new device driver usb
Jul  6 09:03:12 aascedu kernel: pps_core: LinuxPPS API ver. 1 registered
Jul  6 09:03:12 aascedu kernel: pps_core: Software ver. 5.3.6 - Copyright 2005-2007 Rodolfo Giometti <giometti@linux.it>
Jul  6 09:03:12 aascedu kernel: PTP clock support registered
Jul  6 09:03:12 aascedu kernel: Advanced Linux Sound Architecture Driver Initialized.
Jul  6 09:03:12 aascedu kernel: NetLabel: Initializing
Jul  6 09:03:12 aascedu kernel: NetLabel:  domain hash size = 128
Jul  6 09:03:12 aascedu kernel: NetLabel:  protocols = UNLABELED CIPSOv4 CALIPSO
Jul  6 09:03:12 aascedu kernel: NetLabel:  unlabeled traffic allowed by default
Jul  6 09:03:12 aascedu kernel: PCI: Using ACPI for IRQ routing
Jul  6 09:03:12 aascedu kernel: PCI: pci_cache_line_size set to 64 bytes
Jul  6 09:03:12 aascedu kernel: e820: reserve RAM buffer [mem 0x0009fc00-0x0009ffff]
Jul  6 09:03:12 aascedu kernel: e820: reserve RAM buffer [mem 0xbffe0000-0xbfffffff]
Jul  6 09:03:12 aascedu kernel: pci 0000:00:02.0: vgaarb: setting as boot VGA device
Jul  6 09:03:12 aascedu kernel: pci 0000:00:02.0: vgaarb: bridge control possible
Jul  6 09:03:12 aascedu kernel: pci 0000:00:02.0: vgaarb: VGA device added: decodes=io+mem,owns=io+mem,locks=none
Jul  6 09:03:12 aascedu kernel: vgaarb: loaded
Jul  6 09:03:12 aascedu kernel: hpet0: at MMIO 0xfed00000, IRQs 2, 8, 0
Jul  6 09:03:12 aascedu kernel: hpet0: 3 comparators, 64-bit 100.000000 MHz counter
Jul  6 09:03:12 aascedu kernel: clocksource: Switched to clocksource kvm-clock
Jul  6 09:03:12 aascedu kernel: VFS: Disk quotas dquot_6.6.0
Jul  6 09:03:12 aascedu kernel: VFS: Dquot-cache hash table entries: 512 (order 0, 4096 bytes)
Jul  6 09:03:12 aascedu kernel: pnp: PnP ACPI init
Jul  6 09:03:12 aascedu kernel: pnp 00:02: [dma 2]
Jul  6 09:03:12 aascedu kernel: pnp: PnP ACPI: found 6 devices
Jul  6 09:03:12 aascedu kernel: clocksource: acpi_pm: mask: 0xffffff max_cycles: 0xffffff, max_idle_ns: 2085701024 ns
Jul  6 09:03:12 aascedu kernel: NET: Registered PF_INET protocol family
Jul  6 09:03:12 aascedu kernel: IP idents hash table entries: 131072 (order: 8, 1048576 bytes, linear)
Jul  6 09:03:12 aascedu kernel: tcp_listen_portaddr_hash hash table entries: 4096 (order: 4, 65536 bytes, linear)
Jul  6 09:03:12 aascedu kernel: Table-perturb hash table entries: 65536 (order: 6, 262144 bytes, linear)
Jul  6 09:03:12 aascedu kernel: TCP established hash table entries: 65536 (order: 7, 524288 bytes, linear)
Jul  6 09:03:12 aascedu kernel: TCP bind hash table entries: 65536 (order: 9, 2097152 bytes, linear)
Jul  6 09:03:12 aascedu kernel: TCP: Hash tables configured (established 65536 bind 65536)
Jul  6 09:03:12 aascedu kernel: UDP hash table entries: 4096 (order: 6, 262144 bytes, linear)
Jul  6 09:03:12 aascedu kernel: UDP-Lite hash table entries: 4096 (order: 6, 262144 bytes, linear)
Jul  6 09:03:12 aascedu kernel: NET: Registered PF_UNIX/PF_LOCAL protocol family
Jul  6 09:03:12 aascedu kernel: RPC: Registered named UNIX socket transport module.
Jul  6 09:03:12 aascedu kernel: RPC: Registered udp transport module.
Jul  6 09:03:12 aascedu kernel: RPC: Registered tcp transport module.
Jul  6 09:03:12 aascedu kernel: RPC: Registered tcp-with-tls transport module.
Jul  6 09:03:12 aascedu kernel: RPC: Registered tcp NFSv4.1 backchannel transport module.
Jul  6 09:03:12 aascedu kernel: pci_bus 0000:00: resource 4 [io  0x0000-0x0cf7 window]
Jul  6 09:03:12 aascedu kernel: pci_bus 0000:00: resource 5 [io  0x0d00-0xffff window]
Jul  6 09:03:12 aascedu kernel: pci_bus 0000:00: resource 6 [mem 0x000a0000-0x000bffff window]
Jul  6 09:03:12 aascedu kernel: pci_bus 0000:00: resource 7 [mem 0xc0000000-0xfebfffff window]
Jul  6 09:03:12 aascedu kernel: pci_bus 0000:00: resource 8 [mem 0x240000000-0x2bfffffff window]
Jul  6 09:03:12 aascedu kernel: pci 0000:00:01.0: PIIX3: Enabling Passive Release
Jul  6 09:03:12 aascedu kernel: pci 0000:00:00.0: Limiting direct PCI/PCI transfers
Jul  6 09:03:12 aascedu kernel: PCI: CLS 0 bytes, default 64
Jul  6 09:03:12 aascedu kernel: PCI-DMA: Using software bounce buffering for IO (SWIOTLB)
Jul  6 09:03:12 aascedu kernel: software IO TLB: mapped [mem 0x00000000bbfe0000-0x00000000bffe0000] (64MB)
Jul  6 09:03:12 aascedu kernel: RAPL PMU: API unit is 2^-32 Joules, 0 fixed counters, 10737418240 ms ovfl timer
Jul  6 09:03:12 aascedu kernel: clocksource: tsc: mask: 0xffffffffffffffff max_cycles: 0x311fd208cfc, max_idle_ns: 440795283699 ns
Jul  6 09:03:12 aascedu kernel: Initialise system trusted keyrings
Jul  6 09:03:12 aascedu kernel: workingset: timestamp_bits=40 max_order=21 bucket_order=0
Jul  6 09:03:12 aascedu kernel: NFS: Registering the id_resolver key type
Jul  6 09:03:12 aascedu kernel: Key type id_resolver registered
Jul  6 09:03:12 aascedu kernel: Key type id_legacy registered
Jul  6 09:03:12 aascedu kernel: 9p: Installing v9fs 9p2000 file system support
Jul  6 09:03:12 aascedu kernel: Key type asymmetric registered
Jul  6 09:03:12 aascedu kernel: Asymmetric key parser 'x509' registered
Jul  6 09:03:12 aascedu kernel: Block layer SCSI generic (bsg) driver version 0.4 loaded (major 251)
Jul  6 09:03:12 aascedu kernel: io scheduler mq-deadline registered
Jul  6 09:03:12 aascedu kernel: io scheduler kyber registered
Jul  6 09:03:12 aascedu kernel: input: Power Button as /devices/LNXSYSTM:00/LNXPWRBN:00/input/input0
Jul  6 09:03:12 aascedu kernel: ACPI: button: Power Button [PWRF]
Jul  6 09:03:12 aascedu kernel: ACPI: \x5c_SB_.LNKB: Enabled at IRQ 10
Jul  6 09:03:12 aascedu kernel: Serial: 8250/16550 driver, 4 ports, IRQ sharing enabled
Jul  6 09:03:12 aascedu kernel: 00:04: ttyS0 at I/O 0x3f8 (irq = 4, base_baud = 115200) is a 16550A
Jul  6 09:03:12 aascedu kernel: Non-volatile memory driver v1.3
Jul  6 09:03:12 aascedu kernel: Linux agpgart interface v0.103
Jul  6 09:03:12 aascedu kernel: ACPI: bus type drm_connector registered
Jul  6 09:03:12 aascedu kernel: [drm] pci: virtio-vga detected at 0000:00:02.0
Jul  6 09:03:12 aascedu kernel: virtio-pci 0000:00:02.0: vgaarb: deactivate vga console
Jul  6 09:03:12 aascedu kernel: [drm] features: -virgl +edid -resource_blob -host_visible
Jul  6 09:03:12 aascedu kernel: [drm] features: -context_init
Jul  6 09:03:12 aascedu kernel: [drm] number of scanouts: 1
Jul  6 09:03:12 aascedu kernel: [drm] number of cap sets: 0
Jul  6 09:03:12 aascedu kernel: virtio-pci 0000:00:02.0: [drm] Registered 1 planes with drm panic
Jul  6 09:03:12 aascedu kernel: [drm] Initialized virtio_gpu 0.1.0 for 0000:00:02.0 on minor 0
Jul  6 09:03:12 aascedu kernel: fbcon: virtio_gpudrmfb (fb0) is primary device
Jul  6 09:03:12 aascedu kernel: Console: switching to colour frame buffer device 80x30
Jul  6 09:03:12 aascedu kernel: virtio-pci 0000:00:02.0: [drm] fb0: virtio_gpudrmfb frame buffer device
Jul  6 09:03:12 aascedu kernel: loop: module loaded
Jul  6 09:03:12 aascedu kernel: scsi host0: ata_piix
Jul  6 09:03:12 aascedu kernel: scsi host1: ata_piix
Jul  6 09:03:12 aascedu kernel: ata1: PATA max MWDMA2 cmd 0x1f0 ctl 0x3f6 bmdma 0xc040 irq 14 lpm-pol 0
Jul  6 09:03:12 aascedu kernel: ata2: PATA max MWDMA2 cmd 0x170 ctl 0x376 bmdma 0xc048 irq 15 lpm-pol 0
Jul  6 09:03:12 aascedu kernel: e100: Intel(R) PRO/100 Network Driver
Jul  6 09:03:12 aascedu kernel: e100: Copyright(c) 1999-2006 Intel Corporation
Jul  6 09:03:12 aascedu kernel: e1000: Intel(R) PRO/1000 Network Driver
Jul  6 09:03:12 aascedu kernel: e1000: Copyright (c) 1999-2006 Intel Corporation.
Jul  6 09:03:12 aascedu kernel: ACPI: \x5c_SB_.LNKC: Enabled at IRQ 11
Jul  6 09:03:12 aascedu kernel: ata1: found unknown device (class 0)
Jul  6 09:03:12 aascedu kernel: ata2: found unknown device (class 0)
Jul  6 09:03:12 aascedu kernel: ata1.00: ATA-7: QEMU HARDDISK, 2.5+, max UDMA/100
Jul  6 09:03:12 aascedu kernel: ata1.00: 83886080 sectors, multi 16: LBA48 
Jul  6 09:03:12 aascedu kernel: ata2.00: ATAPI: QEMU DVD-ROM, 2.5+, max UDMA/100
Jul  6 09:03:12 aascedu kernel: scsi 0:0:0:0: Direct-Access     ATA      QEMU HARDDISK    2.5+ PQ: 0 ANSI: 5
Jul  6 09:03:12 aascedu kernel: sd 0:0:0:0: [sda] 83886080 512-byte logical blocks: (42.9 GB/40.0 GiB)
Jul  6 09:03:12 aascedu kernel: sd 0:0:0:0: Attached scsi generic sg0 type 0
Jul  6 09:03:12 aascedu kernel: sd 0:0:0:0: [sda] Write Protect is off
Jul  6 09:03:12 aascedu kernel: sd 0:0:0:0: [sda] Mode Sense: 00 3a 00 00
Jul  6 09:03:12 aascedu kernel: sd 0:0:0:0: [sda] Write cache: enabled, read cache: enabled, doesn't support DPO or FUA
Jul  6 09:03:12 aascedu kernel: sd 0:0:0:0: [sda] Preferred minimum I/O size 512 bytes
Jul  6 09:03:12 aascedu kernel: scsi 1:0:0:0: CD-ROM            QEMU     QEMU DVD-ROM     2.5+ PQ: 0 ANSI: 5
Jul  6 09:03:12 aascedu kernel:  sda: sda1 sda3 sda4 sda5
Jul  6 09:03:12 aascedu kernel: sd 0:0:0:0: [sda] Attached SCSI disk
Jul  6 09:03:12 aascedu kernel: sr 1:0:0:0: [sr0] scsi3-mmc drive: 4x/4x cd/rw xa/form2 tray
Jul  6 09:03:12 aascedu kernel: cdrom: Uniform CD-ROM driver Revision: 3.20
Jul  6 09:03:12 aascedu kernel: sr 1:0:0:0: Attached scsi CD-ROM sr0
Jul  6 09:03:12 aascedu kernel: sr 1:0:0:0: Attached scsi generic sg1 type 5
Jul  6 09:03:12 aascedu kernel: e1000 0000:00:03.0 eth0: (PCI:33MHz:32-bit) 52:54:00:12:34:56
Jul  6 09:03:12 aascedu kernel: e1000 0000:00:03.0 eth0: Intel(R) PRO/1000 Network Connection
Jul  6 09:03:12 aascedu kernel: e1000e: Intel(R) PRO/1000 Network Driver
Jul  6 09:03:12 aascedu kernel: e1000e: Copyright(c) 1999 - 2015 Intel Corporation.
Jul  6 09:03:12 aascedu kernel: sky2: driver version 1.30
Jul  6 09:03:12 aascedu kernel: usbcore: registered new interface driver usblp
Jul  6 09:03:12 aascedu kernel: usbcore: registered new interface driver usb-storage
Jul  6 09:03:12 aascedu kernel: i8042: PNP: PS/2 Controller [PNP0303:KBD,PNP0f13:MOU] at 0x60,0x64 irq 1,12
Jul  6 09:03:12 aascedu kernel: serio: i8042 KBD port at 0x60,0x64 irq 1
Jul  6 09:03:12 aascedu kernel: serio: i8042 AUX port at 0x60,0x64 irq 12
Jul  6 09:03:12 aascedu kernel: rtc_cmos 00:05: RTC can wake from S4
Jul  6 09:03:12 aascedu kernel: input: AT Translated Set 2 keyboard as /devices/platform/i8042/serio0/input/input1
Jul  6 09:03:12 aascedu kernel: rtc_cmos 00:05: registered as rtc0
Jul  6 09:03:12 aascedu kernel: rtc_cmos 00:05: alarms up to one day, y3k, 242 bytes nvram, hpet irqs
Jul  6 09:03:12 aascedu kernel: device-mapper: ioctl: 4.50.0-ioctl (2025-04-28) initialised: dm-devel@lists.linux.dev
Jul  6 09:03:12 aascedu kernel: intel_pstate: CPU model not supported
Jul  6 09:03:12 aascedu kernel: hid: raw HID events driver (C) Jiri Kosina
Jul  6 09:03:12 aascedu kernel: usbcore: registered new interface driver usbhid
Jul  6 09:03:12 aascedu kernel: usbhid: USB HID core driver
Jul  6 09:03:12 aascedu kernel: Initializing XFRM netlink socket
Jul  6 09:03:12 aascedu kernel: NET: Registered PF_INET6 protocol family
Jul  6 09:03:12 aascedu kernel: Segment Routing with IPv6
Jul  6 09:03:12 aascedu kernel: In-situ OAM (IOAM) with IPv6
Jul  6 09:03:12 aascedu kernel: sit: IPv6, IPv4 and MPLS over IPv4 tunneling driver
Jul  6 09:03:12 aascedu kernel: NET: Registered PF_PACKET protocol family
Jul  6 09:03:12 aascedu kernel: 9pnet: Installing 9P2000 support
Jul  6 09:03:12 aascedu kernel: Key type dns_resolver registered
Jul  6 09:03:12 aascedu kernel: IPI shorthand broadcast: enabled
Jul  6 09:03:12 aascedu kernel: sched_clock: Marking stable (680026871, 1524133)->(702285768, -20734764)
Jul  6 09:03:12 aascedu kernel: registered taskstats version 1
Jul  6 09:03:12 aascedu kernel: Loading compiled-in X.509 certificates
Jul  6 09:03:12 aascedu kernel: Demotion targets for Node 0: null
Jul  6 09:03:12 aascedu kernel: PM:   Magic number: 2:709:65
Jul  6 09:03:12 aascedu kernel: netconsole: network logging started
Jul  6 09:03:12 aascedu kernel: cfg80211: Loading compiled-in X.509 certificates for regulatory database
Jul  6 09:03:12 aascedu kernel: kworker/u80:0 (160) used greatest stack depth: 13952 bytes left
Jul  6 09:03:12 aascedu kernel: Loaded X.509 cert 'sforshee: 00b28ddf47aef9cea7'
Jul  6 09:03:12 aascedu kernel: Loaded X.509 cert 'wens: 61c038651aabdcf94bd0ac7ff06c7248db18c600'
Jul  6 09:03:12 aascedu kernel: ALSA device list:
Jul  6 09:03:12 aascedu kernel:   No soundcards found.
Jul  6 09:03:12 aascedu kernel: platform regulatory.0: Direct firmware load for regulatory.db failed with error -2
Jul  6 09:03:12 aascedu kernel: cfg80211: failed to load regulatory.db
Jul  6 09:03:13 aascedu kernel: input: ImExPS/2 Generic Explorer Mouse as /devices/platform/i8042/serio1/input/input3
Jul  6 09:03:13 aascedu kernel: md: Waiting for all devices to be available before autodetect
Jul  6 09:03:13 aascedu kernel: md: If you don't use raid, use raid=noautodetect
Jul  6 09:03:13 aascedu kernel: md: Autodetecting RAID arrays.
Jul  6 09:03:13 aascedu kernel: md: autorun ...
Jul  6 09:03:13 aascedu kernel: md: ... autorun DONE.
Jul  6 09:03:13 aascedu kernel: EXT4-fs (sda5): INFO: recovery required on readonly filesystem
Jul  6 09:03:13 aascedu kernel: EXT4-fs (sda5): write access will be enabled during recovery
Jul  6 09:03:13 aascedu kernel: EXT4-fs (sda5): recovery complete
Jul  6 09:03:13 aascedu kernel: EXT4-fs (sda5): mounted filesystem b4d7eb2a-b4ac-4ed8-99e4-9064ea766d25 ro with ordered data mode. Quota mode: none.
Jul  6 09:03:13 aascedu kernel: VFS: Mounted root (ext4 filesystem) readonly on device 8:5.
Jul  6 09:03:13 aascedu kernel: devtmpfs: mounted
Jul  6 09:03:13 aascedu kernel: Freeing unused kernel image (initmem) memory: 2812K
Jul  6 09:03:13 aascedu kernel: Write protecting the kernel read-only data: 28672k
Jul  6 09:03:13 aascedu kernel: Freeing unused kernel image (text/rodata gap) memory: 1672K
Jul  6 09:03:13 aascedu kernel: Freeing unused kernel image (rodata/data gap) memory: 804K
Jul  6 09:03:13 aascedu kernel: x86/mm: Checked W+X mappings: passed, no W+X pages found.
Jul  6 09:03:13 aascedu kernel: x86/mm: Checking user space page tables
Jul  6 09:03:13 aascedu kernel: x86/mm: Checked W+X mappings: passed, no W+X pages found.
Jul  6 09:03:13 aascedu kernel: Run /sbin/init as init process
Jul  6 09:03:13 aascedu kernel:   with arguments:
Jul  6 09:03:13 aascedu kernel:     /sbin/init
Jul  6 09:03:13 aascedu kernel:   with environment:
Jul  6 09:03:13 aascedu kernel:     HOME=/
Jul  6 09:03:13 aascedu kernel:     TERM=linux
Jul  6 09:03:13 aascedu kernel:     BOOT_IMAGE=/vmlinuz-6.16.1-aascedu
Jul  6 09:03:13 aascedu kernel: stty (174) used greatest stack depth: 12328 bytes left
Jul  6 09:03:15 aascedu kernel: e1000 0000:00:03.0 ens3: renamed from eth0
Jul  6 09:03:16 aascedu kernel: Adding 2097148k swap on /dev/sda4.  Priority:1 extents:1 across:2097148k 
Jul  6 09:03:16 aascedu kernel: EXT4-fs (sda5): re-mounted b4d7eb2a-b4ac-4ed8-99e4-9064ea766d25.
Jul  6 09:03:16 aascedu kernel: EXT4-fs (sda5): re-mounted b4d7eb2a-b4ac-4ed8-99e4-9064ea766d25 r/w.
Jul  6 09:03:16 aascedu kernel: EXT4-fs (sda3): mounting ext2 file system using the ext4 subsystem
Jul  6 09:03:16 aascedu kernel: EXT4-fs (sda3): mounted filesystem 625a4ecc-c41c-46bf-bba8-be9d697adec1 r/w without journal. Quota mode: none.
Jul  6 09:03:19 aascedu kernel: e1000: ens3 NIC Link is Up 1000 Mbps Full Duplex, Flow Control: RX
Jul  6 14:41:54 aascedu kernel: kworker/u80:3 (1416) used greatest stack depth: 12040 bytes left
Jul  7 10:53:17 aascedu kernel: Linux version 6.16.1-aascedu (root@aascedu) (gcc (GCC) 15.2.0, GNU ld (GNU Binutils) 2.45) #1 SMP PREEMPT_DYNAMIC Tue Mar 10 09:36:34 CET 2026
Jul  7 10:53:17 aascedu kernel: Command line: BOOT_IMAGE=/vmlinuz-6.16.1-aascedu root=PARTUUID=88408a23-622f-46c6-96b4-4c40c536478e ro
Jul  7 10:53:17 aascedu kernel: BIOS-provided physical RAM map:
Jul  7 10:53:17 aascedu kernel: BIOS-e820: [mem 0x0000000000000000-0x000000000009fbff] usable
Jul  7 10:53:17 aascedu kernel: BIOS-e820: [mem 0x000000000009fc00-0x000000000009ffff] reserved
Jul  7 10:53:17 aascedu kernel: BIOS-e820: [mem 0x00000000000f0000-0x00000000000fffff] reserved
Jul  7 10:53:17 aascedu kernel: BIOS-e820: [mem 0x0000000000100000-0x00000000bffdffff] usable
Jul  7 10:53:17 aascedu kernel: BIOS-e820: [mem 0x00000000bffe0000-0x00000000bfffffff] reserved
Jul  7 10:53:17 aascedu kernel: BIOS-e820: [mem 0x00000000feffc000-0x00000000feffffff] reserved
Jul  7 10:53:17 aascedu kernel: BIOS-e820: [mem 0x00000000fffc0000-0x00000000ffffffff] reserved
Jul  7 10:53:17 aascedu kernel: BIOS-e820: [mem 0x0000000100000000-0x000000023fffffff] usable
Jul  7 10:53:17 aascedu kernel: NX (Execute Disable) protection: active
Jul  7 10:53:17 aascedu kernel: APIC: Static calls initialized
Jul  7 10:53:17 aascedu kernel: SMBIOS 2.8 present.
Jul  7 10:53:17 aascedu kernel: DMI: QEMU Standard PC (i440FX + PIIX, 1996), BIOS 1.15.0-1 04/01/2014
Jul  7 10:53:17 aascedu kernel: DMI: Memory slots populated: 1/1
Jul  7 10:53:17 aascedu kernel: Hypervisor detected: KVM
Jul  7 10:53:17 aascedu kernel: kvm-clock: Using msrs 4b564d01 and 4b564d00
Jul  7 10:53:17 aascedu kernel: kvm-clock: using sched offset of 4101150595 cycles
Jul  7 10:53:17 aascedu kernel: clocksource: kvm-clock: mask: 0xffffffffffffffff max_cycles: 0x1cd42e4dffb, max_idle_ns: 881590591483 ns
Jul  7 10:53:17 aascedu kernel: tsc: Detected 3407.998 MHz processor
Jul  7 10:53:17 aascedu kernel: e820: update [mem 0x00000000-0x00000fff] usable ==> reserved
Jul  7 10:53:17 aascedu kernel: e820: remove [mem 0x000a0000-0x000fffff] usable
Jul  7 10:53:17 aascedu kernel: last_pfn = 0x240000 max_arch_pfn = 0x400000000
Jul  7 10:53:17 aascedu kernel: MTRR map: 4 entries (3 fixed + 1 variable; max 19), built from 8 variable MTRRs
Jul  7 10:53:17 aascedu kernel: x86/PAT: Configuration [0-7]: WB  WC  UC- UC  WB  WP  UC- WT  
Jul  7 10:53:17 aascedu kernel: last_pfn = 0xbffe0 max_arch_pfn = 0x400000000
Jul  7 10:53:17 aascedu kernel: found SMP MP-table at [mem 0x000f5b90-0x000f5b9f]
Jul  7 10:53:17 aascedu kernel: Using GB pages for direct mapping
Jul  7 10:53:17 aascedu kernel: ACPI: Early table checksum verification disabled
Jul  7 10:53:17 aascedu kernel: ACPI: RSDP 0x00000000000F59B0 000014 (v00 BOCHS )
Jul  7 10:53:17 aascedu kernel: ACPI: RSDT 0x00000000BFFE1FFD 000034 (v01 BOCHS  BXPC     00000001 BXPC 00000001)
Jul  7 10:53:17 aascedu kernel: ACPI: FACP 0x00000000BFFE1E19 000074 (v01 BOCHS  BXPC     00000001 BXPC 00000001)
Jul  7 10:53:17 aascedu kernel: ACPI: DSDT 0x00000000BFFE0040 001DD9 (v01 BOCHS  BXPC     00000001 BXPC 00000001)
Jul  7 10:53:17 aascedu kernel: ACPI: FACS 0x00000000BFFE0000 000040
Jul  7 10:53:17 aascedu kernel: ACPI: APIC 0x00000000BFFE1E8D 000110 (v01 BOCHS  BXPC     00000001 BXPC 00000001)
Jul  7 10:53:17 aascedu kernel: ACPI: HPET 0x00000000BFFE1F9D 000038 (v01 BOCHS  BXPC     00000001 BXPC 00000001)
Jul  7 10:53:17 aascedu kernel: ACPI: WAET 0x00000000BFFE1FD5 000028 (v01 BOCHS  BXPC     00000001 BXPC 00000001)
Jul  7 10:53:17 aascedu kernel: ACPI: Reserving FACP table memory at [mem 0xbffe1e19-0xbffe1e8c]
Jul  7 10:53:17 aascedu kernel: ACPI: Reserving DSDT table memory at [mem 0xbffe0040-0xbffe1e18]
Jul  7 10:53:17 aascedu kernel: ACPI: Reserving FACS table memory at [mem 0xbffe0000-0xbffe003f]
Jul  7 10:53:17 aascedu kernel: ACPI: Reserving APIC table memory at [mem 0xbffe1e8d-0xbffe1f9c]
Jul  7 10:53:17 aascedu kernel: ACPI: Reserving HPET table memory at [mem 0xbffe1f9d-0xbffe1fd4]
Jul  7 10:53:17 aascedu kernel: ACPI: Reserving WAET table memory at [mem 0xbffe1fd5-0xbffe1ffc]
Jul  7 10:53:17 aascedu kernel: No NUMA configuration found
Jul  7 10:53:17 aascedu kernel: Faking a node at [mem 0x0000000000000000-0x000000023fffffff]
Jul  7 10:53:17 aascedu kernel: NODE_DATA(0) allocated [mem 0x23fffc900-0x23fffffff]
Jul  7 10:53:17 aascedu kernel: Zone ranges:
Jul  7 10:53:17 aascedu kernel:   DMA      [mem 0x0000000000001000-0x0000000000ffffff]
Jul  7 10:53:17 aascedu kernel:   DMA32    [mem 0x0000000001000000-0x00000000ffffffff]
Jul  7 10:53:17 aascedu kernel:   Normal   [mem 0x0000000100000000-0x000000023fffffff]
Jul  7 10:53:17 aascedu kernel: Movable zone start for each node
Jul  7 10:53:17 aascedu kernel: Early memory node ranges
Jul  7 10:53:17 aascedu kernel:   node   0: [mem 0x0000000000001000-0x000000000009efff]
Jul  7 10:53:17 aascedu kernel:   node   0: [mem 0x0000000000100000-0x00000000bffdffff]
Jul  7 10:53:17 aascedu kernel:   node   0: [mem 0x0000000100000000-0x000000023fffffff]
Jul  7 10:53:17 aascedu kernel: Initmem setup node 0 [mem 0x0000000000001000-0x000000023fffffff]
Jul  7 10:53:17 aascedu kernel: On node 0, zone DMA: 1 pages in unavailable ranges
Jul  7 10:53:17 aascedu kernel: On node 0, zone DMA: 97 pages in unavailable ranges
Jul  7 10:53:17 aascedu kernel: On node 0, zone Normal: 32 pages in unavailable ranges
Jul  7 10:53:17 aascedu kernel: ACPI: PM-Timer IO Port: 0x608
Jul  7 10:53:17 aascedu kernel: ACPI: LAPIC_NMI (acpi_id[0xff] dfl dfl lint[0x1])
Jul  7 10:53:17 aascedu kernel: IOAPIC[0]: apic_id 0, version 17, address 0xfec00000, GSI 0-23
Jul  7 10:53:17 aascedu kernel: ACPI: INT_SRC_OVR (bus 0 bus_irq 0 global_irq 2 dfl dfl)
Jul  7 10:53:17 aascedu kernel: ACPI: INT_SRC_OVR (bus 0 bus_irq 5 global_irq 5 high level)
Jul  7 10:53:17 aascedu kernel: ACPI: INT_SRC_OVR (bus 0 bus_irq 9 global_irq 9 high level)
Jul  7 10:53:17 aascedu kernel: ACPI: INT_SRC_OVR (bus 0 bus_irq 10 global_irq 10 high level)
Jul  7 10:53:17 aascedu kernel: ACPI: INT_SRC_OVR (bus 0 bus_irq 11 global_irq 11 high level)
Jul  7 10:53:17 aascedu kernel: ACPI: Using ACPI (MADT) for SMP configuration information
Jul  7 10:53:17 aascedu kernel: ACPI: HPET id: 0x8086a201 base: 0xfed00000
Jul  7 10:53:17 aascedu kernel: TSC deadline timer available
Jul  7 10:53:17 aascedu kernel: CPU topo: Max. logical packages:   1
Jul  7 10:53:17 aascedu kernel: CPU topo: Max. logical dies:       1
Jul  7 10:53:17 aascedu kernel: CPU topo: Max. dies per package:   1
Jul  7 10:53:17 aascedu kernel: CPU topo: Max. threads per core:   1
Jul  7 10:53:17 aascedu kernel: CPU topo: Num. cores per package:    20
Jul  7 10:53:17 aascedu kernel: CPU topo: Num. threads per package:  20
Jul  7 10:53:17 aascedu kernel: CPU topo: Allowing 20 present CPUs plus 0 hotplug CPUs
Jul  7 10:53:17 aascedu kernel: kvm-guest: APIC: eoi() replaced with kvm_guest_apic_eoi_write()
Jul  7 10:53:17 aascedu kernel: kvm-guest: KVM setup pv remote TLB flush
Jul  7 10:53:17 aascedu kernel: kvm-guest: setup PV sched yield
Jul  7 10:53:17 aascedu kernel: PM: hibernation: Registered nosave memory: [mem 0x00000000-0x00000fff]
Jul  7 10:53:17 aascedu kernel: PM: hibernation: Registered nosave memory: [mem 0x0009f000-0x000fffff]
Jul  7 10:53:17 aascedu kernel: PM: hibernation: Registered nosave memory: [mem 0xbffe0000-0xffffffff]
Jul  7 10:53:17 aascedu kernel: [mem 0xc0000000-0xfeffbfff] available for PCI devices
Jul  7 10:53:17 aascedu kernel: Booting paravirtualized kernel on KVM
Jul  7 10:53:17 aascedu kernel: clocksource: refined-jiffies: mask: 0xffffffff max_cycles: 0xffffffff, max_idle_ns: 1910969940391419 ns
Jul  7 10:53:17 aascedu kernel: setup_percpu: NR_CPUS:64 nr_cpumask_bits:20 nr_cpu_ids:20 nr_node_ids:1
Jul  7 10:53:17 aascedu kernel: percpu: Embedded 52 pages/cpu s172760 r8192 d32040 u262144
Jul  7 10:53:17 aascedu kernel: pcpu-alloc: s172760 r8192 d32040 u262144 alloc=1*2097152
Jul  7 10:53:17 aascedu kernel: pcpu-alloc: [0] 00 01 02 03 04 05 06 07 [0] 08 09 10 11 12 13 14 15 
Jul  7 10:53:17 aascedu kernel: pcpu-alloc: [0] 16 17 18 19 -- -- -- -- 
Jul  7 10:53:17 aascedu kernel: Kernel command line: BOOT_IMAGE=/vmlinuz-6.16.1-aascedu root=PARTUUID=88408a23-622f-46c6-96b4-4c40c536478e ro
Jul  7 10:53:17 aascedu kernel: Unknown kernel command line parameters "BOOT_IMAGE=/vmlinuz-6.16.1-aascedu", will be passed to user space.
Jul  7 10:53:17 aascedu kernel: random: crng init done
Jul  7 10:53:17 aascedu kernel: printk: log buffer data + meta data: 262144 + 917504 = 1179648 bytes
Jul  7 10:53:17 aascedu kernel: Dentry cache hash table entries: 1048576 (order: 11, 8388608 bytes, linear)
Jul  7 10:53:17 aascedu kernel: Inode-cache hash table entries: 524288 (order: 10, 4194304 bytes, linear)
Jul  7 10:53:17 aascedu kernel: software IO TLB: area num 32.
Jul  7 10:53:17 aascedu kernel: Fallback order for Node 0: 0 
Jul  7 10:53:17 aascedu kernel: Built 1 zonelists, mobility grouping on.  Total pages: 2097022
Jul  7 10:53:17 aascedu kernel: Policy zone: Normal
Jul  7 10:53:17 aascedu kernel: mem auto-init: stack:all(zero), heap alloc:off, heap free:off
Jul  7 10:53:17 aascedu kernel: SLUB: HWalign=64, Order=0-3, MinObjects=0, CPUs=20, Nodes=1
Jul  7 10:53:17 aascedu kernel: Kernel/User page tables isolation: enabled
Jul  7 10:53:17 aascedu kernel: Dynamic Preempt: voluntary
Jul  7 10:53:17 aascedu kernel: rcu: Preemptible hierarchical RCU implementation.
Jul  7 10:53:17 aascedu kernel: rcu: \x09RCU event tracing is enabled.
Jul  7 10:53:17 aascedu kernel: rcu: \x09RCU restricting CPUs from NR_CPUS=64 to nr_cpu_ids=20.
Jul  7 10:53:17 aascedu kernel: \x09Trampoline variant of Tasks RCU enabled.
Jul  7 10:53:17 aascedu kernel: \x09Tracing variant of Tasks RCU enabled.
Jul  7 10:53:17 aascedu kernel: rcu: RCU calculated value of scheduler-enlistment delay is 100 jiffies.
Jul  7 10:53:17 aascedu kernel: rcu: Adjusting geometry for rcu_fanout_leaf=16, nr_cpu_ids=20
Jul  7 10:53:17 aascedu kernel: RCU Tasks: Setting shift to 5 and lim to 1 rcu_task_cb_adjust=1 rcu_task_cpu_ids=20.
Jul  7 10:53:17 aascedu kernel: RCU Tasks Trace: Setting shift to 5 and lim to 1 rcu_task_cb_adjust=1 rcu_task_cpu_ids=20.
Jul  7 10:53:17 aascedu kernel: NR_IRQS: 4352, nr_irqs: 584, preallocated irqs: 16
Jul  7 10:53:17 aascedu kernel: rcu: srcu_init: Setting srcu_struct sizes based on contention.
Jul  7 10:53:17 aascedu kernel: Console: colour dummy device 80x25
Jul  7 10:53:17 aascedu kernel: printk: legacy console [tty0] enabled
Jul  7 10:53:17 aascedu kernel: ACPI: Core revision 20250404
Jul  7 10:53:17 aascedu kernel: clocksource: hpet: mask: 0xffffffff max_cycles: 0xffffffff, max_idle_ns: 19112604467 ns
Jul  7 10:53:17 aascedu kernel: APIC: Switch to symmetric I/O mode setup
Jul  7 10:53:17 aascedu kernel: x2apic enabled
Jul  7 10:53:17 aascedu kernel: APIC: Switched APIC routing to: physical x2apic
Jul  7 10:53:17 aascedu kernel: kvm-guest: APIC: send_IPI_mask() replaced with kvm_send_ipi_mask()
Jul  7 10:53:17 aascedu kernel: kvm-guest: APIC: send_IPI_mask_allbutself() replaced with kvm_send_ipi_mask_allbutself()
Jul  7 10:53:17 aascedu kernel: kvm-guest: setup PV IPIs
Jul  7 10:53:17 aascedu kernel: ..TIMER: vector=0x30 apic1=0 pin1=2 apic2=-1 pin2=-1
Jul  7 10:53:17 aascedu kernel: clocksource: tsc-early: mask: 0xffffffffffffffff max_cycles: 0x311fd208cfc, max_idle_ns: 440795283699 ns
Jul  7 10:53:17 aascedu kernel: Calibrating delay loop (skipped) preset value.. 6815.99 BogoMIPS (lpj=3407998)
Jul  7 10:53:17 aascedu kernel: x86/cpu: User Mode Instruction Prevention (UMIP) activated
Jul  7 10:53:17 aascedu kernel: Last level iTLB entries: 4KB 0, 2MB 0, 4MB 0
Jul  7 10:53:17 aascedu kernel: Last level dTLB entries: 4KB 0, 2MB 0, 4MB 0, 1GB 0
Jul  7 10:53:17 aascedu kernel: Speculative Store Bypass: Mitigation: Speculative Store Bypass disabled via prctl
Jul  7 10:53:17 aascedu kernel: SRBDS: Unknown: Dependent on hypervisor status
Jul  7 10:53:17 aascedu kernel: Spectre V2 : Mitigation: IBRS
Jul  7 10:53:17 aascedu kernel: RETBleed: Mitigation: IBRS
Jul  7 10:53:17 aascedu kernel: ITS: Mitigation: Aligned branch/return thunks
Jul  7 10:53:17 aascedu kernel: MDS: Mitigation: Clear CPU buffers
Jul  7 10:53:17 aascedu kernel: MMIO Stale Data: Vulnerable: Clear CPU buffers attempted, no microcode
Jul  7 10:53:17 aascedu kernel: Spectre V1 : Mitigation: usercopy/swapgs barriers and __user pointer sanitization
Jul  7 10:53:17 aascedu kernel: Spectre V2 : Spectre v2 / SpectreRSB: Filling RSB on context switch and VMEXIT
Jul  7 10:53:17 aascedu kernel: Spectre V2 : mitigation: Enabling conditional Indirect Branch Prediction Barrier
Jul  7 10:53:17 aascedu kernel: GDS: Unknown: Dependent on hypervisor status
Jul  7 10:53:17 aascedu kernel: Spectre V2 : Spectre BHI mitigation: SW BHB clearing on syscall and VM exit
Jul  7 10:53:17 aascedu kernel: x86/fpu: Supporting XSAVE feature 0x001: 'x87 floating point registers'
Jul  7 10:53:17 aascedu kernel: x86/fpu: Supporting XSAVE feature 0x002: 'SSE registers'
Jul  7 10:53:17 aascedu kernel: x86/fpu: Supporting XSAVE feature 0x004: 'AVX registers'
Jul  7 10:53:17 aascedu kernel: x86/fpu: Supporting XSAVE feature 0x008: 'MPX bounds registers'
Jul  7 10:53:17 aascedu kernel: x86/fpu: Supporting XSAVE feature 0x010: 'MPX CSR'
Jul  7 10:53:17 aascedu kernel: x86/fpu: xstate_offset[2]:  576, xstate_sizes[2]:  256
Jul  7 10:53:17 aascedu kernel: x86/fpu: xstate_offset[3]:  832, xstate_sizes[3]:   64
Jul  7 10:53:17 aascedu kernel: x86/fpu: xstate_offset[4]:  896, xstate_sizes[4]:   64
Jul  7 10:53:17 aascedu kernel: x86/fpu: Enabled xstate features 0x1f, context size is 960 bytes, using 'compacted' format.
Jul  7 10:53:17 aascedu kernel: Freeing SMP alternatives memory: 56K
Jul  7 10:53:17 aascedu kernel: pid_max: default: 32768 minimum: 301
Jul  7 10:53:17 aascedu kernel: LSM: initializing lsm=capability,selinux
Jul  7 10:53:17 aascedu kernel: SELinux:  Initializing.
Jul  7 10:53:17 aascedu kernel: Mount-cache hash table entries: 16384 (order: 5, 131072 bytes, linear)
Jul  7 10:53:17 aascedu kernel: Mountpoint-cache hash table entries: 16384 (order: 5, 131072 bytes, linear)
Jul  7 10:53:17 aascedu kernel: smpboot: CPU0: Intel(R) Core(TM) i5-7500 CPU @ 3.40GHz (family: 0x6, model: 0x9e, stepping: 0x9)
Jul  7 10:53:17 aascedu kernel: Performance Events: Skylake events, full-width counters, Intel PMU driver.
Jul  7 10:53:17 aascedu kernel: ... version:                2
Jul  7 10:53:17 aascedu kernel: ... bit width:              48
Jul  7 10:53:17 aascedu kernel: ... generic registers:      8
Jul  7 10:53:17 aascedu kernel: ... value mask:             0000ffffffffffff
Jul  7 10:53:17 aascedu kernel: ... max period:             00007fffffffffff
Jul  7 10:53:17 aascedu kernel: ... fixed-purpose events:   3
Jul  7 10:53:17 aascedu kernel: ... event mask:             00000007000000ff
Jul  7 10:53:17 aascedu kernel: signal: max sigframe size: 2032
Jul  7 10:53:17 aascedu kernel: rcu: Hierarchical SRCU implementation.
Jul  7 10:53:17 aascedu kernel: rcu: \x09Max phase no-delay instances is 400.
Jul  7 10:53:17 aascedu kernel: Timer migration: 2 hierarchy levels; 8 children per group; 2 crossnode level
Jul  7 10:53:17 aascedu kernel: smp: Bringing up secondary CPUs ...
Jul  7 10:53:17 aascedu kernel: smpboot: x86: Booting SMP configuration:
Jul  7 10:53:17 aascedu kernel: .... node  #0, CPUs:        #1  #2  #3  #4  #5  #6  #7  #8  #9 #10 #11 #12 #13 #14 #15 #16 #17 #18 #19
Jul  7 10:53:17 aascedu kernel: smp: Brought up 1 node, 20 CPUs
Jul  7 10:53:17 aascedu kernel: smpboot: Total of 20 processors activated (136319.92 BogoMIPS)
Jul  7 10:53:17 aascedu kernel: Memory: 8121676K/8388088K available (18806K kernel code, 2901K rwdata, 7388K rodata, 2812K init, 972K bss, 255656K reserved, 0K cma-reserved)
Jul  7 10:53:17 aascedu kernel: devtmpfs: initialized
Jul  7 10:53:17 aascedu kernel: clocksource: jiffies: mask: 0xffffffff max_cycles: 0xffffffff, max_idle_ns: 1911260446275000 ns
Jul  7 10:53:17 aascedu kernel: posixtimers hash table entries: 16384 (order: 6, 262144 bytes, linear)
Jul  7 10:53:17 aascedu kernel: futex hash table entries: 8192 (524288 bytes on 1 NUMA nodes, total 512 KiB, linear).
Jul  7 10:53:17 aascedu kernel: PM: RTC time: 08:53:18, date: 2026-07-07
Jul  7 10:53:17 aascedu kernel: NET: Registered PF_NETLINK/PF_ROUTE protocol family
Jul  7 10:53:17 aascedu kernel: audit: initializing netlink subsys (disabled)
Jul  7 10:53:17 aascedu kernel: audit: type=2000 audit(1783414398.943:1): state=initialized audit_enabled=0 res=1
Jul  7 10:53:17 aascedu kernel: thermal_sys: Registered thermal governor 'step_wise'
Jul  7 10:53:17 aascedu kernel: cpuidle: using governor menu
Jul  7 10:53:17 aascedu kernel: PCI: Using configuration type 1 for base access
Jul  7 10:53:17 aascedu kernel: kprobes: kprobe jump-optimization is enabled. All kprobes are optimized if possible.
Jul  7 10:53:17 aascedu kernel: HugeTLB: allocation took 0ms with hugepage_allocation_threads=5
Jul  7 10:53:17 aascedu kernel: HugeTLB: registered 2.00 MiB page size, pre-allocated 0 pages
Jul  7 10:53:17 aascedu kernel: HugeTLB: 28 KiB vmemmap can be freed for a 2.00 MiB page
Jul  7 10:53:17 aascedu kernel: ACPI: Added _OSI(Module Device)
Jul  7 10:53:17 aascedu kernel: ACPI: Added _OSI(Processor Device)
Jul  7 10:53:17 aascedu kernel: ACPI: Added _OSI(Processor Aggregator Device)
Jul  7 10:53:17 aascedu kernel: ACPI: 1 ACPI AML tables successfully acquired and loaded
Jul  7 10:53:17 aascedu kernel: ACPI: Interpreter enabled
Jul  7 10:53:17 aascedu kernel: ACPI: PM: (supports S0 S3 S4 S5)
Jul  7 10:53:17 aascedu kernel: ACPI: Using IOAPIC for interrupt routing
Jul  7 10:53:17 aascedu kernel: PCI: Using host bridge windows from ACPI; if necessary, use "pci=nocrs" and report a bug
Jul  7 10:53:17 aascedu kernel: PCI: Using E820 reservations for host bridge windows
Jul  7 10:53:17 aascedu kernel: ACPI: Enabled 2 GPEs in block 00 to 0F
Jul  7 10:53:17 aascedu kernel: ACPI: PCI Root Bridge [PCI0] (domain 0000 [bus 00-ff])
Jul  7 10:53:17 aascedu kernel: acpi PNP0A03:00: _OSC: OS supports [ASPM ClockPM Segments MSI HPX-Type3]
Jul  7 10:53:17 aascedu kernel: acpi PNP0A03:00: _OSC: not requesting OS control; OS requires [ExtendedConfig ASPM ClockPM MSI]
Jul  7 10:53:17 aascedu kernel: acpi PNP0A03:00: fail to add MMCONFIG information, can't access extended configuration space under this bridge
Jul  7 10:53:17 aascedu kernel: PCI host bridge to bus 0000:00
Jul  7 10:53:17 aascedu kernel: pci_bus 0000:00: root bus resource [io  0x0000-0x0cf7 window]
Jul  7 10:53:17 aascedu kernel: pci_bus 0000:00: root bus resource [io  0x0d00-0xffff window]
Jul  7 10:53:17 aascedu kernel: pci_bus 0000:00: root bus resource [mem 0x000a0000-0x000bffff window]
Jul  7 10:53:17 aascedu kernel: pci_bus 0000:00: root bus resource [mem 0xc0000000-0xfebfffff window]
Jul  7 10:53:17 aascedu kernel: pci_bus 0000:00: root bus resource [mem 0x240000000-0x2bfffffff window]
Jul  7 10:53:17 aascedu kernel: pci_bus 0000:00: root bus resource [bus 00-ff]
Jul  7 10:53:17 aascedu kernel: pci 0000:00:00.0: [8086:1237] type 00 class 0x060000 conventional PCI endpoint
Jul  7 10:53:17 aascedu kernel: pci 0000:00:01.0: [8086:7000] type 00 class 0x060100 conventional PCI endpoint
Jul  7 10:53:17 aascedu kernel: pci 0000:00:01.1: [8086:7010] type 00 class 0x010180 conventional PCI endpoint
Jul  7 10:53:17 aascedu kernel: pci 0000:00:01.1: BAR 4 [io  0xc040-0xc04f]
Jul  7 10:53:17 aascedu kernel: pci 0000:00:01.1: BAR 0 [io  0x01f0-0x01f7]: legacy IDE quirk
Jul  7 10:53:17 aascedu kernel: pci 0000:00:01.1: BAR 1 [io  0x03f6]: legacy IDE quirk
Jul  7 10:53:17 aascedu kernel: pci 0000:00:01.1: BAR 2 [io  0x0170-0x0177]: legacy IDE quirk
Jul  7 10:53:17 aascedu kernel: pci 0000:00:01.1: BAR 3 [io  0x0376]: legacy IDE quirk
Jul  7 10:53:17 aascedu kernel: pci 0000:00:01.3: [8086:7113] type 00 class 0x068000 conventional PCI endpoint
Jul  7 10:53:17 aascedu kernel: pci 0000:00:01.3: quirk: [io  0x0600-0x063f] claimed by PIIX4 ACPI
Jul  7 10:53:17 aascedu kernel: pci 0000:00:01.3: quirk: [io  0x0700-0x070f] claimed by PIIX4 SMB
Jul  7 10:53:17 aascedu kernel: pci 0000:00:02.0: [1af4:1050] type 00 class 0x030000 conventional PCI endpoint
Jul  7 10:53:17 aascedu kernel: pci 0000:00:02.0: BAR 0 [mem 0xfe000000-0xfe7fffff pref]
Jul  7 10:53:17 aascedu kernel: pci 0000:00:02.0: BAR 2 [mem 0xfe800000-0xfe803fff 64bit pref]
Jul  7 10:53:17 aascedu kernel: pci 0000:00:02.0: BAR 4 [mem 0xfebb0000-0xfebb0fff]
Jul  7 10:53:17 aascedu kernel: pci 0000:00:02.0: ROM [mem 0xfeba0000-0xfebaffff pref]
Jul  7 10:53:17 aascedu kernel: pci 0000:00:02.0: Video device with shadowed ROM at [mem 0x000c0000-0x000dffff]
Jul  7 10:53:17 aascedu kernel: pci 0000:00:03.0: [8086:100e] type 00 class 0x020000 conventional PCI endpoint
Jul  7 10:53:17 aascedu kernel: pci 0000:00:03.0: BAR 0 [mem 0xfeb80000-0xfeb9ffff]
Jul  7 10:53:17 aascedu kernel: pci 0000:00:03.0: BAR 1 [io  0xc000-0xc03f]
Jul  7 10:53:17 aascedu kernel: pci 0000:00:03.0: ROM [mem 0xfeb00000-0xfeb7ffff pref]
Jul  7 10:53:17 aascedu kernel: ACPI: PCI: Interrupt link LNKA configured for IRQ 10
Jul  7 10:53:17 aascedu kernel: ACPI: PCI: Interrupt link LNKB configured for IRQ 10
Jul  7 10:53:17 aascedu kernel: ACPI: PCI: Interrupt link LNKC configured for IRQ 11
Jul  7 10:53:17 aascedu kernel: ACPI: PCI: Interrupt link LNKD configured for IRQ 11
Jul  7 10:53:17 aascedu kernel: ACPI: PCI: Interrupt link LNKS configured for IRQ 9
Jul  7 10:53:17 aascedu kernel: iommu: Default domain type: Translated
Jul  7 10:53:17 aascedu kernel: iommu: DMA domain TLB invalidation policy: lazy mode
Jul  7 10:53:17 aascedu kernel: SCSI subsystem initialized
Jul  7 10:53:17 aascedu kernel: libata version 3.00 loaded.
Jul  7 10:53:17 aascedu kernel: ACPI: bus type USB registered
Jul  7 10:53:17 aascedu kernel: usbcore: registered new interface driver usbfs
Jul  7 10:53:17 aascedu kernel: usbcore: registered new interface driver hub
Jul  7 10:53:17 aascedu kernel: usbcore: registered new device driver usb
Jul  7 10:53:17 aascedu kernel: pps_core: LinuxPPS API ver. 1 registered
Jul  7 10:53:17 aascedu kernel: pps_core: Software ver. 5.3.6 - Copyright 2005-2007 Rodolfo Giometti <giometti@linux.it>
Jul  7 10:53:17 aascedu kernel: PTP clock support registered
Jul  7 10:53:17 aascedu kernel: Advanced Linux Sound Architecture Driver Initialized.
Jul  7 10:53:17 aascedu kernel: NetLabel: Initializing
Jul  7 10:53:17 aascedu kernel: NetLabel:  domain hash size = 128
Jul  7 10:53:17 aascedu kernel: NetLabel:  protocols = UNLABELED CIPSOv4 CALIPSO
Jul  7 10:53:17 aascedu kernel: NetLabel:  unlabeled traffic allowed by default
Jul  7 10:53:17 aascedu kernel: PCI: Using ACPI for IRQ routing
Jul  7 10:53:17 aascedu kernel: PCI: pci_cache_line_size set to 64 bytes
Jul  7 10:53:17 aascedu kernel: e820: reserve RAM buffer [mem 0x0009fc00-0x0009ffff]
Jul  7 10:53:17 aascedu kernel: e820: reserve RAM buffer [mem 0xbffe0000-0xbfffffff]
Jul  7 10:53:17 aascedu kernel: pci 0000:00:02.0: vgaarb: setting as boot VGA device
Jul  7 10:53:17 aascedu kernel: pci 0000:00:02.0: vgaarb: bridge control possible
Jul  7 10:53:17 aascedu kernel: pci 0000:00:02.0: vgaarb: VGA device added: decodes=io+mem,owns=io+mem,locks=none
Jul  7 10:53:17 aascedu kernel: vgaarb: loaded
Jul  7 10:53:17 aascedu kernel: hpet0: at MMIO 0xfed00000, IRQs 2, 8, 0
Jul  7 10:53:17 aascedu kernel: hpet0: 3 comparators, 64-bit 100.000000 MHz counter
Jul  7 10:53:17 aascedu kernel: clocksource: Switched to clocksource kvm-clock
Jul  7 10:53:17 aascedu kernel: VFS: Disk quotas dquot_6.6.0
Jul  7 10:53:17 aascedu kernel: VFS: Dquot-cache hash table entries: 512 (order 0, 4096 bytes)
Jul  7 10:53:17 aascedu kernel: pnp: PnP ACPI init
Jul  7 10:53:17 aascedu kernel: pnp 00:02: [dma 2]
Jul  7 10:53:17 aascedu kernel: pnp: PnP ACPI: found 6 devices
Jul  7 10:53:17 aascedu kernel: clocksource: acpi_pm: mask: 0xffffff max_cycles: 0xffffff, max_idle_ns: 2085701024 ns
Jul  7 10:53:17 aascedu kernel: NET: Registered PF_INET protocol family
Jul  7 10:53:17 aascedu kernel: IP idents hash table entries: 131072 (order: 8, 1048576 bytes, linear)
Jul  7 10:53:17 aascedu kernel: tcp_listen_portaddr_hash hash table entries: 4096 (order: 4, 65536 bytes, linear)
Jul  7 10:53:17 aascedu kernel: Table-perturb hash table entries: 65536 (order: 6, 262144 bytes, linear)
Jul  7 10:53:17 aascedu kernel: TCP established hash table entries: 65536 (order: 7, 524288 bytes, linear)
Jul  7 10:53:17 aascedu kernel: TCP bind hash table entries: 65536 (order: 9, 2097152 bytes, linear)
Jul  7 10:53:17 aascedu kernel: TCP: Hash tables configured (established 65536 bind 65536)
Jul  7 10:53:17 aascedu kernel: UDP hash table entries: 4096 (order: 6, 262144 bytes, linear)
Jul  7 10:53:17 aascedu kernel: UDP-Lite hash table entries: 4096 (order: 6, 262144 bytes, linear)
Jul  7 10:53:17 aascedu kernel: NET: Registered PF_UNIX/PF_LOCAL protocol family
Jul  7 10:53:17 aascedu kernel: RPC: Registered named UNIX socket transport module.
Jul  7 10:53:17 aascedu kernel: RPC: Registered udp transport module.
Jul  7 10:53:17 aascedu kernel: RPC: Registered tcp transport module.
Jul  7 10:53:17 aascedu kernel: RPC: Registered tcp-with-tls transport module.
Jul  7 10:53:17 aascedu kernel: RPC: Registered tcp NFSv4.1 backchannel transport module.
Jul  7 10:53:17 aascedu kernel: pci_bus 0000:00: resource 4 [io  0x0000-0x0cf7 window]
Jul  7 10:53:17 aascedu kernel: pci_bus 0000:00: resource 5 [io  0x0d00-0xffff window]
Jul  7 10:53:17 aascedu kernel: pci_bus 0000:00: resource 6 [mem 0x000a0000-0x000bffff window]
Jul  7 10:53:17 aascedu kernel: pci_bus 0000:00: resource 7 [mem 0xc0000000-0xfebfffff window]
Jul  7 10:53:17 aascedu kernel: pci_bus 0000:00: resource 8 [mem 0x240000000-0x2bfffffff window]
Jul  7 10:53:17 aascedu kernel: pci 0000:00:01.0: PIIX3: Enabling Passive Release
Jul  7 10:53:17 aascedu kernel: pci 0000:00:00.0: Limiting direct PCI/PCI transfers
Jul  7 10:53:17 aascedu kernel: PCI: CLS 0 bytes, default 64
Jul  7 10:53:17 aascedu kernel: PCI-DMA: Using software bounce buffering for IO (SWIOTLB)
Jul  7 10:53:17 aascedu kernel: software IO TLB: mapped [mem 0x00000000bbfe0000-0x00000000bffe0000] (64MB)
Jul  7 10:53:17 aascedu kernel: RAPL PMU: API unit is 2^-32 Joules, 0 fixed counters, 10737418240 ms ovfl timer
Jul  7 10:53:17 aascedu kernel: clocksource: tsc: mask: 0xffffffffffffffff max_cycles: 0x311fd208cfc, max_idle_ns: 440795283699 ns
Jul  7 10:53:17 aascedu kernel: Initialise system trusted keyrings
Jul  7 10:53:17 aascedu kernel: workingset: timestamp_bits=40 max_order=21 bucket_order=0
Jul  7 10:53:17 aascedu kernel: NFS: Registering the id_resolver key type
Jul  7 10:53:17 aascedu kernel: Key type id_resolver registered
Jul  7 10:53:17 aascedu kernel: Key type id_legacy registered
Jul  7 10:53:17 aascedu kernel: 9p: Installing v9fs 9p2000 file system support
Jul  7 10:53:17 aascedu kernel: Key type asymmetric registered
Jul  7 10:53:17 aascedu kernel: Asymmetric key parser 'x509' registered
Jul  7 10:53:17 aascedu kernel: Block layer SCSI generic (bsg) driver version 0.4 loaded (major 251)
Jul  7 10:53:17 aascedu kernel: io scheduler mq-deadline registered
Jul  7 10:53:17 aascedu kernel: io scheduler kyber registered
Jul  7 10:53:17 aascedu kernel: input: Power Button as /devices/LNXSYSTM:00/LNXPWRBN:00/input/input0
Jul  7 10:53:17 aascedu kernel: ACPI: button: Power Button [PWRF]
Jul  7 10:53:17 aascedu kernel: ACPI: \x5c_SB_.LNKB: Enabled at IRQ 10
Jul  7 10:53:17 aascedu kernel: Serial: 8250/16550 driver, 4 ports, IRQ sharing enabled
Jul  7 10:53:17 aascedu kernel: 00:04: ttyS0 at I/O 0x3f8 (irq = 4, base_baud = 115200) is a 16550A
Jul  7 10:53:17 aascedu kernel: Non-volatile memory driver v1.3
Jul  7 10:53:17 aascedu kernel: Linux agpgart interface v0.103
Jul  7 10:53:17 aascedu kernel: ACPI: bus type drm_connector registered
Jul  7 10:53:17 aascedu kernel: [drm] pci: virtio-vga detected at 0000:00:02.0
Jul  7 10:53:17 aascedu kernel: virtio-pci 0000:00:02.0: vgaarb: deactivate vga console
Jul  7 10:53:17 aascedu kernel: [drm] features: -virgl +edid -resource_blob -host_visible
Jul  7 10:53:17 aascedu kernel: [drm] features: -context_init
Jul  7 10:53:17 aascedu kernel: [drm] number of scanouts: 1
Jul  7 10:53:17 aascedu kernel: [drm] number of cap sets: 0
Jul  7 10:53:17 aascedu kernel: virtio-pci 0000:00:02.0: [drm] Registered 1 planes with drm panic
Jul  7 10:53:17 aascedu kernel: [drm] Initialized virtio_gpu 0.1.0 for 0000:00:02.0 on minor 0
Jul  7 10:53:17 aascedu kernel: fbcon: virtio_gpudrmfb (fb0) is primary device
Jul  7 10:53:17 aascedu kernel: Console: switching to colour frame buffer device 80x30
Jul  7 10:53:17 aascedu kernel: virtio-pci 0000:00:02.0: [drm] fb0: virtio_gpudrmfb frame buffer device
Jul  7 10:53:17 aascedu kernel: loop: module loaded
Jul  7 10:53:17 aascedu kernel: scsi host0: ata_piix
Jul  7 10:53:17 aascedu kernel: scsi host1: ata_piix
Jul  7 10:53:17 aascedu kernel: ata1: PATA max MWDMA2 cmd 0x1f0 ctl 0x3f6 bmdma 0xc040 irq 14 lpm-pol 0
Jul  7 10:53:17 aascedu kernel: ata2: PATA max MWDMA2 cmd 0x170 ctl 0x376 bmdma 0xc048 irq 15 lpm-pol 0
Jul  7 10:53:17 aascedu kernel: e100: Intel(R) PRO/100 Network Driver
Jul  7 10:53:17 aascedu kernel: e100: Copyright(c) 1999-2006 Intel Corporation
Jul  7 10:53:17 aascedu kernel: e1000: Intel(R) PRO/1000 Network Driver
Jul  7 10:53:17 aascedu kernel: e1000: Copyright (c) 1999-2006 Intel Corporation.
Jul  7 10:53:17 aascedu kernel: ACPI: \x5c_SB_.LNKC: Enabled at IRQ 11
Jul  7 10:53:17 aascedu kernel: ata2: found unknown device (class 0)
Jul  7 10:53:17 aascedu kernel: ata1: found unknown device (class 0)
Jul  7 10:53:17 aascedu kernel: ata2.00: ATAPI: QEMU DVD-ROM, 2.5+, max UDMA/100
Jul  7 10:53:17 aascedu kernel: ata1.00: ATA-7: QEMU HARDDISK, 2.5+, max UDMA/100
Jul  7 10:53:17 aascedu kernel: ata1.00: 83886080 sectors, multi 16: LBA48 
Jul  7 10:53:17 aascedu kernel: scsi 0:0:0:0: Direct-Access     ATA      QEMU HARDDISK    2.5+ PQ: 0 ANSI: 5
Jul  7 10:53:17 aascedu kernel: sd 0:0:0:0: [sda] 83886080 512-byte logical blocks: (42.9 GB/40.0 GiB)
Jul  7 10:53:17 aascedu kernel: sd 0:0:0:0: Attached scsi generic sg0 type 0
Jul  7 10:53:17 aascedu kernel: sd 0:0:0:0: [sda] Write Protect is off
Jul  7 10:53:17 aascedu kernel: sd 0:0:0:0: [sda] Mode Sense: 00 3a 00 00
Jul  7 10:53:17 aascedu kernel: sd 0:0:0:0: [sda] Write cache: enabled, read cache: enabled, doesn't support DPO or FUA
Jul  7 10:53:17 aascedu kernel: sd 0:0:0:0: [sda] Preferred minimum I/O size 512 bytes
Jul  7 10:53:17 aascedu kernel: scsi 1:0:0:0: CD-ROM            QEMU     QEMU DVD-ROM     2.5+ PQ: 0 ANSI: 5
Jul  7 10:53:17 aascedu kernel:  sda: sda1 sda3 sda4 sda5
Jul  7 10:53:17 aascedu kernel: sd 0:0:0:0: [sda] Attached SCSI disk
Jul  7 10:53:17 aascedu kernel: sr 1:0:0:0: [sr0] scsi3-mmc drive: 4x/4x cd/rw xa/form2 tray
Jul  7 10:53:17 aascedu kernel: cdrom: Uniform CD-ROM driver Revision: 3.20
Jul  7 10:53:17 aascedu kernel: sr 1:0:0:0: Attached scsi CD-ROM sr0
Jul  7 10:53:17 aascedu kernel: sr 1:0:0:0: Attached scsi generic sg1 type 5
Jul  7 10:53:17 aascedu kernel: e1000 0000:00:03.0 eth0: (PCI:33MHz:32-bit) 52:54:00:12:34:56
Jul  7 10:53:17 aascedu kernel: e1000 0000:00:03.0 eth0: Intel(R) PRO/1000 Network Connection
Jul  7 10:53:17 aascedu kernel: e1000e: Intel(R) PRO/1000 Network Driver
Jul  7 10:53:17 aascedu kernel: e1000e: Copyright(c) 1999 - 2015 Intel Corporation.
Jul  7 10:53:17 aascedu kernel: sky2: driver version 1.30
Jul  7 10:53:17 aascedu kernel: usbcore: registered new interface driver usblp
Jul  7 10:53:17 aascedu kernel: usbcore: registered new interface driver usb-storage
Jul  7 10:53:17 aascedu kernel: i8042: PNP: PS/2 Controller [PNP0303:KBD,PNP0f13:MOU] at 0x60,0x64 irq 1,12
Jul  7 10:53:17 aascedu kernel: serio: i8042 KBD port at 0x60,0x64 irq 1
Jul  7 10:53:17 aascedu kernel: serio: i8042 AUX port at 0x60,0x64 irq 12
Jul  7 10:53:17 aascedu kernel: rtc_cmos 00:05: RTC can wake from S4
Jul  7 10:53:17 aascedu kernel: input: AT Translated Set 2 keyboard as /devices/platform/i8042/serio0/input/input1
Jul  7 10:53:17 aascedu kernel: rtc_cmos 00:05: registered as rtc0
Jul  7 10:53:17 aascedu kernel: rtc_cmos 00:05: alarms up to one day, y3k, 242 bytes nvram, hpet irqs
Jul  7 10:53:17 aascedu kernel: device-mapper: ioctl: 4.50.0-ioctl (2025-04-28) initialised: dm-devel@lists.linux.dev
Jul  7 10:53:17 aascedu kernel: intel_pstate: CPU model not supported
Jul  7 10:53:17 aascedu kernel: hid: raw HID events driver (C) Jiri Kosina
Jul  7 10:53:17 aascedu kernel: usbcore: registered new interface driver usbhid
Jul  7 10:53:17 aascedu kernel: usbhid: USB HID core driver
Jul  7 10:53:17 aascedu kernel: Initializing XFRM netlink socket
Jul  7 10:53:17 aascedu kernel: NET: Registered PF_INET6 protocol family
Jul  7 10:53:17 aascedu kernel: Segment Routing with IPv6
Jul  7 10:53:17 aascedu kernel: In-situ OAM (IOAM) with IPv6
Jul  7 10:53:17 aascedu kernel: sit: IPv6, IPv4 and MPLS over IPv4 tunneling driver
Jul  7 10:53:17 aascedu kernel: NET: Registered PF_PACKET protocol family
Jul  7 10:53:17 aascedu kernel: 9pnet: Installing 9P2000 support
Jul  7 10:53:17 aascedu kernel: Key type dns_resolver registered
Jul  7 10:53:17 aascedu kernel: IPI shorthand broadcast: enabled
Jul  7 10:53:17 aascedu kernel: sched_clock: Marking stable (725001390, 1479632)->(740449644, -13968622)
Jul  7 10:53:17 aascedu kernel: registered taskstats version 1
Jul  7 10:53:17 aascedu kernel: Loading compiled-in X.509 certificates
Jul  7 10:53:17 aascedu kernel: Demotion targets for Node 0: null
Jul  7 10:53:17 aascedu kernel: PM:   Magic number: 2:717:876
Jul  7 10:53:17 aascedu kernel: netconsole: network logging started
Jul  7 10:53:17 aascedu kernel: cfg80211: Loading compiled-in X.509 certificates for regulatory database
Jul  7 10:53:17 aascedu kernel: kworker/u80:0 (159) used greatest stack depth: 13952 bytes left
Jul  7 10:53:17 aascedu kernel: Loaded X.509 cert 'sforshee: 00b28ddf47aef9cea7'
Jul  7 10:53:17 aascedu kernel: Loaded X.509 cert 'wens: 61c038651aabdcf94bd0ac7ff06c7248db18c600'
Jul  7 10:53:17 aascedu kernel: platform regulatory.0: Direct firmware load for regulatory.db failed with error -2
Jul  7 10:53:17 aascedu kernel: cfg80211: failed to load regulatory.db
Jul  7 10:53:17 aascedu kernel: ALSA device list:
Jul  7 10:53:17 aascedu kernel:   No soundcards found.
Jul  7 10:53:18 aascedu kernel: input: ImExPS/2 Generic Explorer Mouse as /devices/platform/i8042/serio1/input/input3
Jul  7 10:53:18 aascedu kernel: md: Waiting for all devices to be available before autodetect
Jul  7 10:53:18 aascedu kernel: md: If you don't use raid, use raid=noautodetect
Jul  7 10:53:18 aascedu kernel: md: Autodetecting RAID arrays.
Jul  7 10:53:18 aascedu kernel: md: autorun ...
Jul  7 10:53:18 aascedu kernel: md: ... autorun DONE.
Jul  7 10:53:18 aascedu kernel: EXT4-fs (sda5): INFO: recovery required on readonly filesystem
Jul  7 10:53:18 aascedu kernel: EXT4-fs (sda5): write access will be enabled during recovery
Jul  7 10:53:19 aascedu kernel: EXT4-fs (sda5): recovery complete
Jul  7 10:53:19 aascedu kernel: EXT4-fs (sda5): mounted filesystem b4d7eb2a-b4ac-4ed8-99e4-9064ea766d25 ro with ordered data mode. Quota mode: none.
Jul  7 10:53:19 aascedu kernel: VFS: Mounted root (ext4 filesystem) readonly on device 8:5.
Jul  7 10:53:19 aascedu kernel: devtmpfs: mounted
Jul  7 10:53:19 aascedu kernel: Freeing unused kernel image (initmem) memory: 2812K
Jul  7 10:53:19 aascedu kernel: Write protecting the kernel read-only data: 28672k
Jul  7 10:53:19 aascedu kernel: Freeing unused kernel image (text/rodata gap) memory: 1672K
Jul  7 10:53:19 aascedu kernel: Freeing unused kernel image (rodata/data gap) memory: 804K
Jul  7 10:53:19 aascedu kernel: x86/mm: Checked W+X mappings: passed, no W+X pages found.
Jul  7 10:53:19 aascedu kernel: x86/mm: Checking user space page tables
Jul  7 10:53:19 aascedu kernel: x86/mm: Checked W+X mappings: passed, no W+X pages found.
Jul  7 10:53:19 aascedu kernel: Run /sbin/init as init process
Jul  7 10:53:19 aascedu kernel:   with arguments:
Jul  7 10:53:19 aascedu kernel:     /sbin/init
Jul  7 10:53:19 aascedu kernel:   with environment:
Jul  7 10:53:19 aascedu kernel:     HOME=/
Jul  7 10:53:19 aascedu kernel:     TERM=linux
Jul  7 10:53:19 aascedu kernel:     BOOT_IMAGE=/vmlinuz-6.16.1-aascedu
Jul  7 10:53:19 aascedu kernel: stty (174) used greatest stack depth: 12840 bytes left
Jul  7 10:53:19 aascedu kernel: dmesg (175) used greatest stack depth: 12816 bytes left
Jul  7 10:53:19 aascedu kernel: mountpoint (184) used greatest stack depth: 12720 bytes left
Jul  7 10:53:19 aascedu kernel: mkdir (187) used greatest stack depth: 12520 bytes left
Jul  7 10:53:20 aascedu kernel: sed (194) used greatest stack depth: 12264 bytes left
Jul  7 10:53:20 aascedu kernel: e1000 0000:00:03.0 ens3: renamed from eth0
Jul  7 10:53:21 aascedu kernel: Adding 2097148k swap on /dev/sda4.  Priority:1 extents:1 across:2097148k 
Jul  7 10:53:21 aascedu kernel: EXT4-fs (sda5): re-mounted b4d7eb2a-b4ac-4ed8-99e4-9064ea766d25.
Jul  7 10:53:22 aascedu kernel: EXT4-fs (sda5): re-mounted b4d7eb2a-b4ac-4ed8-99e4-9064ea766d25 r/w.
Jul  7 10:53:22 aascedu kernel: EXT4-fs (sda3): mounting ext2 file system using the ext4 subsystem
Jul  7 10:53:22 aascedu kernel: EXT4-fs (sda3): mounted filesystem 625a4ecc-c41c-46bf-bba8-be9d697adec1 r/w without journal. Quota mode: none.
Jul  7 10:53:27 aascedu kernel: hrtimer: interrupt took 5076775 ns
Jul  7 10:53:30 aascedu kernel: e1000: ens3 NIC Link is Up 1000 Mbps Full Duplex, Flow Control: RX
Jul  7 11:14:52 aascedu kernel: kworker/u80:0 (12) used greatest stack depth: 12040 bytes left
Jul  7 11:50:30 aascedu kernel: clocksource: Long readout interval, skipping watchdog check: cs_nsec: 1060493884 wd_nsec: 1060493402
Jul  7 14:12:24 aascedu kernel: Linux version 7.2.0-rc2 (root@aascedu) (gcc (GCC) 15.2.0, GNU ld (GNU Binutils) 2.45) #1 SMP PREEMPT_DYNAMIC Tue Jul  7 11:59:26 CEST 2026
Jul  7 14:12:24 aascedu kernel: Command line: BOOT_IMAGE=/vmlinuz-7.2.0 root=/dev/sda5 ro
Jul  7 14:12:24 aascedu kernel: x86/CPU: Model not found in latest microcode list
Jul  7 14:12:24 aascedu kernel: BIOS-provided physical RAM map:
Jul  7 14:12:24 aascedu kernel: BIOS-e820: [mem 0x0000000000000000-0x000000000009fbff]  System RAM
Jul  7 14:12:24 aascedu kernel: BIOS-e820: [mem 0x000000000009fc00-0x000000000009ffff]  device reserved
Jul  7 14:12:24 aascedu kernel: BIOS-e820: [gap 0x00000000000a0000-0x00000000000effff]
Jul  7 14:12:24 aascedu kernel: BIOS-e820: [mem 0x00000000000f0000-0x00000000000fffff]  device reserved
Jul  7 14:12:24 aascedu kernel: BIOS-e820: [mem 0x0000000000100000-0x00000000bffdffff]  System RAM
Jul  7 14:12:24 aascedu kernel: BIOS-e820: [mem 0x00000000bffe0000-0x00000000bfffffff]  device reserved
Jul  7 14:12:24 aascedu kernel: BIOS-e820: [gap 0x00000000c0000000-0x00000000feffbfff]
Jul  7 14:12:24 aascedu kernel: BIOS-e820: [mem 0x00000000feffc000-0x00000000feffffff]  device reserved
Jul  7 14:12:24 aascedu kernel: BIOS-e820: [gap 0x00000000ff000000-0x00000000fffbffff]
Jul  7 14:12:24 aascedu kernel: BIOS-e820: [mem 0x00000000fffc0000-0x00000000ffffffff]  device reserved
Jul  7 14:12:24 aascedu kernel: BIOS-e820: [mem 0x0000000100000000-0x000000023fffffff]  System RAM
Jul  7 14:12:24 aascedu kernel: NX (Execute Disable) protection: active
Jul  7 14:12:24 aascedu kernel: APIC: Static calls initialized
Jul  7 14:12:24 aascedu kernel: DMI: SMBIOS 2.8 present.
Jul  7 14:12:24 aascedu kernel: DMI: QEMU Standard PC (i440FX + PIIX, 1996), BIOS 1.15.0-1 04/01/2014
Jul  7 14:12:24 aascedu kernel: DMI: Memory slots populated: 1/1
Jul  7 14:12:24 aascedu kernel: Hypervisor detected: KVM
Jul  7 14:12:24 aascedu kernel: last_pfn = 0xbffe0 max_arch_pfn = 0x400000000
Jul  7 14:12:24 aascedu kernel: kvm-clock: Using msrs 4b564d01 and 4b564d00
Jul  7 14:12:24 aascedu kernel: kvm-clock: using sched offset of 568683122264 cycles
Jul  7 14:12:24 aascedu kernel: clocksource: kvm-clock: mask: 0xffffffffffffffff max_cycles: 0x1cd42e4dffb, max_idle_ns: 881590591483 ns
Jul  7 14:12:24 aascedu kernel: tsc: Detected 3407.998 MHz processor
Jul  7 14:12:24 aascedu kernel: e820: update [mem 0x00000000-0x00000fff] System RAM ==> device reserved
Jul  7 14:12:24 aascedu kernel: e820: remove [mem 0x000a0000-0x000fffff] System RAM
Jul  7 14:12:24 aascedu kernel: last_pfn = 0x240000 max_arch_pfn = 0x400000000
Jul  7 14:12:24 aascedu kernel: MTRR map: 4 entries (3 fixed + 1 variable; max 19), built from 8 variable MTRRs
Jul  7 14:12:24 aascedu kernel: x86/PAT: Configuration [0-7]: WB  WC  UC- UC  WB  WP  UC- WT  
Jul  7 14:12:24 aascedu kernel: last_pfn = 0xbffe0 max_arch_pfn = 0x400000000
Jul  7 14:12:24 aascedu kernel: found SMP MP-table at [mem 0x000f5b90-0x000f5b9f]
Jul  7 14:12:24 aascedu kernel: Using GB pages for direct mapping
Jul  7 14:12:24 aascedu kernel: ACPI: Early table checksum verification disabled
Jul  7 14:12:24 aascedu kernel: ACPI: RSDP 0x00000000000F59B0 000014 (v00 BOCHS )
Jul  7 14:12:24 aascedu kernel: ACPI: RSDT 0x00000000BFFE1FFD 000034 (v01 BOCHS  BXPC     00000001 BXPC 00000001)
Jul  7 14:12:24 aascedu kernel: ACPI: FACP 0x00000000BFFE1E19 000074 (v01 BOCHS  BXPC     00000001 BXPC 00000001)
Jul  7 14:12:24 aascedu kernel: ACPI: DSDT 0x00000000BFFE0040 001DD9 (v01 BOCHS  BXPC     00000001 BXPC 00000001)
Jul  7 14:12:24 aascedu kernel: ACPI: FACS 0x00000000BFFE0000 000040
Jul  7 14:12:24 aascedu kernel: ACPI: APIC 0x00000000BFFE1E8D 000110 (v01 BOCHS  BXPC     00000001 BXPC 00000001)
Jul  7 14:12:24 aascedu kernel: ACPI: HPET 0x00000000BFFE1F9D 000038 (v01 BOCHS  BXPC     00000001 BXPC 00000001)
Jul  7 14:12:24 aascedu kernel: ACPI: WAET 0x00000000BFFE1FD5 000028 (v01 BOCHS  BXPC     00000001 BXPC 00000001)
Jul  7 14:12:24 aascedu kernel: ACPI: Reserving FACP table memory at [mem 0xbffe1e19-0xbffe1e8c]
Jul  7 14:12:24 aascedu kernel: ACPI: Reserving DSDT table memory at [mem 0xbffe0040-0xbffe1e18]
Jul  7 14:12:24 aascedu kernel: ACPI: Reserving FACS table memory at [mem 0xbffe0000-0xbffe003f]
Jul  7 14:12:24 aascedu kernel: ACPI: Reserving APIC table memory at [mem 0xbffe1e8d-0xbffe1f9c]
Jul  7 14:12:24 aascedu kernel: ACPI: Reserving HPET table memory at [mem 0xbffe1f9d-0xbffe1fd4]
Jul  7 14:12:24 aascedu kernel: ACPI: Reserving WAET table memory at [mem 0xbffe1fd5-0xbffe1ffc]
Jul  7 14:12:24 aascedu kernel: No NUMA configuration found
Jul  7 14:12:24 aascedu kernel: Faking a node at [mem 0x0000000000000000-0x000000023fffffff]
Jul  7 14:12:24 aascedu kernel: NODE_DATA(0) allocated [mem 0x23fffa680-0x23fffdfff]
Jul  7 14:12:24 aascedu kernel: ACPI: PM-Timer IO Port: 0x608
Jul  7 14:12:24 aascedu kernel: ACPI: LAPIC_NMI (acpi_id[0xff] dfl dfl lint[0x1])
Jul  7 14:12:24 aascedu kernel: IOAPIC[0]: apic_id 0, version 17, address 0xfec00000, GSI 0-23
Jul  7 14:12:24 aascedu kernel: ACPI: INT_SRC_OVR (bus 0 bus_irq 0 global_irq 2 dfl dfl)
Jul  7 14:12:24 aascedu kernel: ACPI: INT_SRC_OVR (bus 0 bus_irq 5 global_irq 5 high level)
Jul  7 14:12:24 aascedu kernel: ACPI: INT_SRC_OVR (bus 0 bus_irq 9 global_irq 9 high level)
Jul  7 14:12:24 aascedu kernel: ACPI: INT_SRC_OVR (bus 0 bus_irq 10 global_irq 10 high level)
Jul  7 14:12:24 aascedu kernel: ACPI: INT_SRC_OVR (bus 0 bus_irq 11 global_irq 11 high level)
Jul  7 14:12:24 aascedu kernel: ACPI: Using ACPI (MADT) for SMP configuration information
Jul  7 14:12:24 aascedu kernel: ACPI: HPET id: 0x8086a201 base: 0xfed00000
Jul  7 14:12:24 aascedu kernel: TSC deadline timer available
Jul  7 14:12:24 aascedu kernel: CPU topo: Max. logical packages:   1
Jul  7 14:12:24 aascedu kernel: CPU topo: Max. logical nodes:      1
Jul  7 14:12:24 aascedu kernel: CPU topo: Num. nodes per package:  1
Jul  7 14:12:24 aascedu kernel: CPU topo: Max. logical dies:       1
Jul  7 14:12:24 aascedu kernel: CPU topo: Max. dies per package:   1
Jul  7 14:12:24 aascedu kernel: CPU topo: Max. threads per core:   1
Jul  7 14:12:24 aascedu kernel: CPU topo: Num. cores per package:    20
Jul  7 14:12:24 aascedu kernel: CPU topo: Num. threads per package:  20
Jul  7 14:12:24 aascedu kernel: CPU topo: Allowing 20 present CPUs plus 0 hotplug CPUs
Jul  7 14:12:24 aascedu kernel: kvm-guest: APIC: eoi() replaced with kvm_guest_apic_eoi_write()
Jul  7 14:12:24 aascedu kernel: kvm-guest: KVM setup pv remote TLB flush
Jul  7 14:12:24 aascedu kernel: kvm-guest: setup PV sched yield
Jul  7 14:12:24 aascedu kernel: PM: hibernation: Registered nosave memory: [mem 0x00000000-0x00000fff]
Jul  7 14:12:24 aascedu kernel: PM: hibernation: Registered nosave memory: [mem 0x0009f000-0x000fffff]
Jul  7 14:12:24 aascedu kernel: PM: hibernation: Registered nosave memory: [mem 0xbffe0000-0xffffffff]
Jul  7 14:12:24 aascedu kernel: [gap 0xc0000000-0xfeffbfff] available for PCI devices
Jul  7 14:12:24 aascedu kernel: Booting paravirtualized kernel on KVM
Jul  7 14:12:24 aascedu kernel: clocksource: refined-jiffies: mask: 0xffffffff max_cycles: 0xffffffff, max_idle_ns: 1910969940391419 ns
Jul  7 14:12:24 aascedu kernel: Zone ranges:
Jul  7 14:12:24 aascedu kernel:   DMA      [mem 0x0000000000001000-0x0000000000ffffff]
Jul  7 14:12:24 aascedu kernel:   DMA32    [mem 0x0000000001000000-0x00000000ffffffff]
Jul  7 14:12:24 aascedu kernel:   Normal   [mem 0x0000000100000000-0x000000023fffffff]
Jul  7 14:12:24 aascedu kernel: Movable zone start for each node
Jul  7 14:12:24 aascedu kernel: Early memory node ranges
Jul  7 14:12:24 aascedu kernel:   node   0: [mem 0x0000000000001000-0x000000000009efff]
Jul  7 14:12:24 aascedu kernel:   node   0: [mem 0x0000000000100000-0x00000000bffdffff]
Jul  7 14:12:24 aascedu kernel:   node   0: [mem 0x0000000100000000-0x000000023fffffff]
Jul  7 14:12:24 aascedu kernel: Initmem setup node 0 [mem 0x0000000000001000-0x000000023fffffff]
Jul  7 14:12:24 aascedu kernel: On node 0, zone DMA: 1 pages in unavailable ranges
Jul  7 14:12:24 aascedu kernel: On node 0, zone DMA: 97 pages in unavailable ranges
Jul  7 14:12:24 aascedu kernel: On node 0, zone Normal: 32 pages in unavailable ranges
Jul  7 14:12:24 aascedu kernel: setup_percpu: NR_CPUS:64 nr_cpumask_bits:20 nr_cpu_ids:20 nr_node_ids:1
Jul  7 14:12:24 aascedu kernel: percpu: Embedded 52 pages/cpu s176088 r8192 d28712 u262144
Jul  7 14:12:24 aascedu kernel: pcpu-alloc: s176088 r8192 d28712 u262144 alloc=1*2097152
Jul  7 14:12:24 aascedu kernel: pcpu-alloc: [0] 00 01 02 03 04 05 06 07 [0] 08 09 10 11 12 13 14 15 
Jul  7 14:12:24 aascedu kernel: pcpu-alloc: [0] 16 17 18 19 -- -- -- -- 
Jul  7 14:12:24 aascedu kernel: Kernel command line: BOOT_IMAGE=/vmlinuz-7.2.0 root=/dev/sda5 ro
Jul  7 14:12:24 aascedu kernel: random: crng init done
Jul  7 14:12:24 aascedu kernel: printk: log buffer data + meta data: 262144 + 917504 = 1179648 bytes
Jul  7 14:12:24 aascedu kernel: Dentry cache hash table entries: 1048576 (order: 11, 8388608 bytes, linear)
Jul  7 14:12:24 aascedu kernel: Inode-cache hash table entries: 524288 (order: 10, 4194304 bytes, linear)
Jul  7 14:12:24 aascedu kernel: software IO TLB: area num 32.
Jul  7 14:12:24 aascedu kernel: Fallback order for Node 0: 0 
Jul  7 14:12:24 aascedu kernel: Built 1 zonelists, mobility grouping on.  Total pages: 2097022
Jul  7 14:12:24 aascedu kernel: Policy zone: Normal
Jul  7 14:12:24 aascedu kernel: mem auto-init: stack:all(zero), heap alloc:off, heap free:off
Jul  7 14:12:24 aascedu kernel: SLUB: HWalign=64, Order=0-3, MinObjects=0, CPUs=20, Nodes=1
Jul  7 14:12:24 aascedu kernel: Kernel/User page tables isolation: enabled
Jul  7 14:12:24 aascedu kernel: Dynamic Preempt: lazy
Jul  7 14:12:24 aascedu kernel: rcu: Preemptible hierarchical RCU implementation.
Jul  7 14:12:24 aascedu kernel: rcu: \x09RCU event tracing is enabled.
Jul  7 14:12:24 aascedu kernel: rcu: \x09RCU restricting CPUs from NR_CPUS=64 to nr_cpu_ids=20.
Jul  7 14:12:24 aascedu kernel: \x09Trampoline variant of Tasks RCU enabled.
Jul  7 14:12:24 aascedu kernel: \x09Tracing variant of Tasks RCU enabled.
Jul  7 14:12:24 aascedu kernel: rcu: RCU calculated value of scheduler-enlistment delay is 100 jiffies.
Jul  7 14:12:24 aascedu kernel: rcu: Adjusting geometry for rcu_fanout_leaf=16, nr_cpu_ids=20
Jul  7 14:12:24 aascedu kernel: RCU Tasks: Setting shift to 5 and lim to 1 rcu_task_cb_adjust=1 rcu_task_cpu_ids=20.
Jul  7 14:12:24 aascedu kernel: NR_IRQS: 4352, nr_irqs: 584, preallocated irqs: 16
Jul  7 14:12:24 aascedu kernel: rcu: srcu_init: Setting srcu_struct sizes based on contention.
Jul  7 14:12:24 aascedu kernel: clocksource: jiffies: mask: 0xffffffff max_cycles: 0xffffffff, max_idle_ns: 1911260446275000 ns
Jul  7 14:12:24 aascedu kernel: Console: colour dummy device 80x25
Jul  7 14:12:24 aascedu kernel: printk: legacy console [tty0] enabled
Jul  7 14:12:24 aascedu kernel: ACPI: Core revision 20260408
Jul  7 14:12:24 aascedu kernel: clocksource: hpet: mask: 0xffffffff max_cycles: 0xffffffff, max_idle_ns: 19112604467 ns
Jul  7 14:12:24 aascedu kernel: APIC: Switch to symmetric I/O mode setup
Jul  7 14:12:24 aascedu kernel: x2apic enabled
Jul  7 14:12:24 aascedu kernel: APIC: Switched APIC routing to: physical x2apic
Jul  7 14:12:24 aascedu kernel: kvm-guest: APIC: send_IPI_mask() replaced with kvm_send_ipi_mask()
Jul  7 14:12:24 aascedu kernel: kvm-guest: APIC: send_IPI_mask_allbutself() replaced with kvm_send_ipi_mask_allbutself()
Jul  7 14:12:24 aascedu kernel: kvm-guest: setup PV IPIs
Jul  7 14:12:24 aascedu kernel: ..TIMER: vector=0x30 apic1=0 pin1=2 apic2=-1 pin2=-1
Jul  7 14:12:24 aascedu kernel: clocksource: tsc-early: mask: 0xffffffffffffffff max_cycles: 0x311fd208cfc, max_idle_ns: 440795283699 ns
Jul  7 14:12:24 aascedu kernel: Calibrating delay loop (skipped) preset value.. 6815.99 BogoMIPS (lpj=3407998)
Jul  7 14:12:24 aascedu kernel: x86/cpu: User Mode Instruction Prevention (UMIP) activated
Jul  7 14:12:24 aascedu kernel: Last level iTLB entries: 4KB 0, 2MB 0, 4MB 0
Jul  7 14:12:24 aascedu kernel: Last level dTLB entries: 4KB 0, 2MB 0, 4MB 0, 1GB 0
Jul  7 14:12:24 aascedu kernel: mitigations: Enabled attack vectors: user_kernel, user_user, SMT mitigations: auto
Jul  7 14:12:24 aascedu kernel: Speculative Store Bypass: Mitigation: Speculative Store Bypass disabled via prctl
Jul  7 14:12:24 aascedu kernel: SRBDS: Unknown: Dependent on hypervisor status
Jul  7 14:12:24 aascedu kernel: Spectre V2 : Mitigation: IBRS
Jul  7 14:12:24 aascedu kernel: RETBleed: Mitigation: IBRS
Jul  7 14:12:24 aascedu kernel: ITS: Mitigation: Aligned branch/return thunks
Jul  7 14:12:24 aascedu kernel: MDS: Mitigation: Clear CPU buffers
Jul  7 14:12:24 aascedu kernel: MMIO Stale Data: Vulnerable: Clear CPU buffers attempted, no microcode
Jul  7 14:12:24 aascedu kernel: Spectre V1 : Mitigation: usercopy/swapgs barriers and __user pointer sanitization
Jul  7 14:12:24 aascedu kernel: Spectre V2 : Spectre v2 / SpectreRSB: Filling RSB on context switch and VMEXIT
Jul  7 14:12:24 aascedu kernel: Spectre V2 : mitigation: Enabling conditional Indirect Branch Prediction Barrier
Jul  7 14:12:24 aascedu kernel: GDS: Unknown: Dependent on hypervisor status
Jul  7 14:12:24 aascedu kernel: active return thunk: its_return_thunk
Jul  7 14:12:24 aascedu kernel: x86/fpu: Supporting XSAVE feature 0x001: 'x87 floating point registers'
Jul  7 14:12:24 aascedu kernel: x86/fpu: Supporting XSAVE feature 0x002: 'SSE registers'
Jul  7 14:12:24 aascedu kernel: x86/fpu: Supporting XSAVE feature 0x004: 'AVX registers'
Jul  7 14:12:24 aascedu kernel: x86/fpu: Supporting XSAVE feature 0x008: 'MPX bounds registers'
Jul  7 14:12:24 aascedu kernel: x86/fpu: Supporting XSAVE feature 0x010: 'MPX CSR'
Jul  7 14:12:24 aascedu kernel: x86/fpu: xstate_offset[2]:  576, xstate_sizes[2]:  256
Jul  7 14:12:24 aascedu kernel: x86/fpu: xstate_offset[3]:  832, xstate_sizes[3]:   64
Jul  7 14:12:24 aascedu kernel: x86/fpu: xstate_offset[4]:  896, xstate_sizes[4]:   64
Jul  7 14:12:24 aascedu kernel: x86/fpu: Enabled xstate features 0x1f, context size is 960 bytes, using 'compacted' format.
Jul  7 14:12:24 aascedu kernel: pid_max: default: 32768 minimum: 301
Jul  7 14:12:24 aascedu kernel: SELinux:  Initializing.
Jul  7 14:12:24 aascedu kernel: Mount-cache hash table entries: 16384 (order: 5, 131072 bytes, linear)
Jul  7 14:12:24 aascedu kernel: Mountpoint-cache hash table entries: 16384 (order: 5, 131072 bytes, linear)
Jul  7 14:12:24 aascedu kernel: VFS: Finished mounting rootfs on nullfs
Jul  7 14:12:24 aascedu kernel: smpboot: CPU0: Intel(R) Core(TM) i5-7500 CPU @ 3.40GHz (family: 0x6, model: 0x9e, stepping: 0x9)
Jul  7 14:12:24 aascedu kernel: Performance Events: Skylake events, full-width counters, Intel PMU driver.
Jul  7 14:12:24 aascedu kernel: ... version:                   2
Jul  7 14:12:24 aascedu kernel: ... bit width:                 48
Jul  7 14:12:24 aascedu kernel: ... generic counters:          8
Jul  7 14:12:24 aascedu kernel: ... generic bitmap:            00000000000000ff
Jul  7 14:12:24 aascedu kernel: ... fixed-purpose counters:    3
Jul  7 14:12:24 aascedu kernel: ... fixed-purpose bitmap:      0000000000000007
Jul  7 14:12:24 aascedu kernel: ... value mask:                0000ffffffffffff
Jul  7 14:12:24 aascedu kernel: ... max period:                00007fffffffffff
Jul  7 14:12:24 aascedu kernel: ... global_ctrl mask:          00000007000000ff
Jul  7 14:12:24 aascedu kernel: signal: max sigframe size: 2032
Jul  7 14:12:24 aascedu kernel: rcu: Hierarchical SRCU implementation.
Jul  7 14:12:24 aascedu kernel: rcu: \x09Max phase no-delay instances is 400.
Jul  7 14:12:24 aascedu kernel: Timer migration: 2 hierarchy levels; 8 children per group; 2 crossnode level
Jul  7 14:12:24 aascedu kernel: smp: Bringing up secondary CPUs ...
Jul  7 14:12:24 aascedu kernel: smpboot: x86: Booting SMP configuration:
Jul  7 14:12:24 aascedu kernel: .... node  #0, CPUs:        #1  #2  #3  #4  #5  #6  #7  #8  #9 #10 #11 #12 #13 #14 #15 #16 #17 #18 #19
Jul  7 14:12:24 aascedu kernel: smp: Brought up 1 node, 20 CPUs
Jul  7 14:12:24 aascedu kernel: smpboot: Total of 20 processors activated (136319.92 BogoMIPS)
Jul  7 14:12:24 aascedu kernel: Memory: 8117072K/8388088K available (19820K kernel code, 3016K rwdata, 8200K rodata, 2936K init, 612K bss, 257984K reserved, 0K cma-reserved)
Jul  7 14:12:24 aascedu kernel: devtmpfs: initialized
Jul  7 14:12:24 aascedu kernel: posixtimers hash table entries: 16384 (order: 6, 262144 bytes, linear)
Jul  7 14:12:24 aascedu kernel: futex hash table entries: 8192 (524288 bytes on 1 NUMA nodes, total 512 KiB, linear).
Jul  7 14:12:24 aascedu kernel: PM: RTC time: 12:12:24, date: 2026-07-07
Jul  7 14:12:24 aascedu kernel: NET: Registered PF_NETLINK/PF_ROUTE protocol family
Jul  7 14:12:24 aascedu kernel: audit: initializing netlink subsys (disabled)
Jul  7 14:12:24 aascedu kernel: audit: type=2000 audit(1783426345.392:1): state=initialized audit_enabled=0 res=1
Jul  7 14:12:24 aascedu kernel: thermal_sys: Registered thermal governor 'step_wise'
Jul  7 14:12:24 aascedu kernel: cpuidle: using governor menu
Jul  7 14:12:24 aascedu kernel: Freeing SMP alternatives memory: 56K
Jul  7 14:12:24 aascedu kernel: PCI: Using configuration type 1 for base access
Jul  7 14:12:24 aascedu kernel: kprobes: kprobe jump-optimization is enabled. All kprobes are optimized if possible.
Jul  7 14:12:24 aascedu kernel: HugeTLB: registered 2.00 MiB page size, pre-allocated 0 pages
Jul  7 14:12:24 aascedu kernel: HugeTLB: 28 KiB vmemmap can be freed for a 2.00 MiB page
Jul  7 14:12:24 aascedu kernel: ACPI: Added _OSI(Module Device)
Jul  7 14:12:24 aascedu kernel: ACPI: Added _OSI(Processor Device)
Jul  7 14:12:24 aascedu kernel: ACPI: Added _OSI(Processor Aggregator Device)
Jul  7 14:12:24 aascedu kernel: ACPI: 1 ACPI AML tables successfully acquired and loaded
Jul  7 14:12:24 aascedu kernel: ACPI: \x5c_SB_: platform _OSC: OS support mask [002a7eee]
Jul  7 14:12:24 aascedu kernel: ACPI: Interpreter enabled
Jul  7 14:12:24 aascedu kernel: ACPI: PM: (supports S0 S3 S4 S5)
Jul  7 14:12:24 aascedu kernel: ACPI: Using IOAPIC for interrupt routing
Jul  7 14:12:24 aascedu kernel: PCI: Using host bridge windows from ACPI; if necessary, use "pci=nocrs" and report a bug
Jul  7 14:12:24 aascedu kernel: PCI: Using E820 reservations for host bridge windows
Jul  7 14:12:24 aascedu kernel: ACPI: Enabled 2 GPEs in block 00 to 0F
Jul  7 14:12:24 aascedu kernel: ACPI: PCI Root Bridge [PCI0] (domain 0000 [bus 00-ff])
Jul  7 14:12:24 aascedu kernel: acpi PNP0A03:00: _OSC: OS supports [ASPM ClockPM Segments MSI HPX-Type3]
Jul  7 14:12:24 aascedu kernel: acpi PNP0A03:00: _OSC: not requesting OS control; OS requires [ExtendedConfig ASPM ClockPM MSI]
Jul  7 14:12:24 aascedu kernel: acpi PNP0A03:00: _OSC: platform retains control of PCIe features (AE_ERROR)
Jul  7 14:12:24 aascedu kernel: acpi PNP0A03:00: fail to add MMCONFIG information, can't access extended configuration space under this bridge
Jul  7 14:12:24 aascedu kernel: PCI host bridge to bus 0000:00
Jul  7 14:12:24 aascedu kernel: pci_bus 0000:00: root bus resource [io  0x0000-0x0cf7 window]
Jul  7 14:12:24 aascedu kernel: pci_bus 0000:00: root bus resource [io  0x0d00-0xffff window]
Jul  7 14:12:24 aascedu kernel: pci_bus 0000:00: root bus resource [mem 0x000a0000-0x000bffff window]
Jul  7 14:12:24 aascedu kernel: pci_bus 0000:00: root bus resource [mem 0xc0000000-0xfebfffff window]
Jul  7 14:12:24 aascedu kernel: pci_bus 0000:00: root bus resource [mem 0x240000000-0x2bfffffff window]
Jul  7 14:12:24 aascedu kernel: pci_bus 0000:00: root bus resource [bus 00-ff]
Jul  7 14:12:24 aascedu kernel: pci 0000:00:00.0: [8086:1237] type 00 class 0x060000 conventional PCI endpoint
Jul  7 14:12:24 aascedu kernel: pci 0000:00:01.0: [8086:7000] type 00 class 0x060100 conventional PCI endpoint
Jul  7 14:12:24 aascedu kernel: pci 0000:00:01.1: [8086:7010] type 00 class 0x010180 conventional PCI endpoint
Jul  7 14:12:24 aascedu kernel: pci 0000:00:01.1: BAR 4 [io  0xc040-0xc04f]
Jul  7 14:12:24 aascedu kernel: pci 0000:00:01.1: BAR 0 [io  0x01f0-0x01f7]: legacy IDE quirk
Jul  7 14:12:24 aascedu kernel: pci 0000:00:01.1: BAR 1 [io  0x03f6]: legacy IDE quirk
Jul  7 14:12:24 aascedu kernel: pci 0000:00:01.1: BAR 2 [io  0x0170-0x0177]: legacy IDE quirk
Jul  7 14:12:24 aascedu kernel: pci 0000:00:01.1: BAR 3 [io  0x0376]: legacy IDE quirk
Jul  7 14:12:24 aascedu kernel: pci 0000:00:01.3: [8086:7113] type 00 class 0x068000 conventional PCI endpoint
Jul  7 14:12:24 aascedu kernel: pci 0000:00:01.3: quirk: [io  0x0600-0x063f] claimed by PIIX4 ACPI
Jul  7 14:12:24 aascedu kernel: pci 0000:00:01.3: quirk: [io  0x0700-0x070f] claimed by PIIX4 SMB
Jul  7 14:12:24 aascedu kernel: pci 0000:00:02.0: [1af4:1050] type 00 class 0x030000 conventional PCI endpoint
Jul  7 14:12:24 aascedu kernel: pci 0000:00:02.0: BAR 0 [mem 0xfe000000-0xfe7fffff pref]
Jul  7 14:12:24 aascedu kernel: pci 0000:00:02.0: BAR 2 [mem 0xfe800000-0xfe803fff 64bit pref]
Jul  7 14:12:24 aascedu kernel: pci 0000:00:02.0: BAR 4 [mem 0xfebb0000-0xfebb0fff]
Jul  7 14:12:24 aascedu kernel: pci 0000:00:02.0: ROM [mem 0xfeba0000-0xfebaffff pref]
Jul  7 14:12:24 aascedu kernel: pci 0000:00:02.0: Video device with shadowed ROM at [mem 0x000c0000-0x000dffff]
Jul  7 14:12:24 aascedu kernel: pci 0000:00:03.0: [8086:100e] type 00 class 0x020000 conventional PCI endpoint
Jul  7 14:12:24 aascedu kernel: pci 0000:00:03.0: BAR 0 [mem 0xfeb80000-0xfeb9ffff]
Jul  7 14:12:24 aascedu kernel: pci 0000:00:03.0: BAR 1 [io  0xc000-0xc03f]
Jul  7 14:12:24 aascedu kernel: pci 0000:00:03.0: ROM [mem 0xfeb00000-0xfeb7ffff pref]
Jul  7 14:12:24 aascedu kernel: ACPI: PCI: Interrupt link LNKA configured for IRQ 10
Jul  7 14:12:24 aascedu kernel: ACPI: PCI: Interrupt link LNKB configured for IRQ 10
Jul  7 14:12:24 aascedu kernel: ACPI: PCI: Interrupt link LNKC configured for IRQ 11
Jul  7 14:12:24 aascedu kernel: ACPI: PCI: Interrupt link LNKD configured for IRQ 11
Jul  7 14:12:24 aascedu kernel: ACPI: PCI: Interrupt link LNKS configured for IRQ 9
Jul  7 14:12:24 aascedu kernel: iommu: Default domain type: Translated
Jul  7 14:12:24 aascedu kernel: iommu: DMA domain TLB invalidation policy: lazy mode
Jul  7 14:12:24 aascedu kernel: SCSI subsystem initialized
Jul  7 14:12:24 aascedu kernel: libata version 3.00 loaded.
Jul  7 14:12:24 aascedu kernel: ACPI: bus type USB registered
Jul  7 14:12:24 aascedu kernel: usbcore: registered new interface driver usbfs
Jul  7 14:12:24 aascedu kernel: usbcore: registered new interface driver hub
Jul  7 14:12:24 aascedu kernel: usbcore: registered new device driver usb
Jul  7 14:12:24 aascedu kernel: pps_core: LinuxPPS API ver. 1 registered
Jul  7 14:12:24 aascedu kernel: pps_core: Software ver. 5.3.6 - Copyright 2005-2007 Rodolfo Giometti <giometti@linux.it>
Jul  7 14:12:24 aascedu kernel: PTP clock support registered
Jul  7 14:12:24 aascedu kernel: Advanced Linux Sound Architecture Driver Initialized.
Jul  7 14:12:24 aascedu kernel: NetLabel: Initializing
Jul  7 14:12:24 aascedu kernel: NetLabel:  domain hash size = 128
Jul  7 14:12:24 aascedu kernel: NetLabel:  protocols = UNLABELED CIPSOv4 CALIPSO
Jul  7 14:12:24 aascedu kernel: NetLabel:  unlabeled traffic allowed by default
Jul  7 14:12:24 aascedu kernel: PCI: Using ACPI for IRQ routing
Jul  7 14:12:24 aascedu kernel: PCI: pci_cache_line_size set to 64 bytes
Jul  7 14:12:24 aascedu kernel: e820: register RAM buffer resource [mem 0x0009fc00-0x0009ffff]
Jul  7 14:12:24 aascedu kernel: e820: register RAM buffer resource [mem 0xbffe0000-0xbfffffff]
Jul  7 14:12:24 aascedu kernel: pci 0000:00:02.0: vgaarb: setting as boot VGA device
Jul  7 14:12:24 aascedu kernel: pci 0000:00:02.0: vgaarb: bridge control possible
Jul  7 14:12:24 aascedu kernel: pci 0000:00:02.0: vgaarb: VGA device added: decodes=io+mem,owns=io+mem,locks=none
Jul  7 14:12:24 aascedu kernel: vgaarb: loaded
Jul  7 14:12:24 aascedu kernel: hpet0: at MMIO 0xfed00000, IRQs 2, 8, 0
Jul  7 14:12:24 aascedu kernel: hpet0: 3 comparators, 64-bit 100.000000 MHz counter
Jul  7 14:12:24 aascedu kernel: clocksource: Switched to clocksource kvm-clock
Jul  7 14:12:24 aascedu kernel: VFS: Disk quotas dquot_6.6.0
Jul  7 14:12:24 aascedu kernel: VFS: Dquot-cache hash table entries: 512 (4096 bytes)
Jul  7 14:12:24 aascedu kernel: pnp: PnP ACPI init
Jul  7 14:12:24 aascedu kernel: pnp 00:02: [dma 2]
Jul  7 14:12:24 aascedu kernel: pnp: PnP ACPI: found 5 devices
Jul  7 14:12:24 aascedu kernel: clocksource: acpi_pm: mask: 0xffffff max_cycles: 0xffffff, max_idle_ns: 2085701024 ns
Jul  7 14:12:24 aascedu kernel: NET: Registered PF_INET protocol family
Jul  7 14:12:24 aascedu kernel: IP idents hash table entries: 131072 (order: 8, 1048576 bytes, linear)
Jul  7 14:12:24 aascedu kernel: tcp_listen_portaddr_hash hash table entries: 4096 (order: 4, 65536 bytes, linear)
Jul  7 14:12:24 aascedu kernel: Table-perturb hash table entries: 65536 (order: 6, 262144 bytes, linear)
Jul  7 14:12:24 aascedu kernel: TCP established hash table entries: 65536 (order: 7, 524288 bytes, linear)
Jul  7 14:12:24 aascedu kernel: TCP bind hash table entries: 65536 (order: 9, 2097152 bytes, linear)
Jul  7 14:12:24 aascedu kernel: TCP: Hash tables configured (established 65536 bind 65536)
Jul  7 14:12:24 aascedu kernel: UDP hash table entries: 4096 (order: 6, 262144 bytes, linear)
Jul  7 14:12:24 aascedu kernel: NET: Registered PF_UNIX/PF_LOCAL protocol family
Jul  7 14:12:24 aascedu kernel: RPC: Registered named UNIX socket transport module.
Jul  7 14:12:24 aascedu kernel: RPC: Registered udp transport module.
Jul  7 14:12:24 aascedu kernel: RPC: Registered tcp transport module.
Jul  7 14:12:24 aascedu kernel: RPC: Registered tcp-with-tls transport module.
Jul  7 14:12:24 aascedu kernel: RPC: Registered tcp NFSv4.1 backchannel transport module.
Jul  7 14:12:24 aascedu kernel: pci_bus 0000:00: resource 4 [io  0x0000-0x0cf7 window]
Jul  7 14:12:24 aascedu kernel: pci_bus 0000:00: resource 5 [io  0x0d00-0xffff window]
Jul  7 14:12:24 aascedu kernel: pci_bus 0000:00: resource 6 [mem 0x000a0000-0x000bffff window]
Jul  7 14:12:24 aascedu kernel: pci_bus 0000:00: resource 7 [mem 0xc0000000-0xfebfffff window]
Jul  7 14:12:24 aascedu kernel: pci_bus 0000:00: resource 8 [mem 0x240000000-0x2bfffffff window]
Jul  7 14:12:24 aascedu kernel: pci 0000:00:01.0: PIIX3: Enabling Passive Release
Jul  7 14:12:24 aascedu kernel: pci 0000:00:00.0: Limiting direct PCI/PCI transfers
Jul  7 14:12:24 aascedu kernel: PCI: CLS 0 bytes, default 64
Jul  7 14:12:24 aascedu kernel: PCI-DMA: Using software bounce buffering for IO (SWIOTLB)
Jul  7 14:12:24 aascedu kernel: software IO TLB: mapped [mem 0x00000000bbfe0000-0x00000000bffe0000] (64MB)
Jul  7 14:12:24 aascedu kernel: RAPL PMU: API unit is 2^-32 Joules, 0 fixed counters, 10737418240 ms ovfl timer
Jul  7 14:12:24 aascedu kernel: clocksource: tsc: mask: 0xffffffffffffffff max_cycles: 0x311fd208cfc, max_idle_ns: 440795283699 ns
Jul  7 14:12:24 aascedu kernel: Initialise system trusted keyrings
Jul  7 14:12:24 aascedu kernel: workingset: timestamp_bits=40 (anon: 35) max_order=21 bucket_order=0 (anon: 0)
Jul  7 14:12:24 aascedu kernel: NFS: Registering the id_resolver key type
Jul  7 14:12:24 aascedu kernel: Key type id_resolver registered
Jul  7 14:12:24 aascedu kernel: Key type id_legacy registered
Jul  7 14:12:24 aascedu kernel: nfs4filelayout_init: NFSv4 File Layout Driver Registering...
Jul  7 14:12:24 aascedu kernel: nfs4flexfilelayout_init: NFSv4 Flexfile Layout Driver Registering...
Jul  7 14:12:24 aascedu kernel: 9p: Installing v9fs 9p2000 file system support
Jul  7 14:12:24 aascedu kernel: Key type asymmetric registered
Jul  7 14:12:24 aascedu kernel: Asymmetric key parser 'x509' registered
Jul  7 14:12:24 aascedu kernel: Block layer SCSI generic (bsg) driver version 0.4 loaded (major 251)
Jul  7 14:12:24 aascedu kernel: io scheduler mq-deadline registered
Jul  7 14:12:24 aascedu kernel: io scheduler kyber registered
Jul  7 14:12:24 aascedu kernel: input: Power Button as /devices/platform/LNXPWRBN:00/input/input0
Jul  7 14:12:24 aascedu kernel: ACPI: button: Power Button [PWRF]
Jul  7 14:12:24 aascedu kernel: ACPI: \x5c_SB_.LNKB: Enabled at IRQ 10
Jul  7 14:12:24 aascedu kernel: Serial: 8250/16550 driver, 4 ports, IRQ sharing enabled
Jul  7 14:12:24 aascedu kernel: 00:04: ttyS0 at I/O 0x3f8 (irq = 4, base_baud = 115200) is a 16550A
Jul  7 14:12:24 aascedu kernel: Non-volatile memory driver v1.3
Jul  7 14:12:24 aascedu kernel: ACPI: bus type drm_connector registered
Jul  7 14:12:24 aascedu kernel: [drm] pci: virtio-vga detected at 0000:00:02.0
Jul  7 14:12:24 aascedu kernel: virtio-pci 0000:00:02.0: vgaarb: deactivate vga console
Jul  7 14:12:24 aascedu kernel: [drm] features: -virgl +edid -resource_blob -host_visible
Jul  7 14:12:24 aascedu kernel: [drm] features: -context_init -blob_alignment
Jul  7 14:12:24 aascedu kernel: [drm] number of scanouts: 1
Jul  7 14:12:24 aascedu kernel: [drm] number of cap sets: 0
Jul  7 14:12:24 aascedu kernel: virtio-pci 0000:00:02.0: [drm] Registered 1 planes with drm panic
Jul  7 14:12:24 aascedu kernel: [drm] Initialized virtio_gpu 0.1.0 for 0000:00:02.0 on minor 0
Jul  7 14:12:24 aascedu kernel: fbcon: virtio_gpudrmfb (fb0) is primary device
Jul  7 14:12:24 aascedu kernel: Console: switching to colour frame buffer device 80x30
Jul  7 14:12:24 aascedu kernel: virtio-pci 0000:00:02.0: [drm] fb0: virtio_gpudrmfb frame buffer device
Jul  7 14:12:24 aascedu kernel: loop: module loaded
Jul  7 14:12:24 aascedu kernel: scsi host0: ata_piix
Jul  7 14:12:24 aascedu kernel: scsi host1: ata_piix
Jul  7 14:12:24 aascedu kernel: ata1: PATA max MWDMA2 cmd 0x1f0 ctl 0x3f6 bmdma 0xc040 irq 14 lpm-pol 0
Jul  7 14:12:24 aascedu kernel: ata2: PATA max MWDMA2 cmd 0x170 ctl 0x376 bmdma 0xc048 irq 15 lpm-pol 0
Jul  7 14:12:24 aascedu kernel: e100: Intel(R) PRO/100 Network Driver
Jul  7 14:12:24 aascedu kernel: e100: Copyright(c) 1999-2006 Intel Corporation
Jul  7 14:12:24 aascedu kernel: e1000: Intel(R) PRO/1000 Network Driver
Jul  7 14:12:24 aascedu kernel: e1000: Copyright (c) 1999-2006 Intel Corporation.
Jul  7 14:12:24 aascedu kernel: ACPI: \x5c_SB_.LNKC: Enabled at IRQ 11
Jul  7 14:12:24 aascedu kernel: ata2: found unknown device (class 0)
Jul  7 14:12:24 aascedu kernel: ata1: found unknown device (class 0)
Jul  7 14:12:24 aascedu kernel: ata1.00: Model 'QEMU HARDDISK', rev '2.5+', applying quirks: bridgeok
Jul  7 14:12:24 aascedu kernel: ata1.00: ATA-7: QEMU HARDDISK, 2.5+, max UDMA/100
Jul  7 14:12:24 aascedu kernel: ata1.00: 83886080 sectors, multi 16: LBA48 
Jul  7 14:12:24 aascedu kernel: ata2.00: ATAPI: QEMU DVD-ROM, 2.5+, max UDMA/100
Jul  7 14:12:24 aascedu kernel: scsi 0:0:0:0: Direct-Access     ATA      QEMU HARDDISK    2.5+ PQ: 0 ANSI: 5
Jul  7 14:12:24 aascedu kernel: sd 0:0:0:0: [sda] 83886080 512-byte logical blocks: (42.9 GB/40.0 GiB)
Jul  7 14:12:24 aascedu kernel: sd 0:0:0:0: [sda] Write Protect is off
Jul  7 14:12:24 aascedu kernel: sd 0:0:0:0: [sda] Mode Sense: 00 3a 00 00
Jul  7 14:12:24 aascedu kernel: sd 0:0:0:0: [sda] Write cache: enabled, read cache: enabled, doesn't support DPO or FUA
Jul  7 14:12:24 aascedu kernel: sd 0:0:0:0: [sda] Preferred minimum I/O size 512 bytes
Jul  7 14:12:24 aascedu kernel: sd 0:0:0:0: Attached scsi generic sg0 type 0
Jul  7 14:12:24 aascedu kernel: scsi 1:0:0:0: CD-ROM            QEMU     QEMU DVD-ROM     2.5+ PQ: 0 ANSI: 5
Jul  7 14:12:24 aascedu kernel:  sda: sda1 sda3 sda4 sda5
Jul  7 14:12:24 aascedu kernel: sd 0:0:0:0: [sda] Attached SCSI disk
Jul  7 14:12:24 aascedu kernel: sr 1:0:0:0: [sr0] scsi3-mmc drive: 4x/4x cd/rw xa/form2 tray
Jul  7 14:12:24 aascedu kernel: cdrom: Uniform CD-ROM driver Revision: 3.20
Jul  7 14:12:24 aascedu kernel: sr 1:0:0:0: Attached scsi CD-ROM sr0
Jul  7 14:12:24 aascedu kernel: sr 1:0:0:0: Attached scsi generic sg1 type 5
Jul  7 14:12:24 aascedu kernel: e1000 0000:00:03.0 eth0: (PCI:33MHz:32-bit) 52:54:00:12:34:56
Jul  7 14:12:24 aascedu kernel: e1000 0000:00:03.0 eth0: Intel(R) PRO/1000 Network Connection
Jul  7 14:12:24 aascedu kernel: e1000e: Intel(R) PRO/1000 Network Driver
Jul  7 14:12:24 aascedu kernel: e1000e: Copyright(c) 1999 - 2015 Intel Corporation.
Jul  7 14:12:24 aascedu kernel: sky2: driver version 1.30
Jul  7 14:12:24 aascedu kernel: usbcore: registered new interface driver usblp
Jul  7 14:12:24 aascedu kernel: usbcore: registered new interface driver usb-storage
Jul  7 14:12:24 aascedu kernel: i8042: PNP: PS/2 Controller [PNP0303:KBD,PNP0f13:MOU] at 0x60,0x64 irq 1,12
Jul  7 14:12:24 aascedu kernel: serio: i8042 KBD port at 0x60,0x64 irq 1
Jul  7 14:12:24 aascedu kernel: serio: i8042 AUX port at 0x60,0x64 irq 12
Jul  7 14:12:24 aascedu kernel: rtc_cmos PNP0B00:00: RTC can wake from S4
Jul  7 14:12:24 aascedu kernel: rtc_cmos PNP0B00:00: registered as rtc0
Jul  7 14:12:24 aascedu kernel: rtc_cmos PNP0B00:00: alarms up to one day, y3k, 242 bytes nvram, hpet irqs
Jul  7 14:12:24 aascedu kernel: device-mapper: ioctl: 4.50.0-ioctl (2025-04-28) initialised: dm-devel@lists.linux.dev
Jul  7 14:12:24 aascedu kernel: intel_pstate: CPU model not supported
Jul  7 14:12:24 aascedu kernel: hid: raw HID events driver (C) Jiri Kosina
Jul  7 14:12:24 aascedu kernel: usbcore: registered new interface driver usbhid
Jul  7 14:12:24 aascedu kernel: usbhid: USB HID core driver
Jul  7 14:12:24 aascedu kernel: input: AT Translated Set 2 keyboard as /devices/platform/i8042/serio0/input/input1
Jul  7 14:12:24 aascedu kernel: nf_conntrack_irc: The irc conntrack helper is scheduled for removal.\x0aPlease contact the netfilter-devel mailing list if you still need this.
Jul  7 14:12:24 aascedu kernel: Initializing XFRM netlink socket
Jul  7 14:12:24 aascedu kernel: NET: Registered PF_INET6 protocol family
Jul  7 14:12:24 aascedu kernel: Segment Routing with IPv6
Jul  7 14:12:24 aascedu kernel: In-situ OAM (IOAM) with IPv6
Jul  7 14:12:24 aascedu kernel: NET: Registered PF_PACKET protocol family
Jul  7 14:12:24 aascedu kernel: 9pnet: Installing 9P2000 support
Jul  7 14:12:24 aascedu kernel: Key type dns_resolver registered
Jul  7 14:12:24 aascedu kernel: IPI shorthand broadcast: enabled
Jul  7 14:12:24 aascedu kernel: sched_clock: Marking stable (793006699, 1435027)->(881885019, -87443293)
Jul  7 14:12:24 aascedu kernel: registered taskstats version 1
Jul  7 14:12:24 aascedu kernel: Loading compiled-in X.509 certificates
Jul  7 14:12:24 aascedu kernel: Demotion targets for Node 0: null
Jul  7 14:12:24 aascedu kernel: PM:   Magic number: 2:970:227
Jul  7 14:12:24 aascedu kernel: netconsole: network logging started
Jul  7 14:12:24 aascedu kernel: cfg80211: Loading compiled-in X.509 certificates for regulatory database
Jul  7 14:12:24 aascedu kernel: kworker/u81:3 (164) used greatest stack depth: 14032 bytes left
Jul  7 14:12:24 aascedu kernel: Loaded X.509 cert 'sforshee: 00b28ddf47aef9cea7'
Jul  7 14:12:24 aascedu kernel: Loaded X.509 cert 'wens: 61c038651aabdcf94bd0ac7ff06c7248db18c600'
Jul  7 14:12:24 aascedu kernel: ALSA device list:
Jul  7 14:12:24 aascedu kernel:   No soundcards found.
Jul  7 14:12:24 aascedu kernel: faux_driver regulatory: Direct firmware load for regulatory.db failed with error -2
Jul  7 14:12:24 aascedu kernel: cfg80211: failed to load regulatory.db
Jul  7 14:12:25 aascedu kernel: input: ImExPS/2 Generic Explorer Mouse as /devices/platform/i8042/serio1/input/input3
Jul  7 14:12:25 aascedu kernel: md: Waiting for all devices to be available before autodetect
Jul  7 14:12:25 aascedu kernel: md: If you don't use raid, use raid=noautodetect
Jul  7 14:12:25 aascedu kernel: md: Autodetecting RAID arrays.
Jul  7 14:12:25 aascedu kernel: md: autorun ...
Jul  7 14:12:25 aascedu kernel: md: ... autorun DONE.
Jul  7 14:12:25 aascedu kernel: EXT4-fs (sda5): mounted filesystem b4d7eb2a-b4ac-4ed8-99e4-9064ea766d25 ro with ordered data mode. Quota mode: none.
Jul  7 14:12:25 aascedu kernel: VFS: Mounted root (ext4 filesystem) readonly on device 8:5.
Jul  7 14:12:25 aascedu kernel: devtmpfs: mounted
Jul  7 14:12:25 aascedu kernel: VFS: Pivoted into new rootfs
Jul  7 14:12:25 aascedu kernel: Freeing unused kernel image (initmem) memory: 2936K
Jul  7 14:12:25 aascedu kernel: Write protecting the kernel read-only data: 30720k
Jul  7 14:12:25 aascedu kernel: Freeing unused kernel image (text/rodata gap) memory: 656K
Jul  7 14:12:25 aascedu kernel: Freeing unused kernel image (rodata/data gap) memory: 2040K
Jul  7 14:12:25 aascedu kernel: x86/mm: Checked W+X mappings: passed, no W+X pages found.
Jul  7 14:12:25 aascedu kernel: x86/mm: Checking user space page tables
Jul  7 14:12:25 aascedu kernel: x86/mm: Checked W+X mappings: passed, no W+X pages found.
Jul  7 14:12:25 aascedu kernel: Run /sbin/init as init process
Jul  7 14:12:25 aascedu kernel:   with arguments:
Jul  7 14:12:25 aascedu kernel:     /sbin/init
Jul  7 14:12:25 aascedu kernel:   with environment:
Jul  7 14:12:25 aascedu kernel:     HOME=/
Jul  7 14:12:25 aascedu kernel:     TERM=linux
Jul  7 14:12:25 aascedu kernel: stty (175) used greatest stack depth: 12568 bytes left
Jul  7 14:12:25 aascedu kernel: echo (191) used greatest stack depth: 12528 bytes left
Jul  7 14:12:25 aascedu kernel: sed (195) used greatest stack depth: 12168 bytes left
Jul  7 14:12:27 aascedu kernel: e1000 0000:00:03.0 ens3: renamed from eth0
Jul  7 14:12:27 aascedu kernel: Adding 2097148k swap on /dev/sda4.  Priority:1 extents:1 across:2097148k 
Jul  7 14:12:27 aascedu kernel: EXT4-fs (sda5): re-mounted b4d7eb2a-b4ac-4ed8-99e4-9064ea766d25.
Jul  7 14:12:28 aascedu kernel: EXT4-fs (sda5): re-mounted b4d7eb2a-b4ac-4ed8-99e4-9064ea766d25 r/w.
Jul  7 14:12:28 aascedu kernel: EXT4-fs (sda3): mounting ext2 file system using the ext4 subsystem
Jul  7 14:12:28 aascedu kernel: EXT4-fs (sda3): mounted filesystem 625a4ecc-c41c-46bf-bba8-be9d697adec1 r/w without journal. Quota mode: none.
Jul  7 14:12:38 aascedu kernel: e1000: ens3 NIC Link is Up 1000 Mbps Full Duplex, Flow Control: RX
Jul  7 14:14:18 aascedu kernel: Linux version 7.2.0-rc2 (root@aascedu) (gcc (GCC) 15.2.0, GNU ld (GNU Binutils) 2.45) #1 SMP PREEMPT_DYNAMIC Tue Jul  7 11:59:26 CEST 2026
Jul  7 14:14:18 aascedu kernel: Command line: BOOT_IMAGE=/vmlinuz-7.2.0 root=/dev/sda5 ro
Jul  7 14:14:18 aascedu kernel: x86/CPU: Model not found in latest microcode list
Jul  7 14:14:18 aascedu kernel: BIOS-provided physical RAM map:
Jul  7 14:14:18 aascedu kernel: BIOS-e820: [mem 0x0000000000000000-0x000000000009fbff]  System RAM
Jul  7 14:14:18 aascedu kernel: BIOS-e820: [mem 0x000000000009fc00-0x000000000009ffff]  device reserved
Jul  7 14:14:18 aascedu kernel: BIOS-e820: [gap 0x00000000000a0000-0x00000000000effff]
Jul  7 14:14:18 aascedu kernel: BIOS-e820: [mem 0x00000000000f0000-0x00000000000fffff]  device reserved
Jul  7 14:14:18 aascedu kernel: BIOS-e820: [mem 0x0000000000100000-0x00000000bffdffff]  System RAM
Jul  7 14:14:18 aascedu kernel: BIOS-e820: [mem 0x00000000bffe0000-0x00000000bfffffff]  device reserved
Jul  7 14:14:18 aascedu kernel: BIOS-e820: [gap 0x00000000c0000000-0x00000000feffbfff]
Jul  7 14:14:18 aascedu kernel: BIOS-e820: [mem 0x00000000feffc000-0x00000000feffffff]  device reserved
Jul  7 14:14:18 aascedu kernel: BIOS-e820: [gap 0x00000000ff000000-0x00000000fffbffff]
Jul  7 14:14:18 aascedu kernel: BIOS-e820: [mem 0x00000000fffc0000-0x00000000ffffffff]  device reserved
Jul  7 14:14:18 aascedu kernel: BIOS-e820: [mem 0x0000000100000000-0x000000023fffffff]  System RAM
Jul  7 14:14:18 aascedu kernel: NX (Execute Disable) protection: active
Jul  7 14:14:18 aascedu kernel: APIC: Static calls initialized
Jul  7 14:14:18 aascedu kernel: DMI: SMBIOS 2.8 present.
Jul  7 14:14:18 aascedu kernel: DMI: QEMU Standard PC (i440FX + PIIX, 1996), BIOS 1.15.0-1 04/01/2014
Jul  7 14:14:18 aascedu kernel: DMI: Memory slots populated: 1/1
Jul  7 14:14:18 aascedu kernel: Hypervisor detected: KVM
Jul  7 14:14:18 aascedu kernel: last_pfn = 0xbffe0 max_arch_pfn = 0x400000000
Jul  7 14:14:18 aascedu kernel: kvm-clock: Using msrs 4b564d01 and 4b564d00
Jul  7 14:14:18 aascedu kernel: kvm-clock: using sched offset of 682896346492 cycles
Jul  7 14:14:18 aascedu kernel: clocksource: kvm-clock: mask: 0xffffffffffffffff max_cycles: 0x1cd42e4dffb, max_idle_ns: 881590591483 ns
Jul  7 14:14:18 aascedu kernel: tsc: Detected 3407.998 MHz processor
Jul  7 14:14:18 aascedu kernel: e820: update [mem 0x00000000-0x00000fff] System RAM ==> device reserved
Jul  7 14:14:18 aascedu kernel: e820: remove [mem 0x000a0000-0x000fffff] System RAM
Jul  7 14:14:18 aascedu kernel: last_pfn = 0x240000 max_arch_pfn = 0x400000000
Jul  7 14:14:18 aascedu kernel: MTRR map: 4 entries (3 fixed + 1 variable; max 19), built from 8 variable MTRRs
Jul  7 14:14:18 aascedu kernel: x86/PAT: Configuration [0-7]: WB  WC  UC- UC  WB  WP  UC- WT  
Jul  7 14:14:18 aascedu kernel: last_pfn = 0xbffe0 max_arch_pfn = 0x400000000
Jul  7 14:14:18 aascedu kernel: found SMP MP-table at [mem 0x000f5b90-0x000f5b9f]
Jul  7 14:14:18 aascedu kernel: Using GB pages for direct mapping
Jul  7 14:14:18 aascedu kernel: ACPI: Early table checksum verification disabled
Jul  7 14:14:18 aascedu kernel: ACPI: RSDP 0x00000000000F59B0 000014 (v00 BOCHS )
Jul  7 14:14:18 aascedu kernel: ACPI: RSDT 0x00000000BFFE1FFD 000034 (v01 BOCHS  BXPC     00000001 BXPC 00000001)
Jul  7 14:14:18 aascedu kernel: ACPI: FACP 0x00000000BFFE1E19 000074 (v01 BOCHS  BXPC     00000001 BXPC 00000001)
Jul  7 14:14:18 aascedu kernel: ACPI: DSDT 0x00000000BFFE0040 001DD9 (v01 BOCHS  BXPC     00000001 BXPC 00000001)
Jul  7 14:14:18 aascedu kernel: ACPI: FACS 0x00000000BFFE0000 000040
Jul  7 14:14:18 aascedu kernel: ACPI: APIC 0x00000000BFFE1E8D 000110 (v01 BOCHS  BXPC     00000001 BXPC 00000001)
Jul  7 14:14:18 aascedu kernel: ACPI: HPET 0x00000000BFFE1F9D 000038 (v01 BOCHS  BXPC     00000001 BXPC 00000001)
Jul  7 14:14:18 aascedu kernel: ACPI: WAET 0x00000000BFFE1FD5 000028 (v01 BOCHS  BXPC     00000001 BXPC 00000001)
Jul  7 14:14:18 aascedu kernel: ACPI: Reserving FACP table memory at [mem 0xbffe1e19-0xbffe1e8c]
Jul  7 14:14:18 aascedu kernel: ACPI: Reserving DSDT table memory at [mem 0xbffe0040-0xbffe1e18]
Jul  7 14:14:18 aascedu kernel: ACPI: Reserving FACS table memory at [mem 0xbffe0000-0xbffe003f]
Jul  7 14:14:18 aascedu kernel: ACPI: Reserving APIC table memory at [mem 0xbffe1e8d-0xbffe1f9c]
Jul  7 14:14:18 aascedu kernel: ACPI: Reserving HPET table memory at [mem 0xbffe1f9d-0xbffe1fd4]
Jul  7 14:14:18 aascedu kernel: ACPI: Reserving WAET table memory at [mem 0xbffe1fd5-0xbffe1ffc]
Jul  7 14:14:18 aascedu kernel: No NUMA configuration found
Jul  7 14:14:18 aascedu kernel: Faking a node at [mem 0x0000000000000000-0x000000023fffffff]
Jul  7 14:14:18 aascedu kernel: NODE_DATA(0) allocated [mem 0x23fffa680-0x23fffdfff]
Jul  7 14:14:18 aascedu kernel: ACPI: PM-Timer IO Port: 0x608
Jul  7 14:14:18 aascedu kernel: ACPI: LAPIC_NMI (acpi_id[0xff] dfl dfl lint[0x1])
Jul  7 14:14:18 aascedu kernel: IOAPIC[0]: apic_id 0, version 17, address 0xfec00000, GSI 0-23
Jul  7 14:14:18 aascedu kernel: ACPI: INT_SRC_OVR (bus 0 bus_irq 0 global_irq 2 dfl dfl)
Jul  7 14:14:18 aascedu kernel: ACPI: INT_SRC_OVR (bus 0 bus_irq 5 global_irq 5 high level)
Jul  7 14:14:18 aascedu kernel: ACPI: INT_SRC_OVR (bus 0 bus_irq 9 global_irq 9 high level)
Jul  7 14:14:18 aascedu kernel: ACPI: INT_SRC_OVR (bus 0 bus_irq 10 global_irq 10 high level)
Jul  7 14:14:18 aascedu kernel: ACPI: INT_SRC_OVR (bus 0 bus_irq 11 global_irq 11 high level)
Jul  7 14:14:18 aascedu kernel: ACPI: Using ACPI (MADT) for SMP configuration information
Jul  7 14:14:18 aascedu kernel: ACPI: HPET id: 0x8086a201 base: 0xfed00000
Jul  7 14:14:18 aascedu kernel: TSC deadline timer available
Jul  7 14:14:18 aascedu kernel: CPU topo: Max. logical packages:   1
Jul  7 14:14:18 aascedu kernel: CPU topo: Max. logical nodes:      1
Jul  7 14:14:18 aascedu kernel: CPU topo: Num. nodes per package:  1
Jul  7 14:14:18 aascedu kernel: CPU topo: Max. logical dies:       1
Jul  7 14:14:18 aascedu kernel: CPU topo: Max. dies per package:   1
Jul  7 14:14:18 aascedu kernel: CPU topo: Max. threads per core:   1
Jul  7 14:14:18 aascedu kernel: CPU topo: Num. cores per package:    20
Jul  7 14:14:18 aascedu kernel: CPU topo: Num. threads per package:  20
Jul  7 14:14:18 aascedu kernel: CPU topo: Allowing 20 present CPUs plus 0 hotplug CPUs
Jul  7 14:14:18 aascedu kernel: kvm-guest: APIC: eoi() replaced with kvm_guest_apic_eoi_write()
Jul  7 14:14:18 aascedu kernel: kvm-guest: KVM setup pv remote TLB flush
Jul  7 14:14:18 aascedu kernel: kvm-guest: setup PV sched yield
Jul  7 14:14:18 aascedu kernel: PM: hibernation: Registered nosave memory: [mem 0x00000000-0x00000fff]
Jul  7 14:14:18 aascedu kernel: PM: hibernation: Registered nosave memory: [mem 0x0009f000-0x000fffff]
Jul  7 14:14:18 aascedu kernel: PM: hibernation: Registered nosave memory: [mem 0xbffe0000-0xffffffff]
Jul  7 14:14:18 aascedu kernel: [gap 0xc0000000-0xfeffbfff] available for PCI devices
Jul  7 14:14:18 aascedu kernel: Booting paravirtualized kernel on KVM
Jul  7 14:14:18 aascedu kernel: clocksource: refined-jiffies: mask: 0xffffffff max_cycles: 0xffffffff, max_idle_ns: 1910969940391419 ns
Jul  7 14:14:18 aascedu kernel: Zone ranges:
Jul  7 14:14:18 aascedu kernel:   DMA      [mem 0x0000000000001000-0x0000000000ffffff]
Jul  7 14:14:18 aascedu kernel:   DMA32    [mem 0x0000000001000000-0x00000000ffffffff]
Jul  7 14:14:18 aascedu kernel:   Normal   [mem 0x0000000100000000-0x000000023fffffff]
Jul  7 14:14:18 aascedu kernel: Movable zone start for each node
Jul  7 14:14:18 aascedu kernel: Early memory node ranges
Jul  7 14:14:18 aascedu kernel:   node   0: [mem 0x0000000000001000-0x000000000009efff]
Jul  7 14:14:18 aascedu kernel:   node   0: [mem 0x0000000000100000-0x00000000bffdffff]
Jul  7 14:14:18 aascedu kernel:   node   0: [mem 0x0000000100000000-0x000000023fffffff]
Jul  7 14:14:18 aascedu kernel: Initmem setup node 0 [mem 0x0000000000001000-0x000000023fffffff]
Jul  7 14:14:18 aascedu kernel: On node 0, zone DMA: 1 pages in unavailable ranges
Jul  7 14:14:18 aascedu kernel: On node 0, zone DMA: 97 pages in unavailable ranges
Jul  7 14:14:18 aascedu kernel: On node 0, zone Normal: 32 pages in unavailable ranges
Jul  7 14:14:18 aascedu kernel: setup_percpu: NR_CPUS:64 nr_cpumask_bits:20 nr_cpu_ids:20 nr_node_ids:1
Jul  7 14:14:18 aascedu kernel: percpu: Embedded 52 pages/cpu s176088 r8192 d28712 u262144
Jul  7 14:14:18 aascedu kernel: pcpu-alloc: s176088 r8192 d28712 u262144 alloc=1*2097152
Jul  7 14:14:18 aascedu kernel: pcpu-alloc: [0] 00 01 02 03 04 05 06 07 [0] 08 09 10 11 12 13 14 15 
Jul  7 14:14:18 aascedu kernel: pcpu-alloc: [0] 16 17 18 19 -- -- -- -- 
Jul  7 14:14:18 aascedu kernel: Kernel command line: BOOT_IMAGE=/vmlinuz-7.2.0 root=/dev/sda5 ro
Jul  7 14:14:18 aascedu kernel: random: crng init done
Jul  7 14:14:18 aascedu kernel: printk: log buffer data + meta data: 262144 + 917504 = 1179648 bytes
Jul  7 14:14:18 aascedu kernel: Dentry cache hash table entries: 1048576 (order: 11, 8388608 bytes, linear)
Jul  7 14:14:18 aascedu kernel: Inode-cache hash table entries: 524288 (order: 10, 4194304 bytes, linear)
Jul  7 14:14:18 aascedu kernel: software IO TLB: area num 32.
Jul  7 14:14:18 aascedu kernel: Fallback order for Node 0: 0 
Jul  7 14:14:18 aascedu kernel: Built 1 zonelists, mobility grouping on.  Total pages: 2097022
Jul  7 14:14:18 aascedu kernel: Policy zone: Normal
Jul  7 14:14:18 aascedu kernel: mem auto-init: stack:all(zero), heap alloc:off, heap free:off
Jul  7 14:14:18 aascedu kernel: SLUB: HWalign=64, Order=0-3, MinObjects=0, CPUs=20, Nodes=1
Jul  7 14:14:18 aascedu kernel: Kernel/User page tables isolation: enabled
Jul  7 14:14:18 aascedu kernel: Dynamic Preempt: lazy
Jul  7 14:14:18 aascedu kernel: rcu: Preemptible hierarchical RCU implementation.
Jul  7 14:14:18 aascedu kernel: rcu: \x09RCU event tracing is enabled.
Jul  7 14:14:18 aascedu kernel: rcu: \x09RCU restricting CPUs from NR_CPUS=64 to nr_cpu_ids=20.
Jul  7 14:14:18 aascedu kernel: \x09Trampoline variant of Tasks RCU enabled.
Jul  7 14:14:18 aascedu kernel: \x09Tracing variant of Tasks RCU enabled.
Jul  7 14:14:18 aascedu kernel: rcu: RCU calculated value of scheduler-enlistment delay is 100 jiffies.
Jul  7 14:14:18 aascedu kernel: rcu: Adjusting geometry for rcu_fanout_leaf=16, nr_cpu_ids=20
Jul  7 14:14:18 aascedu kernel: RCU Tasks: Setting shift to 5 and lim to 1 rcu_task_cb_adjust=1 rcu_task_cpu_ids=20.
Jul  7 14:14:18 aascedu kernel: NR_IRQS: 4352, nr_irqs: 584, preallocated irqs: 16
Jul  7 14:14:18 aascedu kernel: rcu: srcu_init: Setting srcu_struct sizes based on contention.
Jul  7 14:14:18 aascedu kernel: clocksource: jiffies: mask: 0xffffffff max_cycles: 0xffffffff, max_idle_ns: 1911260446275000 ns
Jul  7 14:14:18 aascedu kernel: Console: colour dummy device 80x25
Jul  7 14:14:18 aascedu kernel: printk: legacy console [tty0] enabled
Jul  7 14:14:18 aascedu kernel: ACPI: Core revision 20260408
Jul  7 14:14:18 aascedu kernel: clocksource: hpet: mask: 0xffffffff max_cycles: 0xffffffff, max_idle_ns: 19112604467 ns
Jul  7 14:14:18 aascedu kernel: APIC: Switch to symmetric I/O mode setup
Jul  7 14:14:18 aascedu kernel: x2apic enabled
Jul  7 14:14:18 aascedu kernel: APIC: Switched APIC routing to: physical x2apic
Jul  7 14:14:18 aascedu kernel: kvm-guest: APIC: send_IPI_mask() replaced with kvm_send_ipi_mask()
Jul  7 14:14:18 aascedu kernel: kvm-guest: APIC: send_IPI_mask_allbutself() replaced with kvm_send_ipi_mask_allbutself()
Jul  7 14:14:18 aascedu kernel: kvm-guest: setup PV IPIs
Jul  7 14:14:18 aascedu kernel: ..TIMER: vector=0x30 apic1=0 pin1=2 apic2=-1 pin2=-1
Jul  7 14:14:18 aascedu kernel: clocksource: tsc-early: mask: 0xffffffffffffffff max_cycles: 0x311fd208cfc, max_idle_ns: 440795283699 ns
Jul  7 14:14:18 aascedu kernel: Calibrating delay loop (skipped) preset value.. 6815.99 BogoMIPS (lpj=3407998)
Jul  7 14:14:18 aascedu kernel: x86/cpu: User Mode Instruction Prevention (UMIP) activated
Jul  7 14:14:18 aascedu kernel: Last level iTLB entries: 4KB 0, 2MB 0, 4MB 0
Jul  7 14:14:18 aascedu kernel: Last level dTLB entries: 4KB 0, 2MB 0, 4MB 0, 1GB 0
Jul  7 14:14:18 aascedu kernel: mitigations: Enabled attack vectors: user_kernel, user_user, SMT mitigations: auto
Jul  7 14:14:18 aascedu kernel: Speculative Store Bypass: Mitigation: Speculative Store Bypass disabled via prctl
Jul  7 14:14:18 aascedu kernel: SRBDS: Unknown: Dependent on hypervisor status
Jul  7 14:14:18 aascedu kernel: Spectre V2 : Mitigation: IBRS
Jul  7 14:14:18 aascedu kernel: RETBleed: Mitigation: IBRS
Jul  7 14:14:18 aascedu kernel: ITS: Mitigation: Aligned branch/return thunks
Jul  7 14:14:18 aascedu kernel: MDS: Mitigation: Clear CPU buffers
Jul  7 14:14:18 aascedu kernel: MMIO Stale Data: Vulnerable: Clear CPU buffers attempted, no microcode
Jul  7 14:14:18 aascedu kernel: Spectre V1 : Mitigation: usercopy/swapgs barriers and __user pointer sanitization
Jul  7 14:14:18 aascedu kernel: Spectre V2 : Spectre v2 / SpectreRSB: Filling RSB on context switch and VMEXIT
Jul  7 14:14:18 aascedu kernel: Spectre V2 : mitigation: Enabling conditional Indirect Branch Prediction Barrier
Jul  7 14:14:18 aascedu kernel: GDS: Unknown: Dependent on hypervisor status
Jul  7 14:14:18 aascedu kernel: active return thunk: its_return_thunk
Jul  7 14:14:18 aascedu kernel: x86/fpu: Supporting XSAVE feature 0x001: 'x87 floating point registers'
Jul  7 14:14:18 aascedu kernel: x86/fpu: Supporting XSAVE feature 0x002: 'SSE registers'
Jul  7 14:14:18 aascedu kernel: x86/fpu: Supporting XSAVE feature 0x004: 'AVX registers'
Jul  7 14:14:18 aascedu kernel: x86/fpu: Supporting XSAVE feature 0x008: 'MPX bounds registers'
Jul  7 14:14:18 aascedu kernel: x86/fpu: Supporting XSAVE feature 0x010: 'MPX CSR'
Jul  7 14:14:18 aascedu kernel: x86/fpu: xstate_offset[2]:  576, xstate_sizes[2]:  256
Jul  7 14:14:18 aascedu kernel: x86/fpu: xstate_offset[3]:  832, xstate_sizes[3]:   64
Jul  7 14:14:18 aascedu kernel: x86/fpu: xstate_offset[4]:  896, xstate_sizes[4]:   64
Jul  7 14:14:18 aascedu kernel: x86/fpu: Enabled xstate features 0x1f, context size is 960 bytes, using 'compacted' format.
Jul  7 14:14:18 aascedu kernel: pid_max: default: 32768 minimum: 301
Jul  7 14:14:18 aascedu kernel: SELinux:  Initializing.
Jul  7 14:14:18 aascedu kernel: Mount-cache hash table entries: 16384 (order: 5, 131072 bytes, linear)
Jul  7 14:14:18 aascedu kernel: Mountpoint-cache hash table entries: 16384 (order: 5, 131072 bytes, linear)
Jul  7 14:14:18 aascedu kernel: VFS: Finished mounting rootfs on nullfs
Jul  7 14:14:18 aascedu kernel: smpboot: CPU0: Intel(R) Core(TM) i5-7500 CPU @ 3.40GHz (family: 0x6, model: 0x9e, stepping: 0x9)
Jul  7 14:14:18 aascedu kernel: Performance Events: Skylake events, full-width counters, Intel PMU driver.
Jul  7 14:14:18 aascedu kernel: ... version:                   2
Jul  7 14:14:18 aascedu kernel: ... bit width:                 48
Jul  7 14:14:18 aascedu kernel: ... generic counters:          8
Jul  7 14:14:18 aascedu kernel: ... generic bitmap:            00000000000000ff
Jul  7 14:14:18 aascedu kernel: ... fixed-purpose counters:    3
Jul  7 14:14:18 aascedu kernel: ... fixed-purpose bitmap:      0000000000000007
Jul  7 14:14:18 aascedu kernel: ... value mask:                0000ffffffffffff
Jul  7 14:14:18 aascedu kernel: ... max period:                00007fffffffffff
Jul  7 14:14:18 aascedu kernel: ... global_ctrl mask:          00000007000000ff
Jul  7 14:14:18 aascedu kernel: signal: max sigframe size: 2032
Jul  7 14:14:18 aascedu kernel: rcu: Hierarchical SRCU implementation.
Jul  7 14:14:18 aascedu kernel: rcu: \x09Max phase no-delay instances is 400.
Jul  7 14:14:18 aascedu kernel: Timer migration: 2 hierarchy levels; 8 children per group; 2 crossnode level
Jul  7 14:14:18 aascedu kernel: smp: Bringing up secondary CPUs ...
Jul  7 14:14:18 aascedu kernel: smpboot: x86: Booting SMP configuration:
Jul  7 14:14:18 aascedu kernel: .... node  #0, CPUs:        #1  #2  #3  #4  #5  #6  #7  #8  #9 #10 #11 #12 #13 #14 #15 #16 #17 #18 #19
Jul  7 14:14:18 aascedu kernel: smp: Brought up 1 node, 20 CPUs
Jul  7 14:14:18 aascedu kernel: smpboot: Total of 20 processors activated (136319.92 BogoMIPS)
Jul  7 14:14:18 aascedu kernel: Memory: 8117304K/8388088K available (19820K kernel code, 3016K rwdata, 8200K rodata, 2936K init, 612K bss, 257992K reserved, 0K cma-reserved)
Jul  7 14:14:18 aascedu kernel: devtmpfs: initialized
Jul  7 14:14:18 aascedu kernel: posixtimers hash table entries: 16384 (order: 6, 262144 bytes, linear)
Jul  7 14:14:18 aascedu kernel: futex hash table entries: 8192 (524288 bytes on 1 NUMA nodes, total 512 KiB, linear).
Jul  7 14:14:18 aascedu kernel: PM: RTC time: 12:14:19, date: 2026-07-07
Jul  7 14:14:18 aascedu kernel: NET: Registered PF_NETLINK/PF_ROUTE protocol family
Jul  7 14:14:18 aascedu kernel: audit: initializing netlink subsys (disabled)
Jul  7 14:14:18 aascedu kernel: audit: type=2000 audit(1783426459.606:1): state=initialized audit_enabled=0 res=1
Jul  7 14:14:18 aascedu kernel: thermal_sys: Registered thermal governor 'step_wise'
Jul  7 14:14:18 aascedu kernel: cpuidle: using governor menu
Jul  7 14:14:18 aascedu kernel: Freeing SMP alternatives memory: 56K
Jul  7 14:14:18 aascedu kernel: PCI: Using configuration type 1 for base access
Jul  7 14:14:18 aascedu kernel: kprobes: kprobe jump-optimization is enabled. All kprobes are optimized if possible.
Jul  7 14:14:18 aascedu kernel: HugeTLB: registered 2.00 MiB page size, pre-allocated 0 pages
Jul  7 14:14:18 aascedu kernel: HugeTLB: 28 KiB vmemmap can be freed for a 2.00 MiB page
Jul  7 14:14:18 aascedu kernel: ACPI: Added _OSI(Module Device)
Jul  7 14:14:18 aascedu kernel: ACPI: Added _OSI(Processor Device)
Jul  7 14:14:18 aascedu kernel: ACPI: Added _OSI(Processor Aggregator Device)
Jul  7 14:14:18 aascedu kernel: ACPI: 1 ACPI AML tables successfully acquired and loaded
Jul  7 14:14:18 aascedu kernel: ACPI: \x5c_SB_: platform _OSC: OS support mask [002a7eee]
Jul  7 14:14:18 aascedu kernel: ACPI: Interpreter enabled
Jul  7 14:14:18 aascedu kernel: ACPI: PM: (supports S0 S3 S4 S5)
Jul  7 14:14:18 aascedu kernel: ACPI: Using IOAPIC for interrupt routing
Jul  7 14:14:18 aascedu kernel: PCI: Using host bridge windows from ACPI; if necessary, use "pci=nocrs" and report a bug
Jul  7 14:14:18 aascedu kernel: PCI: Using E820 reservations for host bridge windows
Jul  7 14:14:18 aascedu kernel: ACPI: Enabled 2 GPEs in block 00 to 0F
Jul  7 14:14:18 aascedu kernel: ACPI: PCI Root Bridge [PCI0] (domain 0000 [bus 00-ff])
Jul  7 14:14:18 aascedu kernel: acpi PNP0A03:00: _OSC: OS supports [ASPM ClockPM Segments MSI HPX-Type3]
Jul  7 14:14:18 aascedu kernel: acpi PNP0A03:00: _OSC: not requesting OS control; OS requires [ExtendedConfig ASPM ClockPM MSI]
Jul  7 14:14:18 aascedu kernel: acpi PNP0A03:00: _OSC: platform retains control of PCIe features (AE_ERROR)
Jul  7 14:14:18 aascedu kernel: acpi PNP0A03:00: fail to add MMCONFIG information, can't access extended configuration space under this bridge
Jul  7 14:14:18 aascedu kernel: PCI host bridge to bus 0000:00
Jul  7 14:14:18 aascedu kernel: pci_bus 0000:00: root bus resource [io  0x0000-0x0cf7 window]
Jul  7 14:14:18 aascedu kernel: pci_bus 0000:00: root bus resource [io  0x0d00-0xffff window]
Jul  7 14:14:18 aascedu kernel: pci_bus 0000:00: root bus resource [mem 0x000a0000-0x000bffff window]
Jul  7 14:14:18 aascedu kernel: pci_bus 0000:00: root bus resource [mem 0xc0000000-0xfebfffff window]
Jul  7 14:14:18 aascedu kernel: pci_bus 0000:00: root bus resource [mem 0x240000000-0x2bfffffff window]
Jul  7 14:14:18 aascedu kernel: pci_bus 0000:00: root bus resource [bus 00-ff]
Jul  7 14:14:18 aascedu kernel: pci 0000:00:00.0: [8086:1237] type 00 class 0x060000 conventional PCI endpoint
Jul  7 14:14:18 aascedu kernel: pci 0000:00:01.0: [8086:7000] type 00 class 0x060100 conventional PCI endpoint
Jul  7 14:14:18 aascedu kernel: pci 0000:00:01.1: [8086:7010] type 00 class 0x010180 conventional PCI endpoint
Jul  7 14:14:18 aascedu kernel: pci 0000:00:01.1: BAR 4 [io  0xc040-0xc04f]
Jul  7 14:14:18 aascedu kernel: pci 0000:00:01.1: BAR 0 [io  0x01f0-0x01f7]: legacy IDE quirk
Jul  7 14:14:18 aascedu kernel: pci 0000:00:01.1: BAR 1 [io  0x03f6]: legacy IDE quirk
Jul  7 14:14:18 aascedu kernel: pci 0000:00:01.1: BAR 2 [io  0x0170-0x0177]: legacy IDE quirk
Jul  7 14:14:18 aascedu kernel: pci 0000:00:01.1: BAR 3 [io  0x0376]: legacy IDE quirk
Jul  7 14:14:18 aascedu kernel: pci 0000:00:01.3: [8086:7113] type 00 class 0x068000 conventional PCI endpoint
Jul  7 14:14:18 aascedu kernel: pci 0000:00:01.3: quirk: [io  0x0600-0x063f] claimed by PIIX4 ACPI
Jul  7 14:14:18 aascedu kernel: pci 0000:00:01.3: quirk: [io  0x0700-0x070f] claimed by PIIX4 SMB
Jul  7 14:14:18 aascedu kernel: pci 0000:00:02.0: [1af4:1050] type 00 class 0x030000 conventional PCI endpoint
Jul  7 14:14:18 aascedu kernel: pci 0000:00:02.0: BAR 0 [mem 0xfe000000-0xfe7fffff pref]
Jul  7 14:14:18 aascedu kernel: pci 0000:00:02.0: BAR 2 [mem 0xfe800000-0xfe803fff 64bit pref]
Jul  7 14:14:18 aascedu kernel: pci 0000:00:02.0: BAR 4 [mem 0xfebb0000-0xfebb0fff]
Jul  7 14:14:18 aascedu kernel: pci 0000:00:02.0: ROM [mem 0xfeba0000-0xfebaffff pref]
Jul  7 14:14:18 aascedu kernel: pci 0000:00:02.0: Video device with shadowed ROM at [mem 0x000c0000-0x000dffff]
Jul  7 14:14:18 aascedu kernel: pci 0000:00:03.0: [8086:100e] type 00 class 0x020000 conventional PCI endpoint
Jul  7 14:14:18 aascedu kernel: pci 0000:00:03.0: BAR 0 [mem 0xfeb80000-0xfeb9ffff]
Jul  7 14:14:18 aascedu kernel: pci 0000:00:03.0: BAR 1 [io  0xc000-0xc03f]
Jul  7 14:14:18 aascedu kernel: pci 0000:00:03.0: ROM [mem 0xfeb00000-0xfeb7ffff pref]
Jul  7 14:14:18 aascedu kernel: ACPI: PCI: Interrupt link LNKA configured for IRQ 10
Jul  7 14:14:18 aascedu kernel: ACPI: PCI: Interrupt link LNKB configured for IRQ 10
Jul  7 14:14:18 aascedu kernel: ACPI: PCI: Interrupt link LNKC configured for IRQ 11
Jul  7 14:14:18 aascedu kernel: ACPI: PCI: Interrupt link LNKD configured for IRQ 11
Jul  7 14:14:18 aascedu kernel: ACPI: PCI: Interrupt link LNKS configured for IRQ 9
Jul  7 14:14:18 aascedu kernel: iommu: Default domain type: Translated
Jul  7 14:14:18 aascedu kernel: iommu: DMA domain TLB invalidation policy: lazy mode
Jul  7 14:14:18 aascedu kernel: SCSI subsystem initialized
Jul  7 14:14:18 aascedu kernel: libata version 3.00 loaded.
Jul  7 14:14:18 aascedu kernel: ACPI: bus type USB registered
Jul  7 14:14:18 aascedu kernel: usbcore: registered new interface driver usbfs
Jul  7 14:14:18 aascedu kernel: usbcore: registered new interface driver hub
Jul  7 14:14:18 aascedu kernel: usbcore: registered new device driver usb
Jul  7 14:14:18 aascedu kernel: pps_core: LinuxPPS API ver. 1 registered
Jul  7 14:14:18 aascedu kernel: pps_core: Software ver. 5.3.6 - Copyright 2005-2007 Rodolfo Giometti <giometti@linux.it>
Jul  7 14:14:18 aascedu kernel: PTP clock support registered
Jul  7 14:14:18 aascedu kernel: Advanced Linux Sound Architecture Driver Initialized.
Jul  7 14:14:18 aascedu kernel: NetLabel: Initializing
Jul  7 14:14:18 aascedu kernel: NetLabel:  domain hash size = 128
Jul  7 14:14:18 aascedu kernel: NetLabel:  protocols = UNLABELED CIPSOv4 CALIPSO
Jul  7 14:14:18 aascedu kernel: NetLabel:  unlabeled traffic allowed by default
Jul  7 14:14:18 aascedu kernel: PCI: Using ACPI for IRQ routing
Jul  7 14:14:18 aascedu kernel: PCI: pci_cache_line_size set to 64 bytes
Jul  7 14:14:18 aascedu kernel: e820: register RAM buffer resource [mem 0x0009fc00-0x0009ffff]
Jul  7 14:14:18 aascedu kernel: e820: register RAM buffer resource [mem 0xbffe0000-0xbfffffff]
Jul  7 14:14:18 aascedu kernel: pci 0000:00:02.0: vgaarb: setting as boot VGA device
Jul  7 14:14:18 aascedu kernel: pci 0000:00:02.0: vgaarb: bridge control possible
Jul  7 14:14:18 aascedu kernel: pci 0000:00:02.0: vgaarb: VGA device added: decodes=io+mem,owns=io+mem,locks=none
Jul  7 14:14:18 aascedu kernel: vgaarb: loaded
Jul  7 14:14:18 aascedu kernel: hpet0: at MMIO 0xfed00000, IRQs 2, 8, 0
Jul  7 14:14:18 aascedu kernel: hpet0: 3 comparators, 64-bit 100.000000 MHz counter
Jul  7 14:14:18 aascedu kernel: clocksource: Switched to clocksource kvm-clock
Jul  7 14:14:18 aascedu kernel: VFS: Disk quotas dquot_6.6.0
Jul  7 14:14:18 aascedu kernel: VFS: Dquot-cache hash table entries: 512 (4096 bytes)
Jul  7 14:14:18 aascedu kernel: pnp: PnP ACPI init
Jul  7 14:14:18 aascedu kernel: pnp 00:02: [dma 2]
Jul  7 14:14:18 aascedu kernel: pnp: PnP ACPI: found 5 devices
Jul  7 14:14:18 aascedu kernel: clocksource: acpi_pm: mask: 0xffffff max_cycles: 0xffffff, max_idle_ns: 2085701024 ns
Jul  7 14:14:18 aascedu kernel: NET: Registered PF_INET protocol family
Jul  7 14:14:18 aascedu kernel: IP idents hash table entries: 131072 (order: 8, 1048576 bytes, linear)
Jul  7 14:14:18 aascedu kernel: tcp_listen_portaddr_hash hash table entries: 4096 (order: 4, 65536 bytes, linear)
Jul  7 14:14:18 aascedu kernel: Table-perturb hash table entries: 65536 (order: 6, 262144 bytes, linear)
Jul  7 14:14:18 aascedu kernel: TCP established hash table entries: 65536 (order: 7, 524288 bytes, linear)
Jul  7 14:14:18 aascedu kernel: TCP bind hash table entries: 65536 (order: 9, 2097152 bytes, linear)
Jul  7 14:14:18 aascedu kernel: TCP: Hash tables configured (established 65536 bind 65536)
Jul  7 14:14:18 aascedu kernel: UDP hash table entries: 4096 (order: 6, 262144 bytes, linear)
Jul  7 14:14:18 aascedu kernel: NET: Registered PF_UNIX/PF_LOCAL protocol family
Jul  7 14:14:18 aascedu kernel: RPC: Registered named UNIX socket transport module.
Jul  7 14:14:18 aascedu kernel: RPC: Registered udp transport module.
Jul  7 14:14:18 aascedu kernel: RPC: Registered tcp transport module.
Jul  7 14:14:18 aascedu kernel: RPC: Registered tcp-with-tls transport module.
Jul  7 14:14:18 aascedu kernel: RPC: Registered tcp NFSv4.1 backchannel transport module.
Jul  7 14:14:18 aascedu kernel: pci_bus 0000:00: resource 4 [io  0x0000-0x0cf7 window]
Jul  7 14:14:18 aascedu kernel: pci_bus 0000:00: resource 5 [io  0x0d00-0xffff window]
Jul  7 14:14:18 aascedu kernel: pci_bus 0000:00: resource 6 [mem 0x000a0000-0x000bffff window]
Jul  7 14:14:18 aascedu kernel: pci_bus 0000:00: resource 7 [mem 0xc0000000-0xfebfffff window]
Jul  7 14:14:18 aascedu kernel: pci_bus 0000:00: resource 8 [mem 0x240000000-0x2bfffffff window]
Jul  7 14:14:18 aascedu kernel: pci 0000:00:01.0: PIIX3: Enabling Passive Release
Jul  7 14:14:18 aascedu kernel: pci 0000:00:00.0: Limiting direct PCI/PCI transfers
Jul  7 14:14:18 aascedu kernel: PCI: CLS 0 bytes, default 64
Jul  7 14:14:18 aascedu kernel: PCI-DMA: Using software bounce buffering for IO (SWIOTLB)
Jul  7 14:14:18 aascedu kernel: software IO TLB: mapped [mem 0x00000000bbfe0000-0x00000000bffe0000] (64MB)
Jul  7 14:14:18 aascedu kernel: RAPL PMU: API unit is 2^-32 Joules, 0 fixed counters, 10737418240 ms ovfl timer
Jul  7 14:14:18 aascedu kernel: clocksource: tsc: mask: 0xffffffffffffffff max_cycles: 0x311fd208cfc, max_idle_ns: 440795283699 ns
Jul  7 14:14:18 aascedu kernel: Initialise system trusted keyrings
Jul  7 14:14:18 aascedu kernel: workingset: timestamp_bits=40 (anon: 35) max_order=21 bucket_order=0 (anon: 0)
Jul  7 14:14:18 aascedu kernel: NFS: Registering the id_resolver key type
Jul  7 14:14:18 aascedu kernel: Key type id_resolver registered
Jul  7 14:14:18 aascedu kernel: Key type id_legacy registered
Jul  7 14:14:18 aascedu kernel: nfs4filelayout_init: NFSv4 File Layout Driver Registering...
Jul  7 14:14:18 aascedu kernel: nfs4flexfilelayout_init: NFSv4 Flexfile Layout Driver Registering...
Jul  7 14:14:18 aascedu kernel: 9p: Installing v9fs 9p2000 file system support
Jul  7 14:14:18 aascedu kernel: Key type asymmetric registered
Jul  7 14:14:18 aascedu kernel: Asymmetric key parser 'x509' registered
Jul  7 14:14:18 aascedu kernel: Block layer SCSI generic (bsg) driver version 0.4 loaded (major 251)
Jul  7 14:14:18 aascedu kernel: io scheduler mq-deadline registered
Jul  7 14:14:18 aascedu kernel: io scheduler kyber registered
Jul  7 14:14:18 aascedu kernel: input: Power Button as /devices/platform/LNXPWRBN:00/input/input0
Jul  7 14:14:18 aascedu kernel: ACPI: button: Power Button [PWRF]
Jul  7 14:14:18 aascedu kernel: ACPI: \x5c_SB_.LNKB: Enabled at IRQ 10
Jul  7 14:14:18 aascedu kernel: Serial: 8250/16550 driver, 4 ports, IRQ sharing enabled
Jul  7 14:14:18 aascedu kernel: 00:04: ttyS0 at I/O 0x3f8 (irq = 4, base_baud = 115200) is a 16550A
Jul  7 14:14:18 aascedu kernel: Non-volatile memory driver v1.3
Jul  7 14:14:18 aascedu kernel: ACPI: bus type drm_connector registered
Jul  7 14:14:18 aascedu kernel: [drm] pci: virtio-vga detected at 0000:00:02.0
Jul  7 14:14:18 aascedu kernel: virtio-pci 0000:00:02.0: vgaarb: deactivate vga console
Jul  7 14:14:18 aascedu kernel: [drm] features: -virgl +edid -resource_blob -host_visible
Jul  7 14:14:18 aascedu kernel: [drm] features: -context_init -blob_alignment
Jul  7 14:14:18 aascedu kernel: [drm] number of scanouts: 1
Jul  7 14:14:18 aascedu kernel: [drm] number of cap sets: 0
Jul  7 14:14:18 aascedu kernel: virtio-pci 0000:00:02.0: [drm] Registered 1 planes with drm panic
Jul  7 14:14:18 aascedu kernel: [drm] Initialized virtio_gpu 0.1.0 for 0000:00:02.0 on minor 0
Jul  7 14:14:18 aascedu kernel: fbcon: virtio_gpudrmfb (fb0) is primary device
Jul  7 14:14:18 aascedu kernel: Console: switching to colour frame buffer device 80x30
Jul  7 14:14:18 aascedu kernel: virtio-pci 0000:00:02.0: [drm] fb0: virtio_gpudrmfb frame buffer device
Jul  7 14:14:18 aascedu kernel: loop: module loaded
Jul  7 14:14:18 aascedu kernel: scsi host0: ata_piix
Jul  7 14:14:18 aascedu kernel: scsi host1: ata_piix
Jul  7 14:14:18 aascedu kernel: ata1: PATA max MWDMA2 cmd 0x1f0 ctl 0x3f6 bmdma 0xc040 irq 14 lpm-pol 0
Jul  7 14:14:18 aascedu kernel: ata2: PATA max MWDMA2 cmd 0x170 ctl 0x376 bmdma 0xc048 irq 15 lpm-pol 0
Jul  7 14:14:18 aascedu kernel: e100: Intel(R) PRO/100 Network Driver
Jul  7 14:14:18 aascedu kernel: e100: Copyright(c) 1999-2006 Intel Corporation
Jul  7 14:14:18 aascedu kernel: e1000: Intel(R) PRO/1000 Network Driver
Jul  7 14:14:18 aascedu kernel: e1000: Copyright (c) 1999-2006 Intel Corporation.
Jul  7 14:14:18 aascedu kernel: ACPI: \x5c_SB_.LNKC: Enabled at IRQ 11
Jul  7 14:14:18 aascedu kernel: ata2: found unknown device (class 0)
Jul  7 14:14:18 aascedu kernel: ata1: found unknown device (class 0)
Jul  7 14:14:18 aascedu kernel: ata2.00: ATAPI: QEMU DVD-ROM, 2.5+, max UDMA/100
Jul  7 14:14:18 aascedu kernel: ata1.00: Model 'QEMU HARDDISK', rev '2.5+', applying quirks: bridgeok
Jul  7 14:14:18 aascedu kernel: ata1.00: ATA-7: QEMU HARDDISK, 2.5+, max UDMA/100
Jul  7 14:14:18 aascedu kernel: ata1.00: 83886080 sectors, multi 16: LBA48 
Jul  7 14:14:18 aascedu kernel: scsi 0:0:0:0: Direct-Access     ATA      QEMU HARDDISK    2.5+ PQ: 0 ANSI: 5
Jul  7 14:14:18 aascedu kernel: sd 0:0:0:0: Attached scsi generic sg0 type 0
Jul  7 14:14:18 aascedu kernel: sd 0:0:0:0: [sda] 83886080 512-byte logical blocks: (42.9 GB/40.0 GiB)
Jul  7 14:14:18 aascedu kernel: sd 0:0:0:0: [sda] Write Protect is off
Jul  7 14:14:18 aascedu kernel: sd 0:0:0:0: [sda] Mode Sense: 00 3a 00 00
Jul  7 14:14:18 aascedu kernel: sd 0:0:0:0: [sda] Write cache: enabled, read cache: enabled, doesn't support DPO or FUA
Jul  7 14:14:18 aascedu kernel: scsi 1:0:0:0: CD-ROM            QEMU     QEMU DVD-ROM     2.5+ PQ: 0 ANSI: 5
Jul  7 14:14:18 aascedu kernel: sd 0:0:0:0: [sda] Preferred minimum I/O size 512 bytes
Jul  7 14:14:18 aascedu kernel:  sda: sda1 sda3 sda4 sda5
Jul  7 14:14:18 aascedu kernel: sd 0:0:0:0: [sda] Attached SCSI disk
Jul  7 14:14:18 aascedu kernel: sr 1:0:0:0: [sr0] scsi3-mmc drive: 4x/4x cd/rw xa/form2 tray
Jul  7 14:14:18 aascedu kernel: cdrom: Uniform CD-ROM driver Revision: 3.20
Jul  7 14:14:18 aascedu kernel: sr 1:0:0:0: Attached scsi CD-ROM sr0
Jul  7 14:14:18 aascedu kernel: sr 1:0:0:0: Attached scsi generic sg1 type 5
Jul  7 14:14:18 aascedu kernel: e1000 0000:00:03.0 eth0: (PCI:33MHz:32-bit) 52:54:00:12:34:56
Jul  7 14:14:18 aascedu kernel: e1000 0000:00:03.0 eth0: Intel(R) PRO/1000 Network Connection
Jul  7 14:14:18 aascedu kernel: e1000e: Intel(R) PRO/1000 Network Driver
Jul  7 14:14:18 aascedu kernel: e1000e: Copyright(c) 1999 - 2015 Intel Corporation.
Jul  7 14:14:18 aascedu kernel: sky2: driver version 1.30
Jul  7 14:14:18 aascedu kernel: usbcore: registered new interface driver usblp
Jul  7 14:14:18 aascedu kernel: usbcore: registered new interface driver usb-storage
Jul  7 14:14:18 aascedu kernel: i8042: PNP: PS/2 Controller [PNP0303:KBD,PNP0f13:MOU] at 0x60,0x64 irq 1,12
Jul  7 14:14:18 aascedu kernel: serio: i8042 KBD port at 0x60,0x64 irq 1
Jul  7 14:14:18 aascedu kernel: serio: i8042 AUX port at 0x60,0x64 irq 12
Jul  7 14:14:18 aascedu kernel: rtc_cmos PNP0B00:00: RTC can wake from S4
Jul  7 14:14:18 aascedu kernel: rtc_cmos PNP0B00:00: registered as rtc0
Jul  7 14:14:18 aascedu kernel: rtc_cmos PNP0B00:00: alarms up to one day, y3k, 242 bytes nvram, hpet irqs
Jul  7 14:14:18 aascedu kernel: device-mapper: ioctl: 4.50.0-ioctl (2025-04-28) initialised: dm-devel@lists.linux.dev
Jul  7 14:14:18 aascedu kernel: input: AT Translated Set 2 keyboard as /devices/platform/i8042/serio0/input/input1
Jul  7 14:14:18 aascedu kernel: intel_pstate: CPU model not supported
Jul  7 14:14:18 aascedu kernel: hid: raw HID events driver (C) Jiri Kosina
Jul  7 14:14:18 aascedu kernel: usbcore: registered new interface driver usbhid
Jul  7 14:14:18 aascedu kernel: usbhid: USB HID core driver
Jul  7 14:14:18 aascedu kernel: nf_conntrack_irc: The irc conntrack helper is scheduled for removal.\x0aPlease contact the netfilter-devel mailing list if you still need this.
Jul  7 14:14:18 aascedu kernel: Initializing XFRM netlink socket
Jul  7 14:14:18 aascedu kernel: NET: Registered PF_INET6 protocol family
Jul  7 14:14:18 aascedu kernel: Segment Routing with IPv6
Jul  7 14:14:18 aascedu kernel: In-situ OAM (IOAM) with IPv6
Jul  7 14:14:18 aascedu kernel: NET: Registered PF_PACKET protocol family
Jul  7 14:14:18 aascedu kernel: 9pnet: Installing 9P2000 support
Jul  7 14:14:18 aascedu kernel: Key type dns_resolver registered
Jul  7 14:14:18 aascedu kernel: IPI shorthand broadcast: enabled
Jul  7 14:14:18 aascedu kernel: sched_clock: Marking stable (734013705, 1363805)->(770242811, -34865301)
Jul  7 14:14:18 aascedu kernel: registered taskstats version 1
Jul  7 14:14:18 aascedu kernel: Loading compiled-in X.509 certificates
Jul  7 14:14:18 aascedu kernel: Demotion targets for Node 0: null
Jul  7 14:14:18 aascedu kernel: PM:   Magic number: 2:970:227
Jul  7 14:14:18 aascedu kernel: netconsole: network logging started
Jul  7 14:14:18 aascedu kernel: cfg80211: Loading compiled-in X.509 certificates for regulatory database
Jul  7 14:14:18 aascedu kernel: kworker/u81:2 (162) used greatest stack depth: 14032 bytes left
Jul  7 14:14:18 aascedu kernel: Loaded X.509 cert 'sforshee: 00b28ddf47aef9cea7'
Jul  7 14:14:18 aascedu kernel: Loaded X.509 cert 'wens: 61c038651aabdcf94bd0ac7ff06c7248db18c600'
Jul  7 14:14:18 aascedu kernel: ALSA device list:
Jul  7 14:14:18 aascedu kernel:   No soundcards found.
Jul  7 14:14:18 aascedu kernel: faux_driver regulatory: Direct firmware load for regulatory.db failed with error -2
Jul  7 14:14:18 aascedu kernel: cfg80211: failed to load regulatory.db
Jul  7 14:14:19 aascedu kernel: input: ImExPS/2 Generic Explorer Mouse as /devices/platform/i8042/serio1/input/input3
Jul  7 14:14:19 aascedu kernel: md: Waiting for all devices to be available before autodetect
Jul  7 14:14:19 aascedu kernel: md: If you don't use raid, use raid=noautodetect
Jul  7 14:14:19 aascedu kernel: md: Autodetecting RAID arrays.
Jul  7 14:14:19 aascedu kernel: md: autorun ...
Jul  7 14:14:19 aascedu kernel: md: ... autorun DONE.
Jul  7 14:14:19 aascedu kernel: EXT4-fs (sda5): mounted filesystem b4d7eb2a-b4ac-4ed8-99e4-9064ea766d25 ro with ordered data mode. Quota mode: none.
Jul  7 14:14:19 aascedu kernel: VFS: Mounted root (ext4 filesystem) readonly on device 8:5.
Jul  7 14:14:19 aascedu kernel: devtmpfs: mounted
Jul  7 14:14:19 aascedu kernel: VFS: Pivoted into new rootfs
Jul  7 14:14:19 aascedu kernel: Freeing unused kernel image (initmem) memory: 2936K
Jul  7 14:14:19 aascedu kernel: Write protecting the kernel read-only data: 30720k
Jul  7 14:14:19 aascedu kernel: Freeing unused kernel image (text/rodata gap) memory: 656K
Jul  7 14:14:19 aascedu kernel: Freeing unused kernel image (rodata/data gap) memory: 2040K
Jul  7 14:14:19 aascedu kernel: x86/mm: Checked W+X mappings: passed, no W+X pages found.
Jul  7 14:14:19 aascedu kernel: x86/mm: Checking user space page tables
Jul  7 14:14:19 aascedu kernel: x86/mm: Checked W+X mappings: passed, no W+X pages found.
Jul  7 14:14:19 aascedu kernel: Run /sbin/init as init process
Jul  7 14:14:19 aascedu kernel:   with arguments:
Jul  7 14:14:19 aascedu kernel:     /sbin/init
Jul  7 14:14:19 aascedu kernel:   with environment:
Jul  7 14:14:19 aascedu kernel:     HOME=/
Jul  7 14:14:19 aascedu kernel:     TERM=linux
Jul  7 14:14:19 aascedu kernel: stty (175) used greatest stack depth: 12568 bytes left
Jul  7 14:14:19 aascedu kernel: sed (194) used greatest stack depth: 12168 bytes left
Jul  7 14:14:19 aascedu kernel: e1000 0000:00:03.0 ens3: renamed from eth0
Jul  7 14:14:20 aascedu kernel: Adding 2097148k swap on /dev/sda4.  Priority:1 extents:1 across:2097148k 
Jul  7 14:14:20 aascedu kernel: EXT4-fs (sda5): re-mounted b4d7eb2a-b4ac-4ed8-99e4-9064ea766d25.
Jul  7 14:14:20 aascedu kernel: EXT4-fs (sda5): re-mounted b4d7eb2a-b4ac-4ed8-99e4-9064ea766d25 r/w.
Jul  7 14:14:20 aascedu kernel: EXT4-fs (sda3): mounting ext2 file system using the ext4 subsystem
Jul  7 14:14:20 aascedu kernel: EXT4-fs (sda3): mounted filesystem 625a4ecc-c41c-46bf-bba8-be9d697adec1 r/w without journal. Quota mode: none.
Jul  7 14:14:21 aascedu kernel: clocksource: Watchdog remote CPU 5 read timed out
Jul  7 14:14:21 aascedu kernel: rc (172) used greatest stack depth: 12152 bytes left
Jul  7 14:14:22 aascedu kernel: e1000: ens3 NIC Link is Up 1000 Mbps Full Duplex, Flow Control: RX
Jul  7 14:20:18 aascedu kernel: Linux version 7.2.0-rc2 (root@aascedu) (gcc (GCC) 15.2.0, GNU ld (GNU Binutils) 2.45) #1 SMP PREEMPT_DYNAMIC Tue Jul  7 11:59:26 CEST 2026
Jul  7 14:20:18 aascedu kernel: Command line: BOOT_IMAGE=/vmlinuz-7.2.0 root=PARTUUID=88408a23-622f-46c6-96b4-4c40c536478e ro
Jul  7 14:20:18 aascedu kernel: x86/CPU: Model not found in latest microcode list
Jul  7 14:20:18 aascedu kernel: BIOS-provided physical RAM map:
Jul  7 14:20:18 aascedu kernel: BIOS-e820: [mem 0x0000000000000000-0x000000000009fbff]  System RAM
Jul  7 14:20:18 aascedu kernel: BIOS-e820: [mem 0x000000000009fc00-0x000000000009ffff]  device reserved
Jul  7 14:20:18 aascedu kernel: BIOS-e820: [gap 0x00000000000a0000-0x00000000000effff]
Jul  7 14:20:18 aascedu kernel: BIOS-e820: [mem 0x00000000000f0000-0x00000000000fffff]  device reserved
Jul  7 14:20:18 aascedu kernel: BIOS-e820: [mem 0x0000000000100000-0x00000000bffdffff]  System RAM
Jul  7 14:20:18 aascedu kernel: BIOS-e820: [mem 0x00000000bffe0000-0x00000000bfffffff]  device reserved
Jul  7 14:20:18 aascedu kernel: BIOS-e820: [gap 0x00000000c0000000-0x00000000feffbfff]
Jul  7 14:20:18 aascedu kernel: BIOS-e820: [mem 0x00000000feffc000-0x00000000feffffff]  device reserved
Jul  7 14:20:18 aascedu kernel: BIOS-e820: [gap 0x00000000ff000000-0x00000000fffbffff]
Jul  7 14:20:18 aascedu kernel: BIOS-e820: [mem 0x00000000fffc0000-0x00000000ffffffff]  device reserved
Jul  7 14:20:18 aascedu kernel: BIOS-e820: [mem 0x0000000100000000-0x000000023fffffff]  System RAM
Jul  7 14:20:18 aascedu kernel: NX (Execute Disable) protection: active
Jul  7 14:20:18 aascedu kernel: APIC: Static calls initialized
Jul  7 14:20:18 aascedu kernel: DMI: SMBIOS 2.8 present.
Jul  7 14:20:18 aascedu kernel: DMI: QEMU Standard PC (i440FX + PIIX, 1996), BIOS 1.15.0-1 04/01/2014
Jul  7 14:20:18 aascedu kernel: DMI: Memory slots populated: 1/1
Jul  7 14:20:18 aascedu kernel: Hypervisor detected: KVM
Jul  7 14:20:18 aascedu kernel: last_pfn = 0xbffe0 max_arch_pfn = 0x400000000
Jul  7 14:20:18 aascedu kernel: kvm-clock: Using msrs 4b564d01 and 4b564d00
Jul  7 14:20:18 aascedu kernel: kvm-clock: using sched offset of 1042869628640 cycles
Jul  7 14:20:18 aascedu kernel: clocksource: kvm-clock: mask: 0xffffffffffffffff max_cycles: 0x1cd42e4dffb, max_idle_ns: 881590591483 ns
Jul  7 14:20:18 aascedu kernel: tsc: Detected 3407.998 MHz processor
Jul  7 14:20:18 aascedu kernel: e820: update [mem 0x00000000-0x00000fff] System RAM ==> device reserved
Jul  7 14:20:18 aascedu kernel: e820: remove [mem 0x000a0000-0x000fffff] System RAM
Jul  7 14:20:18 aascedu kernel: last_pfn = 0x240000 max_arch_pfn = 0x400000000
Jul  7 14:20:18 aascedu kernel: MTRR map: 4 entries (3 fixed + 1 variable; max 19), built from 8 variable MTRRs
Jul  7 14:20:18 aascedu kernel: x86/PAT: Configuration [0-7]: WB  WC  UC- UC  WB  WP  UC- WT  
Jul  7 14:20:18 aascedu kernel: last_pfn = 0xbffe0 max_arch_pfn = 0x400000000
Jul  7 14:20:18 aascedu kernel: found SMP MP-table at [mem 0x000f5b90-0x000f5b9f]
Jul  7 14:20:18 aascedu kernel: Using GB pages for direct mapping
Jul  7 14:20:18 aascedu kernel: ACPI: Early table checksum verification disabled
Jul  7 14:20:18 aascedu kernel: ACPI: RSDP 0x00000000000F59B0 000014 (v00 BOCHS )
Jul  7 14:20:18 aascedu kernel: ACPI: RSDT 0x00000000BFFE1FFD 000034 (v01 BOCHS  BXPC     00000001 BXPC 00000001)
Jul  7 14:20:18 aascedu kernel: ACPI: FACP 0x00000000BFFE1E19 000074 (v01 BOCHS  BXPC     00000001 BXPC 00000001)
Jul  7 14:20:18 aascedu kernel: ACPI: DSDT 0x00000000BFFE0040 001DD9 (v01 BOCHS  BXPC     00000001 BXPC 00000001)
Jul  7 14:20:18 aascedu kernel: ACPI: FACS 0x00000000BFFE0000 000040
Jul  7 14:20:18 aascedu kernel: ACPI: APIC 0x00000000BFFE1E8D 000110 (v01 BOCHS  BXPC     00000001 BXPC 00000001)
Jul  7 14:20:18 aascedu kernel: ACPI: HPET 0x00000000BFFE1F9D 000038 (v01 BOCHS  BXPC     00000001 BXPC 00000001)
Jul  7 14:20:18 aascedu kernel: ACPI: WAET 0x00000000BFFE1FD5 000028 (v01 BOCHS  BXPC     00000001 BXPC 00000001)
Jul  7 14:20:18 aascedu kernel: ACPI: Reserving FACP table memory at [mem 0xbffe1e19-0xbffe1e8c]
Jul  7 14:20:18 aascedu kernel: ACPI: Reserving DSDT table memory at [mem 0xbffe0040-0xbffe1e18]
Jul  7 14:20:18 aascedu kernel: ACPI: Reserving FACS table memory at [mem 0xbffe0000-0xbffe003f]
Jul  7 14:20:18 aascedu kernel: ACPI: Reserving APIC table memory at [mem 0xbffe1e8d-0xbffe1f9c]
Jul  7 14:20:18 aascedu kernel: ACPI: Reserving HPET table memory at [mem 0xbffe1f9d-0xbffe1fd4]
Jul  7 14:20:18 aascedu kernel: ACPI: Reserving WAET table memory at [mem 0xbffe1fd5-0xbffe1ffc]
Jul  7 14:20:18 aascedu kernel: No NUMA configuration found
Jul  7 14:20:18 aascedu kernel: Faking a node at [mem 0x0000000000000000-0x000000023fffffff]
Jul  7 14:20:18 aascedu kernel: NODE_DATA(0) allocated [mem 0x23fffa680-0x23fffdfff]
Jul  7 14:20:18 aascedu kernel: ACPI: PM-Timer IO Port: 0x608
Jul  7 14:20:18 aascedu kernel: ACPI: LAPIC_NMI (acpi_id[0xff] dfl dfl lint[0x1])
Jul  7 14:20:18 aascedu kernel: IOAPIC[0]: apic_id 0, version 17, address 0xfec00000, GSI 0-23
Jul  7 14:20:18 aascedu kernel: ACPI: INT_SRC_OVR (bus 0 bus_irq 0 global_irq 2 dfl dfl)
Jul  7 14:20:18 aascedu kernel: ACPI: INT_SRC_OVR (bus 0 bus_irq 5 global_irq 5 high level)
Jul  7 14:20:18 aascedu kernel: ACPI: INT_SRC_OVR (bus 0 bus_irq 9 global_irq 9 high level)
Jul  7 14:20:18 aascedu kernel: ACPI: INT_SRC_OVR (bus 0 bus_irq 10 global_irq 10 high level)
Jul  7 14:20:18 aascedu kernel: ACPI: INT_SRC_OVR (bus 0 bus_irq 11 global_irq 11 high level)
Jul  7 14:20:18 aascedu kernel: ACPI: Using ACPI (MADT) for SMP configuration information
Jul  7 14:20:18 aascedu kernel: ACPI: HPET id: 0x8086a201 base: 0xfed00000
Jul  7 14:20:18 aascedu kernel: TSC deadline timer available
Jul  7 14:20:18 aascedu kernel: CPU topo: Max. logical packages:   1
Jul  7 14:20:18 aascedu kernel: CPU topo: Max. logical nodes:      1
Jul  7 14:20:18 aascedu kernel: CPU topo: Num. nodes per package:  1
Jul  7 14:20:18 aascedu kernel: CPU topo: Max. logical dies:       1
Jul  7 14:20:18 aascedu kernel: CPU topo: Max. dies per package:   1
Jul  7 14:20:18 aascedu kernel: CPU topo: Max. threads per core:   1
Jul  7 14:20:18 aascedu kernel: CPU topo: Num. cores per package:    20
Jul  7 14:20:18 aascedu kernel: CPU topo: Num. threads per package:  20
Jul  7 14:20:18 aascedu kernel: CPU topo: Allowing 20 present CPUs plus 0 hotplug CPUs
Jul  7 14:20:18 aascedu kernel: kvm-guest: APIC: eoi() replaced with kvm_guest_apic_eoi_write()
Jul  7 14:20:18 aascedu kernel: kvm-guest: KVM setup pv remote TLB flush
Jul  7 14:20:18 aascedu kernel: kvm-guest: setup PV sched yield
Jul  7 14:20:18 aascedu kernel: PM: hibernation: Registered nosave memory: [mem 0x00000000-0x00000fff]
Jul  7 14:20:18 aascedu kernel: PM: hibernation: Registered nosave memory: [mem 0x0009f000-0x000fffff]
Jul  7 14:20:18 aascedu kernel: PM: hibernation: Registered nosave memory: [mem 0xbffe0000-0xffffffff]
Jul  7 14:20:18 aascedu kernel: [gap 0xc0000000-0xfeffbfff] available for PCI devices
Jul  7 14:20:18 aascedu kernel: Booting paravirtualized kernel on KVM
Jul  7 14:20:18 aascedu kernel: clocksource: refined-jiffies: mask: 0xffffffff max_cycles: 0xffffffff, max_idle_ns: 1910969940391419 ns
Jul  7 14:20:18 aascedu kernel: Zone ranges:
Jul  7 14:20:18 aascedu kernel:   DMA      [mem 0x0000000000001000-0x0000000000ffffff]
Jul  7 14:20:18 aascedu kernel:   DMA32    [mem 0x0000000001000000-0x00000000ffffffff]
Jul  7 14:20:18 aascedu kernel:   Normal   [mem 0x0000000100000000-0x000000023fffffff]
Jul  7 14:20:18 aascedu kernel: Movable zone start for each node
Jul  7 14:20:18 aascedu kernel: Early memory node ranges
Jul  7 14:20:18 aascedu kernel:   node   0: [mem 0x0000000000001000-0x000000000009efff]
Jul  7 14:20:18 aascedu kernel:   node   0: [mem 0x0000000000100000-0x00000000bffdffff]
Jul  7 14:20:18 aascedu kernel:   node   0: [mem 0x0000000100000000-0x000000023fffffff]
Jul  7 14:20:18 aascedu kernel: Initmem setup node 0 [mem 0x0000000000001000-0x000000023fffffff]
Jul  7 14:20:18 aascedu kernel: On node 0, zone DMA: 1 pages in unavailable ranges
Jul  7 14:20:18 aascedu kernel: On node 0, zone DMA: 97 pages in unavailable ranges
Jul  7 14:20:18 aascedu kernel: On node 0, zone Normal: 32 pages in unavailable ranges
Jul  7 14:20:18 aascedu kernel: setup_percpu: NR_CPUS:64 nr_cpumask_bits:20 nr_cpu_ids:20 nr_node_ids:1
Jul  7 14:20:18 aascedu kernel: percpu: Embedded 52 pages/cpu s176088 r8192 d28712 u262144
Jul  7 14:20:18 aascedu kernel: pcpu-alloc: s176088 r8192 d28712 u262144 alloc=1*2097152
Jul  7 14:20:18 aascedu kernel: pcpu-alloc: [0] 00 01 02 03 04 05 06 07 [0] 08 09 10 11 12 13 14 15 
Jul  7 14:20:18 aascedu kernel: pcpu-alloc: [0] 16 17 18 19 -- -- -- -- 
Jul  7 14:20:18 aascedu kernel: Kernel command line: BOOT_IMAGE=/vmlinuz-7.2.0 root=PARTUUID=88408a23-622f-46c6-96b4-4c40c536478e ro
Jul  7 14:20:18 aascedu kernel: random: crng init done
Jul  7 14:20:18 aascedu kernel: printk: log buffer data + meta data: 262144 + 917504 = 1179648 bytes
Jul  7 14:20:18 aascedu kernel: Dentry cache hash table entries: 1048576 (order: 11, 8388608 bytes, linear)
Jul  7 14:20:18 aascedu kernel: Inode-cache hash table entries: 524288 (order: 10, 4194304 bytes, linear)
Jul  7 14:20:18 aascedu kernel: software IO TLB: area num 32.
Jul  7 14:20:18 aascedu kernel: Fallback order for Node 0: 0 
Jul  7 14:20:18 aascedu kernel: Built 1 zonelists, mobility grouping on.  Total pages: 2097022
Jul  7 14:20:18 aascedu kernel: Policy zone: Normal
Jul  7 14:20:18 aascedu kernel: mem auto-init: stack:all(zero), heap alloc:off, heap free:off
Jul  7 14:20:18 aascedu kernel: SLUB: HWalign=64, Order=0-3, MinObjects=0, CPUs=20, Nodes=1
Jul  7 14:20:18 aascedu kernel: Kernel/User page tables isolation: enabled
Jul  7 14:20:18 aascedu kernel: Dynamic Preempt: lazy
Jul  7 14:20:18 aascedu kernel: rcu: Preemptible hierarchical RCU implementation.
Jul  7 14:20:18 aascedu kernel: rcu: \x09RCU event tracing is enabled.
Jul  7 14:20:18 aascedu kernel: rcu: \x09RCU restricting CPUs from NR_CPUS=64 to nr_cpu_ids=20.
Jul  7 14:20:18 aascedu kernel: \x09Trampoline variant of Tasks RCU enabled.
Jul  7 14:20:18 aascedu kernel: \x09Tracing variant of Tasks RCU enabled.
Jul  7 14:20:18 aascedu kernel: rcu: RCU calculated value of scheduler-enlistment delay is 100 jiffies.
Jul  7 14:20:18 aascedu kernel: rcu: Adjusting geometry for rcu_fanout_leaf=16, nr_cpu_ids=20
Jul  7 14:20:18 aascedu kernel: RCU Tasks: Setting shift to 5 and lim to 1 rcu_task_cb_adjust=1 rcu_task_cpu_ids=20.
Jul  7 14:20:18 aascedu kernel: NR_IRQS: 4352, nr_irqs: 584, preallocated irqs: 16
Jul  7 14:20:18 aascedu kernel: rcu: srcu_init: Setting srcu_struct sizes based on contention.
Jul  7 14:20:18 aascedu kernel: clocksource: jiffies: mask: 0xffffffff max_cycles: 0xffffffff, max_idle_ns: 1911260446275000 ns
Jul  7 14:20:18 aascedu kernel: Console: colour dummy device 80x25
Jul  7 14:20:18 aascedu kernel: printk: legacy console [tty0] enabled
Jul  7 14:20:18 aascedu kernel: ACPI: Core revision 20260408
Jul  7 14:20:18 aascedu kernel: clocksource: hpet: mask: 0xffffffff max_cycles: 0xffffffff, max_idle_ns: 19112604467 ns
Jul  7 14:20:18 aascedu kernel: APIC: Switch to symmetric I/O mode setup
Jul  7 14:20:18 aascedu kernel: x2apic enabled
Jul  7 14:20:18 aascedu kernel: APIC: Switched APIC routing to: physical x2apic
Jul  7 14:20:18 aascedu kernel: kvm-guest: APIC: send_IPI_mask() replaced with kvm_send_ipi_mask()
Jul  7 14:20:18 aascedu kernel: kvm-guest: APIC: send_IPI_mask_allbutself() replaced with kvm_send_ipi_mask_allbutself()
Jul  7 14:20:18 aascedu kernel: kvm-guest: setup PV IPIs
Jul  7 14:20:18 aascedu kernel: ..TIMER: vector=0x30 apic1=0 pin1=2 apic2=-1 pin2=-1
Jul  7 14:20:18 aascedu kernel: clocksource: tsc-early: mask: 0xffffffffffffffff max_cycles: 0x311fd208cfc, max_idle_ns: 440795283699 ns
Jul  7 14:20:18 aascedu kernel: Calibrating delay loop (skipped) preset value.. 6815.99 BogoMIPS (lpj=3407998)
Jul  7 14:20:18 aascedu kernel: x86/cpu: User Mode Instruction Prevention (UMIP) activated
Jul  7 14:20:18 aascedu kernel: Last level iTLB entries: 4KB 0, 2MB 0, 4MB 0
Jul  7 14:20:18 aascedu kernel: Last level dTLB entries: 4KB 0, 2MB 0, 4MB 0, 1GB 0
Jul  7 14:20:18 aascedu kernel: mitigations: Enabled attack vectors: user_kernel, user_user, SMT mitigations: auto
Jul  7 14:20:18 aascedu kernel: Speculative Store Bypass: Mitigation: Speculative Store Bypass disabled via prctl
Jul  7 14:20:18 aascedu kernel: SRBDS: Unknown: Dependent on hypervisor status
Jul  7 14:20:18 aascedu kernel: Spectre V2 : Mitigation: IBRS
Jul  7 14:20:18 aascedu kernel: RETBleed: Mitigation: IBRS
Jul  7 14:20:18 aascedu kernel: ITS: Mitigation: Aligned branch/return thunks
Jul  7 14:20:18 aascedu kernel: MDS: Mitigation: Clear CPU buffers
Jul  7 14:20:18 aascedu kernel: MMIO Stale Data: Vulnerable: Clear CPU buffers attempted, no microcode
Jul  7 14:20:18 aascedu kernel: Spectre V1 : Mitigation: usercopy/swapgs barriers and __user pointer sanitization
Jul  7 14:20:18 aascedu kernel: Spectre V2 : Spectre v2 / SpectreRSB: Filling RSB on context switch and VMEXIT
Jul  7 14:20:18 aascedu kernel: Spectre V2 : mitigation: Enabling conditional Indirect Branch Prediction Barrier
Jul  7 14:20:18 aascedu kernel: GDS: Unknown: Dependent on hypervisor status
Jul  7 14:20:18 aascedu kernel: active return thunk: its_return_thunk
Jul  7 14:20:18 aascedu kernel: x86/fpu: Supporting XSAVE feature 0x001: 'x87 floating point registers'
Jul  7 14:20:18 aascedu kernel: x86/fpu: Supporting XSAVE feature 0x002: 'SSE registers'
Jul  7 14:20:18 aascedu kernel: x86/fpu: Supporting XSAVE feature 0x004: 'AVX registers'
Jul  7 14:20:18 aascedu kernel: x86/fpu: Supporting XSAVE feature 0x008: 'MPX bounds registers'
Jul  7 14:20:18 aascedu kernel: x86/fpu: Supporting XSAVE feature 0x010: 'MPX CSR'
Jul  7 14:20:18 aascedu kernel: x86/fpu: xstate_offset[2]:  576, xstate_sizes[2]:  256
Jul  7 14:20:18 aascedu kernel: x86/fpu: xstate_offset[3]:  832, xstate_sizes[3]:   64
Jul  7 14:20:18 aascedu kernel: x86/fpu: xstate_offset[4]:  896, xstate_sizes[4]:   64
Jul  7 14:20:18 aascedu kernel: x86/fpu: Enabled xstate features 0x1f, context size is 960 bytes, using 'compacted' format.
Jul  7 14:20:18 aascedu kernel: pid_max: default: 32768 minimum: 301
Jul  7 14:20:18 aascedu kernel: SELinux:  Initializing.
Jul  7 14:20:18 aascedu kernel: Mount-cache hash table entries: 16384 (order: 5, 131072 bytes, linear)
Jul  7 14:20:18 aascedu kernel: Mountpoint-cache hash table entries: 16384 (order: 5, 131072 bytes, linear)
Jul  7 14:20:18 aascedu kernel: VFS: Finished mounting rootfs on nullfs
Jul  7 14:20:18 aascedu kernel: smpboot: CPU0: Intel(R) Core(TM) i5-7500 CPU @ 3.40GHz (family: 0x6, model: 0x9e, stepping: 0x9)
Jul  7 14:20:18 aascedu kernel: Performance Events: Skylake events, full-width counters, Intel PMU driver.
Jul  7 14:20:18 aascedu kernel: ... version:                   2
Jul  7 14:20:18 aascedu kernel: ... bit width:                 48
Jul  7 14:20:18 aascedu kernel: ... generic counters:          8
Jul  7 14:20:18 aascedu kernel: ... generic bitmap:            00000000000000ff
Jul  7 14:20:18 aascedu kernel: ... fixed-purpose counters:    3
Jul  7 14:20:18 aascedu kernel: ... fixed-purpose bitmap:      0000000000000007
Jul  7 14:20:18 aascedu kernel: ... value mask:                0000ffffffffffff
Jul  7 14:20:18 aascedu kernel: ... max period:                00007fffffffffff
Jul  7 14:20:18 aascedu kernel: ... global_ctrl mask:          00000007000000ff
Jul  7 14:20:18 aascedu kernel: signal: max sigframe size: 2032
Jul  7 14:20:18 aascedu kernel: rcu: Hierarchical SRCU implementation.
Jul  7 14:20:18 aascedu kernel: rcu: \x09Max phase no-delay instances is 400.
Jul  7 14:20:18 aascedu kernel: Timer migration: 2 hierarchy levels; 8 children per group; 2 crossnode level
Jul  7 14:20:18 aascedu kernel: smp: Bringing up secondary CPUs ...
Jul  7 14:20:18 aascedu kernel: smpboot: x86: Booting SMP configuration:
Jul  7 14:20:18 aascedu kernel: .... node  #0, CPUs:        #1  #2  #3  #4  #5  #6  #7  #8  #9 #10 #11 #12 #13 #14 #15 #16 #17 #18 #19
Jul  7 14:20:18 aascedu kernel: smp: Brought up 1 node, 20 CPUs
Jul  7 14:20:18 aascedu kernel: smpboot: Total of 20 processors activated (136319.92 BogoMIPS)
Jul  7 14:20:18 aascedu kernel: Memory: 8117068K/8388088K available (19820K kernel code, 3016K rwdata, 8200K rodata, 2936K init, 612K bss, 257988K reserved, 0K cma-reserved)
Jul  7 14:20:18 aascedu kernel: devtmpfs: initialized
Jul  7 14:20:18 aascedu kernel: posixtimers hash table entries: 16384 (order: 6, 262144 bytes, linear)
Jul  7 14:20:18 aascedu kernel: futex hash table entries: 8192 (524288 bytes on 1 NUMA nodes, total 512 KiB, linear).
Jul  7 14:20:18 aascedu kernel: PM: RTC time: 12:20:19, date: 2026-07-07
Jul  7 14:20:18 aascedu kernel: NET: Registered PF_NETLINK/PF_ROUTE protocol family
Jul  7 14:20:18 aascedu kernel: audit: initializing netlink subsys (disabled)
Jul  7 14:20:18 aascedu kernel: audit: type=2000 audit(1783426819.637:1): state=initialized audit_enabled=0 res=1
Jul  7 14:20:18 aascedu kernel: thermal_sys: Registered thermal governor 'step_wise'
Jul  7 14:20:18 aascedu kernel: cpuidle: using governor menu
Jul  7 14:20:18 aascedu kernel: Freeing SMP alternatives memory: 56K
Jul  7 14:20:18 aascedu kernel: PCI: Using configuration type 1 for base access
Jul  7 14:20:18 aascedu kernel: kprobes: kprobe jump-optimization is enabled. All kprobes are optimized if possible.
Jul  7 14:20:18 aascedu kernel: HugeTLB: registered 2.00 MiB page size, pre-allocated 0 pages
Jul  7 14:20:18 aascedu kernel: HugeTLB: 28 KiB vmemmap can be freed for a 2.00 MiB page
Jul  7 14:20:18 aascedu kernel: ACPI: Added _OSI(Module Device)
Jul  7 14:20:18 aascedu kernel: ACPI: Added _OSI(Processor Device)
Jul  7 14:20:18 aascedu kernel: ACPI: Added _OSI(Processor Aggregator Device)
Jul  7 14:20:18 aascedu kernel: ACPI: 1 ACPI AML tables successfully acquired and loaded
Jul  7 14:20:18 aascedu kernel: ACPI: \x5c_SB_: platform _OSC: OS support mask [002a7eee]
Jul  7 14:20:18 aascedu kernel: ACPI: Interpreter enabled
Jul  7 14:20:18 aascedu kernel: ACPI: PM: (supports S0 S3 S4 S5)
Jul  7 14:20:18 aascedu kernel: ACPI: Using IOAPIC for interrupt routing
Jul  7 14:20:18 aascedu kernel: PCI: Using host bridge windows from ACPI; if necessary, use "pci=nocrs" and report a bug
Jul  7 14:20:18 aascedu kernel: PCI: Using E820 reservations for host bridge windows
Jul  7 14:20:18 aascedu kernel: ACPI: Enabled 2 GPEs in block 00 to 0F
Jul  7 14:20:18 aascedu kernel: ACPI: PCI Root Bridge [PCI0] (domain 0000 [bus 00-ff])
Jul  7 14:20:18 aascedu kernel: acpi PNP0A03:00: _OSC: OS supports [ASPM ClockPM Segments MSI HPX-Type3]
Jul  7 14:20:18 aascedu kernel: acpi PNP0A03:00: _OSC: not requesting OS control; OS requires [ExtendedConfig ASPM ClockPM MSI]
Jul  7 14:20:18 aascedu kernel: acpi PNP0A03:00: _OSC: platform retains control of PCIe features (AE_ERROR)
Jul  7 14:20:18 aascedu kernel: acpi PNP0A03:00: fail to add MMCONFIG information, can't access extended configuration space under this bridge
Jul  7 14:20:18 aascedu kernel: PCI host bridge to bus 0000:00
Jul  7 14:20:18 aascedu kernel: pci_bus 0000:00: root bus resource [io  0x0000-0x0cf7 window]
Jul  7 14:20:18 aascedu kernel: pci_bus 0000:00: root bus resource [io  0x0d00-0xffff window]
Jul  7 14:20:18 aascedu kernel: pci_bus 0000:00: root bus resource [mem 0x000a0000-0x000bffff window]
Jul  7 14:20:18 aascedu kernel: pci_bus 0000:00: root bus resource [mem 0xc0000000-0xfebfffff window]
Jul  7 14:20:18 aascedu kernel: pci_bus 0000:00: root bus resource [mem 0x240000000-0x2bfffffff window]
Jul  7 14:20:18 aascedu kernel: pci_bus 0000:00: root bus resource [bus 00-ff]
Jul  7 14:20:18 aascedu kernel: pci 0000:00:00.0: [8086:1237] type 00 class 0x060000 conventional PCI endpoint
Jul  7 14:20:18 aascedu kernel: pci 0000:00:01.0: [8086:7000] type 00 class 0x060100 conventional PCI endpoint
Jul  7 14:20:18 aascedu kernel: pci 0000:00:01.1: [8086:7010] type 00 class 0x010180 conventional PCI endpoint
Jul  7 14:20:18 aascedu kernel: pci 0000:00:01.1: BAR 4 [io  0xc040-0xc04f]
Jul  7 14:20:18 aascedu kernel: pci 0000:00:01.1: BAR 0 [io  0x01f0-0x01f7]: legacy IDE quirk
Jul  7 14:20:18 aascedu kernel: pci 0000:00:01.1: BAR 1 [io  0x03f6]: legacy IDE quirk
Jul  7 14:20:18 aascedu kernel: pci 0000:00:01.1: BAR 2 [io  0x0170-0x0177]: legacy IDE quirk
Jul  7 14:20:18 aascedu kernel: pci 0000:00:01.1: BAR 3 [io  0x0376]: legacy IDE quirk
Jul  7 14:20:18 aascedu kernel: pci 0000:00:01.3: [8086:7113] type 00 class 0x068000 conventional PCI endpoint
Jul  7 14:20:18 aascedu kernel: pci 0000:00:01.3: quirk: [io  0x0600-0x063f] claimed by PIIX4 ACPI
Jul  7 14:20:18 aascedu kernel: pci 0000:00:01.3: quirk: [io  0x0700-0x070f] claimed by PIIX4 SMB
Jul  7 14:20:18 aascedu kernel: pci 0000:00:02.0: [1af4:1050] type 00 class 0x030000 conventional PCI endpoint
Jul  7 14:20:18 aascedu kernel: pci 0000:00:02.0: BAR 0 [mem 0xfe000000-0xfe7fffff pref]
Jul  7 14:20:18 aascedu kernel: pci 0000:00:02.0: BAR 2 [mem 0xfe800000-0xfe803fff 64bit pref]
Jul  7 14:20:18 aascedu kernel: pci 0000:00:02.0: BAR 4 [mem 0xfebb0000-0xfebb0fff]
Jul  7 14:20:18 aascedu kernel: pci 0000:00:02.0: ROM [mem 0xfeba0000-0xfebaffff pref]
Jul  7 14:20:18 aascedu kernel: pci 0000:00:02.0: Video device with shadowed ROM at [mem 0x000c0000-0x000dffff]
Jul  7 14:20:18 aascedu kernel: pci 0000:00:03.0: [8086:100e] type 00 class 0x020000 conventional PCI endpoint
Jul  7 14:20:18 aascedu kernel: pci 0000:00:03.0: BAR 0 [mem 0xfeb80000-0xfeb9ffff]
Jul  7 14:20:18 aascedu kernel: pci 0000:00:03.0: BAR 1 [io  0xc000-0xc03f]
Jul  7 14:20:18 aascedu kernel: pci 0000:00:03.0: ROM [mem 0xfeb00000-0xfeb7ffff pref]
Jul  7 14:20:18 aascedu kernel: ACPI: PCI: Interrupt link LNKA configured for IRQ 10
Jul  7 14:20:18 aascedu kernel: ACPI: PCI: Interrupt link LNKB configured for IRQ 10
Jul  7 14:20:18 aascedu kernel: ACPI: PCI: Interrupt link LNKC configured for IRQ 11
Jul  7 14:20:18 aascedu kernel: ACPI: PCI: Interrupt link LNKD configured for IRQ 11
Jul  7 14:20:18 aascedu kernel: ACPI: PCI: Interrupt link LNKS configured for IRQ 9
Jul  7 14:20:18 aascedu kernel: iommu: Default domain type: Translated
Jul  7 14:20:18 aascedu kernel: iommu: DMA domain TLB invalidation policy: lazy mode
Jul  7 14:20:18 aascedu kernel: SCSI subsystem initialized
Jul  7 14:20:18 aascedu kernel: libata version 3.00 loaded.
Jul  7 14:20:18 aascedu kernel: ACPI: bus type USB registered
Jul  7 14:20:18 aascedu kernel: usbcore: registered new interface driver usbfs
Jul  7 14:20:18 aascedu kernel: usbcore: registered new interface driver hub
Jul  7 14:20:18 aascedu kernel: usbcore: registered new device driver usb
Jul  7 14:20:18 aascedu kernel: pps_core: LinuxPPS API ver. 1 registered
Jul  7 14:20:18 aascedu kernel: pps_core: Software ver. 5.3.6 - Copyright 2005-2007 Rodolfo Giometti <giometti@linux.it>
Jul  7 14:20:18 aascedu kernel: PTP clock support registered
Jul  7 14:20:18 aascedu kernel: Advanced Linux Sound Architecture Driver Initialized.
Jul  7 14:20:18 aascedu kernel: NetLabel: Initializing
Jul  7 14:20:18 aascedu kernel: NetLabel:  domain hash size = 128
Jul  7 14:20:18 aascedu kernel: NetLabel:  protocols = UNLABELED CIPSOv4 CALIPSO
Jul  7 14:20:18 aascedu kernel: NetLabel:  unlabeled traffic allowed by default
Jul  7 14:20:18 aascedu kernel: PCI: Using ACPI for IRQ routing
Jul  7 14:20:18 aascedu kernel: PCI: pci_cache_line_size set to 64 bytes
Jul  7 14:20:18 aascedu kernel: e820: register RAM buffer resource [mem 0x0009fc00-0x0009ffff]
Jul  7 14:20:18 aascedu kernel: e820: register RAM buffer resource [mem 0xbffe0000-0xbfffffff]
Jul  7 14:20:18 aascedu kernel: pci 0000:00:02.0: vgaarb: setting as boot VGA device
Jul  7 14:20:18 aascedu kernel: pci 0000:00:02.0: vgaarb: bridge control possible
Jul  7 14:20:18 aascedu kernel: pci 0000:00:02.0: vgaarb: VGA device added: decodes=io+mem,owns=io+mem,locks=none
Jul  7 14:20:18 aascedu kernel: vgaarb: loaded
Jul  7 14:20:18 aascedu kernel: hpet0: at MMIO 0xfed00000, IRQs 2, 8, 0
Jul  7 14:20:18 aascedu kernel: hpet0: 3 comparators, 64-bit 100.000000 MHz counter
Jul  7 14:20:18 aascedu kernel: clocksource: Switched to clocksource kvm-clock
Jul  7 14:20:18 aascedu kernel: VFS: Disk quotas dquot_6.6.0
Jul  7 14:20:18 aascedu kernel: VFS: Dquot-cache hash table entries: 512 (4096 bytes)
Jul  7 14:20:18 aascedu kernel: pnp: PnP ACPI init
Jul  7 14:20:18 aascedu kernel: pnp 00:02: [dma 2]
Jul  7 14:20:18 aascedu kernel: pnp: PnP ACPI: found 5 devices
Jul  7 14:20:18 aascedu kernel: clocksource: acpi_pm: mask: 0xffffff max_cycles: 0xffffff, max_idle_ns: 2085701024 ns
Jul  7 14:20:18 aascedu kernel: NET: Registered PF_INET protocol family
Jul  7 14:20:18 aascedu kernel: IP idents hash table entries: 131072 (order: 8, 1048576 bytes, linear)
Jul  7 14:20:18 aascedu kernel: tcp_listen_portaddr_hash hash table entries: 4096 (order: 4, 65536 bytes, linear)
Jul  7 14:20:18 aascedu kernel: Table-perturb hash table entries: 65536 (order: 6, 262144 bytes, linear)
Jul  7 14:20:18 aascedu kernel: TCP established hash table entries: 65536 (order: 7, 524288 bytes, linear)
Jul  7 14:20:18 aascedu kernel: TCP bind hash table entries: 65536 (order: 9, 2097152 bytes, linear)
Jul  7 14:20:18 aascedu kernel: TCP: Hash tables configured (established 65536 bind 65536)
Jul  7 14:20:18 aascedu kernel: UDP hash table entries: 4096 (order: 6, 262144 bytes, linear)
Jul  7 14:20:18 aascedu kernel: NET: Registered PF_UNIX/PF_LOCAL protocol family
Jul  7 14:20:18 aascedu kernel: RPC: Registered named UNIX socket transport module.
Jul  7 14:20:18 aascedu kernel: RPC: Registered udp transport module.
Jul  7 14:20:18 aascedu kernel: RPC: Registered tcp transport module.
Jul  7 14:20:18 aascedu kernel: RPC: Registered tcp-with-tls transport module.
Jul  7 14:20:18 aascedu kernel: RPC: Registered tcp NFSv4.1 backchannel transport module.
Jul  7 14:20:18 aascedu kernel: pci_bus 0000:00: resource 4 [io  0x0000-0x0cf7 window]
Jul  7 14:20:18 aascedu kernel: pci_bus 0000:00: resource 5 [io  0x0d00-0xffff window]
Jul  7 14:20:18 aascedu kernel: pci_bus 0000:00: resource 6 [mem 0x000a0000-0x000bffff window]
Jul  7 14:20:18 aascedu kernel: pci_bus 0000:00: resource 7 [mem 0xc0000000-0xfebfffff window]
Jul  7 14:20:18 aascedu kernel: pci_bus 0000:00: resource 8 [mem 0x240000000-0x2bfffffff window]
Jul  7 14:20:18 aascedu kernel: pci 0000:00:01.0: PIIX3: Enabling Passive Release
Jul  7 14:20:18 aascedu kernel: pci 0000:00:00.0: Limiting direct PCI/PCI transfers
Jul  7 14:20:18 aascedu kernel: PCI: CLS 0 bytes, default 64
Jul  7 14:20:18 aascedu kernel: PCI-DMA: Using software bounce buffering for IO (SWIOTLB)
Jul  7 14:20:18 aascedu kernel: software IO TLB: mapped [mem 0x00000000bbfe0000-0x00000000bffe0000] (64MB)
Jul  7 14:20:18 aascedu kernel: RAPL PMU: API unit is 2^-32 Joules, 0 fixed counters, 10737418240 ms ovfl timer
Jul  7 14:20:18 aascedu kernel: clocksource: tsc: mask: 0xffffffffffffffff max_cycles: 0x311fd208cfc, max_idle_ns: 440795283699 ns
Jul  7 14:20:18 aascedu kernel: Initialise system trusted keyrings
Jul  7 14:20:18 aascedu kernel: workingset: timestamp_bits=40 (anon: 35) max_order=21 bucket_order=0 (anon: 0)
Jul  7 14:20:18 aascedu kernel: NFS: Registering the id_resolver key type
Jul  7 14:20:18 aascedu kernel: Key type id_resolver registered
Jul  7 14:20:18 aascedu kernel: Key type id_legacy registered
Jul  7 14:20:18 aascedu kernel: nfs4filelayout_init: NFSv4 File Layout Driver Registering...
Jul  7 14:20:18 aascedu kernel: nfs4flexfilelayout_init: NFSv4 Flexfile Layout Driver Registering...
Jul  7 14:20:18 aascedu kernel: 9p: Installing v9fs 9p2000 file system support
Jul  7 14:20:18 aascedu kernel: Key type asymmetric registered
Jul  7 14:20:18 aascedu kernel: Asymmetric key parser 'x509' registered
Jul  7 14:20:18 aascedu kernel: Block layer SCSI generic (bsg) driver version 0.4 loaded (major 251)
Jul  7 14:20:18 aascedu kernel: io scheduler mq-deadline registered
Jul  7 14:20:18 aascedu kernel: io scheduler kyber registered
Jul  7 14:20:18 aascedu kernel: input: Power Button as /devices/platform/LNXPWRBN:00/input/input0
Jul  7 14:20:18 aascedu kernel: ACPI: button: Power Button [PWRF]
Jul  7 14:20:18 aascedu kernel: ACPI: \x5c_SB_.LNKB: Enabled at IRQ 10
Jul  7 14:20:18 aascedu kernel: Serial: 8250/16550 driver, 4 ports, IRQ sharing enabled
Jul  7 14:20:18 aascedu kernel: 00:04: ttyS0 at I/O 0x3f8 (irq = 4, base_baud = 115200) is a 16550A
Jul  7 14:20:18 aascedu kernel: Non-volatile memory driver v1.3
Jul  7 14:20:18 aascedu kernel: ACPI: bus type drm_connector registered
Jul  7 14:20:18 aascedu kernel: [drm] pci: virtio-vga detected at 0000:00:02.0
Jul  7 14:20:18 aascedu kernel: virtio-pci 0000:00:02.0: vgaarb: deactivate vga console
Jul  7 14:20:18 aascedu kernel: [drm] features: -virgl +edid -resource_blob -host_visible
Jul  7 14:20:18 aascedu kernel: [drm] features: -context_init -blob_alignment
Jul  7 14:20:18 aascedu kernel: [drm] number of scanouts: 1
Jul  7 14:20:18 aascedu kernel: [drm] number of cap sets: 0
Jul  7 14:20:18 aascedu kernel: virtio-pci 0000:00:02.0: [drm] Registered 1 planes with drm panic
Jul  7 14:20:18 aascedu kernel: [drm] Initialized virtio_gpu 0.1.0 for 0000:00:02.0 on minor 0
Jul  7 14:20:18 aascedu kernel: fbcon: virtio_gpudrmfb (fb0) is primary device
Jul  7 14:20:18 aascedu kernel: Console: switching to colour frame buffer device 80x30
Jul  7 14:20:18 aascedu kernel: virtio-pci 0000:00:02.0: [drm] fb0: virtio_gpudrmfb frame buffer device
Jul  7 14:20:18 aascedu kernel: loop: module loaded
Jul  7 14:20:18 aascedu kernel: scsi host0: ata_piix
Jul  7 14:20:18 aascedu kernel: scsi host1: ata_piix
Jul  7 14:20:18 aascedu kernel: ata1: PATA max MWDMA2 cmd 0x1f0 ctl 0x3f6 bmdma 0xc040 irq 14 lpm-pol 0
Jul  7 14:20:18 aascedu kernel: ata2: PATA max MWDMA2 cmd 0x170 ctl 0x376 bmdma 0xc048 irq 15 lpm-pol 0
Jul  7 14:20:18 aascedu kernel: e100: Intel(R) PRO/100 Network Driver
Jul  7 14:20:18 aascedu kernel: e100: Copyright(c) 1999-2006 Intel Corporation
Jul  7 14:20:18 aascedu kernel: e1000: Intel(R) PRO/1000 Network Driver
Jul  7 14:20:18 aascedu kernel: e1000: Copyright (c) 1999-2006 Intel Corporation.
Jul  7 14:20:18 aascedu kernel: ACPI: \x5c_SB_.LNKC: Enabled at IRQ 11
Jul  7 14:20:18 aascedu kernel: ata1: found unknown device (class 0)
Jul  7 14:20:18 aascedu kernel: ata1.00: Model 'QEMU HARDDISK', rev '2.5+', applying quirks: bridgeok
Jul  7 14:20:18 aascedu kernel: ata1.00: ATA-7: QEMU HARDDISK, 2.5+, max UDMA/100
Jul  7 14:20:18 aascedu kernel: ata1.00: 83886080 sectors, multi 16: LBA48 
Jul  7 14:20:18 aascedu kernel: scsi 0:0:0:0: Direct-Access     ATA      QEMU HARDDISK    2.5+ PQ: 0 ANSI: 5
Jul  7 14:20:18 aascedu kernel: sd 0:0:0:0: Attached scsi generic sg0 type 0
Jul  7 14:20:18 aascedu kernel: sd 0:0:0:0: [sda] 83886080 512-byte logical blocks: (42.9 GB/40.0 GiB)
Jul  7 14:20:18 aascedu kernel: sd 0:0:0:0: [sda] Write Protect is off
Jul  7 14:20:18 aascedu kernel: sd 0:0:0:0: [sda] Mode Sense: 00 3a 00 00
Jul  7 14:20:18 aascedu kernel: sd 0:0:0:0: [sda] Write cache: enabled, read cache: enabled, doesn't support DPO or FUA
Jul  7 14:20:18 aascedu kernel: sd 0:0:0:0: [sda] Preferred minimum I/O size 512 bytes
Jul  7 14:20:18 aascedu kernel: ata2: found unknown device (class 0)
Jul  7 14:20:18 aascedu kernel: ata2.00: ATAPI: QEMU DVD-ROM, 2.5+, max UDMA/100
Jul  7 14:20:18 aascedu kernel: scsi 1:0:0:0: CD-ROM            QEMU     QEMU DVD-ROM     2.5+ PQ: 0 ANSI: 5
Jul  7 14:20:18 aascedu kernel:  sda: sda1 sda3 sda4 sda5
Jul  7 14:20:18 aascedu kernel: sd 0:0:0:0: [sda] Attached SCSI disk
Jul  7 14:20:18 aascedu kernel: sr 1:0:0:0: [sr0] scsi3-mmc drive: 4x/4x cd/rw xa/form2 tray
Jul  7 14:20:18 aascedu kernel: cdrom: Uniform CD-ROM driver Revision: 3.20
Jul  7 14:20:18 aascedu kernel: sr 1:0:0:0: Attached scsi CD-ROM sr0
Jul  7 14:20:18 aascedu kernel: sr 1:0:0:0: Attached scsi generic sg1 type 5
Jul  7 14:20:18 aascedu kernel: e1000 0000:00:03.0 eth0: (PCI:33MHz:32-bit) 52:54:00:12:34:56
Jul  7 14:20:18 aascedu kernel: e1000 0000:00:03.0 eth0: Intel(R) PRO/1000 Network Connection
Jul  7 14:20:18 aascedu kernel: e1000e: Intel(R) PRO/1000 Network Driver
Jul  7 14:20:18 aascedu kernel: e1000e: Copyright(c) 1999 - 2015 Intel Corporation.
Jul  7 14:20:18 aascedu kernel: sky2: driver version 1.30
Jul  7 14:20:18 aascedu kernel: usbcore: registered new interface driver usblp
Jul  7 14:20:18 aascedu kernel: usbcore: registered new interface driver usb-storage
Jul  7 14:20:18 aascedu kernel: i8042: PNP: PS/2 Controller [PNP0303:KBD,PNP0f13:MOU] at 0x60,0x64 irq 1,12
Jul  7 14:20:18 aascedu kernel: serio: i8042 KBD port at 0x60,0x64 irq 1
Jul  7 14:20:18 aascedu kernel: serio: i8042 AUX port at 0x60,0x64 irq 12
Jul  7 14:20:18 aascedu kernel: rtc_cmos PNP0B00:00: RTC can wake from S4
Jul  7 14:20:18 aascedu kernel: rtc_cmos PNP0B00:00: registered as rtc0
Jul  7 14:20:18 aascedu kernel: rtc_cmos PNP0B00:00: alarms up to one day, y3k, 242 bytes nvram, hpet irqs
Jul  7 14:20:18 aascedu kernel: device-mapper: ioctl: 4.50.0-ioctl (2025-04-28) initialised: dm-devel@lists.linux.dev
Jul  7 14:20:18 aascedu kernel: input: AT Translated Set 2 keyboard as /devices/platform/i8042/serio0/input/input1
Jul  7 14:20:18 aascedu kernel: intel_pstate: CPU model not supported
Jul  7 14:20:18 aascedu kernel: hid: raw HID events driver (C) Jiri Kosina
Jul  7 14:20:18 aascedu kernel: usbcore: registered new interface driver usbhid
Jul  7 14:20:18 aascedu kernel: usbhid: USB HID core driver
Jul  7 14:20:18 aascedu kernel: nf_conntrack_irc: The irc conntrack helper is scheduled for removal.\x0aPlease contact the netfilter-devel mailing list if you still need this.
Jul  7 14:20:18 aascedu kernel: Initializing XFRM netlink socket
Jul  7 14:20:18 aascedu kernel: NET: Registered PF_INET6 protocol family
Jul  7 14:20:18 aascedu kernel: Segment Routing with IPv6
Jul  7 14:20:18 aascedu kernel: In-situ OAM (IOAM) with IPv6
Jul  7 14:20:18 aascedu kernel: NET: Registered PF_PACKET protocol family
Jul  7 14:20:18 aascedu kernel: 9pnet: Installing 9P2000 support
Jul  7 14:20:18 aascedu kernel: Key type dns_resolver registered
Jul  7 14:20:18 aascedu kernel: IPI shorthand broadcast: enabled
Jul  7 14:20:18 aascedu kernel: sched_clock: Marking stable (834118650, 1439111)->(914426645, -78868884)
Jul  7 14:20:18 aascedu kernel: registered taskstats version 1
Jul  7 14:20:18 aascedu kernel: Loading compiled-in X.509 certificates
Jul  7 14:20:18 aascedu kernel: Demotion targets for Node 0: null
Jul  7 14:20:18 aascedu kernel: PM:   Magic number: 2:76:329
Jul  7 14:20:18 aascedu kernel: tty tty50: hash matches
Jul  7 14:20:18 aascedu kernel: netconsole: network logging started
Jul  7 14:20:18 aascedu kernel: cfg80211: Loading compiled-in X.509 certificates for regulatory database
Jul  7 14:20:18 aascedu kernel: kworker/u81:1 (160) used greatest stack depth: 14032 bytes left
Jul  7 14:20:18 aascedu kernel: Loaded X.509 cert 'sforshee: 00b28ddf47aef9cea7'
Jul  7 14:20:18 aascedu kernel: Loaded X.509 cert 'wens: 61c038651aabdcf94bd0ac7ff06c7248db18c600'
Jul  7 14:20:18 aascedu kernel: ALSA device list:
Jul  7 14:20:18 aascedu kernel:   No soundcards found.
Jul  7 14:20:18 aascedu kernel: faux_driver regulatory: Direct firmware load for regulatory.db failed with error -2
Jul  7 14:20:18 aascedu kernel: cfg80211: failed to load regulatory.db
Jul  7 14:20:19 aascedu kernel: input: ImExPS/2 Generic Explorer Mouse as /devices/platform/i8042/serio1/input/input3
Jul  7 14:20:19 aascedu kernel: md: Waiting for all devices to be available before autodetect
Jul  7 14:20:19 aascedu kernel: md: If you don't use raid, use raid=noautodetect
Jul  7 14:20:19 aascedu kernel: md: Autodetecting RAID arrays.
Jul  7 14:20:19 aascedu kernel: md: autorun ...
Jul  7 14:20:19 aascedu kernel: md: ... autorun DONE.
Jul  7 14:20:19 aascedu kernel: EXT4-fs (sda5): mounted filesystem b4d7eb2a-b4ac-4ed8-99e4-9064ea766d25 ro with ordered data mode. Quota mode: none.
Jul  7 14:20:19 aascedu kernel: VFS: Mounted root (ext4 filesystem) readonly on device 8:5.
Jul  7 14:20:19 aascedu kernel: devtmpfs: mounted
Jul  7 14:20:19 aascedu kernel: VFS: Pivoted into new rootfs
Jul  7 14:20:19 aascedu kernel: Freeing unused kernel image (initmem) memory: 2936K
Jul  7 14:20:19 aascedu kernel: Write protecting the kernel read-only data: 30720k
Jul  7 14:20:19 aascedu kernel: Freeing unused kernel image (text/rodata gap) memory: 656K
Jul  7 14:20:19 aascedu kernel: Freeing unused kernel image (rodata/data gap) memory: 2040K
Jul  7 14:20:19 aascedu kernel: x86/mm: Checked W+X mappings: passed, no W+X pages found.
Jul  7 14:20:19 aascedu kernel: x86/mm: Checking user space page tables
Jul  7 14:20:19 aascedu kernel: x86/mm: Checked W+X mappings: passed, no W+X pages found.
Jul  7 14:20:19 aascedu kernel: Run /sbin/init as init process
Jul  7 14:20:19 aascedu kernel:   with arguments:
Jul  7 14:20:19 aascedu kernel:     /sbin/init
Jul  7 14:20:19 aascedu kernel:   with environment:
Jul  7 14:20:19 aascedu kernel:     HOME=/
Jul  7 14:20:19 aascedu kernel:     TERM=linux
Jul  7 14:20:19 aascedu kernel: stty (171) used greatest stack depth: 12400 bytes left
Jul  7 14:20:19 aascedu kernel: chmod (185) used greatest stack depth: 12168 bytes left
Jul  7 14:20:19 aascedu kernel: e1000 0000:00:03.0 ens3: renamed from eth0
Jul  7 14:20:20 aascedu kernel: Adding 2097148k swap on /dev/sda4.  Priority:1 extents:1 across:2097148k 
Jul  7 14:20:20 aascedu kernel: EXT4-fs (sda5): re-mounted b4d7eb2a-b4ac-4ed8-99e4-9064ea766d25.
Jul  7 14:20:20 aascedu kernel: EXT4-fs (sda5): re-mounted b4d7eb2a-b4ac-4ed8-99e4-9064ea766d25 r/w.
Jul  7 14:20:20 aascedu kernel: EXT4-fs (sda3): mounting ext2 file system using the ext4 subsystem
Jul  7 14:20:20 aascedu kernel: EXT4-fs (sda3): mounted filesystem 625a4ecc-c41c-46bf-bba8-be9d697adec1 r/w without journal. Quota mode: none.
Jul  7 14:20:23 aascedu kernel: e1000: ens3 NIC Link is Up 1000 Mbps Full Duplex, Flow Control: RX
Jul  7 14:20:37 aascedu kernel: clocksource: Watchdog remote CPU 16 read timed out
Jul  8 09:07:45 aascedu kernel: Linux version 7.2.0-rc2 (root@aascedu) (gcc (GCC) 15.2.0, GNU ld (GNU Binutils) 2.45) #1 SMP PREEMPT_DYNAMIC Tue Jul  7 11:59:26 CEST 2026
Jul  8 09:07:45 aascedu kernel: Command line: BOOT_IMAGE=/vmlinuz-7.2.0 root=PARTUUID=88408a23-622f-46c6-96b4-4c40c536478e ro
Jul  8 09:07:45 aascedu kernel: x86/CPU: Model not found in latest microcode list
Jul  8 09:07:45 aascedu kernel: BIOS-provided physical RAM map:
Jul  8 09:07:45 aascedu kernel: BIOS-e820: [mem 0x0000000000000000-0x000000000009fbff]  System RAM
Jul  8 09:07:45 aascedu kernel: BIOS-e820: [mem 0x000000000009fc00-0x000000000009ffff]  device reserved
Jul  8 09:07:45 aascedu kernel: BIOS-e820: [gap 0x00000000000a0000-0x00000000000effff]
Jul  8 09:07:45 aascedu kernel: BIOS-e820: [mem 0x00000000000f0000-0x00000000000fffff]  device reserved
Jul  8 09:07:45 aascedu kernel: BIOS-e820: [mem 0x0000000000100000-0x00000000bffdffff]  System RAM
Jul  8 09:07:45 aascedu kernel: BIOS-e820: [mem 0x00000000bffe0000-0x00000000bfffffff]  device reserved
Jul  8 09:07:45 aascedu kernel: BIOS-e820: [gap 0x00000000c0000000-0x00000000feffbfff]
Jul  8 09:07:45 aascedu kernel: BIOS-e820: [mem 0x00000000feffc000-0x00000000feffffff]  device reserved
Jul  8 09:07:45 aascedu kernel: BIOS-e820: [gap 0x00000000ff000000-0x00000000fffbffff]
Jul  8 09:07:45 aascedu kernel: BIOS-e820: [mem 0x00000000fffc0000-0x00000000ffffffff]  device reserved
Jul  8 09:07:45 aascedu kernel: BIOS-e820: [mem 0x0000000100000000-0x000000023fffffff]  System RAM
Jul  8 09:07:45 aascedu kernel: NX (Execute Disable) protection: active
Jul  8 09:07:45 aascedu kernel: APIC: Static calls initialized
Jul  8 09:07:45 aascedu kernel: DMI: SMBIOS 2.8 present.
Jul  8 09:07:45 aascedu kernel: DMI: QEMU Standard PC (i440FX + PIIX, 1996), BIOS 1.15.0-1 04/01/2014
Jul  8 09:07:45 aascedu kernel: DMI: Memory slots populated: 1/1
Jul  8 09:07:45 aascedu kernel: Hypervisor detected: KVM
Jul  8 09:07:45 aascedu kernel: last_pfn = 0xbffe0 max_arch_pfn = 0x400000000
Jul  8 09:07:45 aascedu kernel: kvm-clock: Using msrs 4b564d01 and 4b564d00
Jul  8 09:07:45 aascedu kernel: kvm-clock: using sched offset of 4841114438 cycles
Jul  8 09:07:45 aascedu kernel: clocksource: kvm-clock: mask: 0xffffffffffffffff max_cycles: 0x1cd42e4dffb, max_idle_ns: 881590591483 ns
Jul  8 09:07:45 aascedu kernel: tsc: Detected 3407.998 MHz processor
Jul  8 09:07:45 aascedu kernel: e820: update [mem 0x00000000-0x00000fff] System RAM ==> device reserved
Jul  8 09:07:45 aascedu kernel: e820: remove [mem 0x000a0000-0x000fffff] System RAM
Jul  8 09:07:45 aascedu kernel: last_pfn = 0x240000 max_arch_pfn = 0x400000000
Jul  8 09:07:45 aascedu kernel: MTRR map: 4 entries (3 fixed + 1 variable; max 19), built from 8 variable MTRRs
Jul  8 09:07:45 aascedu kernel: x86/PAT: Configuration [0-7]: WB  WC  UC- UC  WB  WP  UC- WT  
Jul  8 09:07:45 aascedu kernel: last_pfn = 0xbffe0 max_arch_pfn = 0x400000000
Jul  8 09:07:45 aascedu kernel: found SMP MP-table at [mem 0x000f5b90-0x000f5b9f]
Jul  8 09:07:45 aascedu kernel: Using GB pages for direct mapping
Jul  8 09:07:45 aascedu kernel: ACPI: Early table checksum verification disabled
Jul  8 09:07:45 aascedu kernel: ACPI: RSDP 0x00000000000F59B0 000014 (v00 BOCHS )
Jul  8 09:07:45 aascedu kernel: ACPI: RSDT 0x00000000BFFE1FFD 000034 (v01 BOCHS  BXPC     00000001 BXPC 00000001)
Jul  8 09:07:45 aascedu kernel: ACPI: FACP 0x00000000BFFE1E19 000074 (v01 BOCHS  BXPC     00000001 BXPC 00000001)
Jul  8 09:07:45 aascedu kernel: ACPI: DSDT 0x00000000BFFE0040 001DD9 (v01 BOCHS  BXPC     00000001 BXPC 00000001)
Jul  8 09:07:45 aascedu kernel: ACPI: FACS 0x00000000BFFE0000 000040
Jul  8 09:07:45 aascedu kernel: ACPI: APIC 0x00000000BFFE1E8D 000110 (v01 BOCHS  BXPC     00000001 BXPC 00000001)
Jul  8 09:07:45 aascedu kernel: ACPI: HPET 0x00000000BFFE1F9D 000038 (v01 BOCHS  BXPC     00000001 BXPC 00000001)
Jul  8 09:07:45 aascedu kernel: ACPI: WAET 0x00000000BFFE1FD5 000028 (v01 BOCHS  BXPC     00000001 BXPC 00000001)
Jul  8 09:07:45 aascedu kernel: ACPI: Reserving FACP table memory at [mem 0xbffe1e19-0xbffe1e8c]
Jul  8 09:07:45 aascedu kernel: ACPI: Reserving DSDT table memory at [mem 0xbffe0040-0xbffe1e18]
Jul  8 09:07:45 aascedu kernel: ACPI: Reserving FACS table memory at [mem 0xbffe0000-0xbffe003f]
Jul  8 09:07:45 aascedu kernel: ACPI: Reserving APIC table memory at [mem 0xbffe1e8d-0xbffe1f9c]
Jul  8 09:07:45 aascedu kernel: ACPI: Reserving HPET table memory at [mem 0xbffe1f9d-0xbffe1fd4]
Jul  8 09:07:45 aascedu kernel: ACPI: Reserving WAET table memory at [mem 0xbffe1fd5-0xbffe1ffc]
Jul  8 09:07:45 aascedu kernel: No NUMA configuration found
Jul  8 09:07:45 aascedu kernel: Faking a node at [mem 0x0000000000000000-0x000000023fffffff]
Jul  8 09:07:45 aascedu kernel: NODE_DATA(0) allocated [mem 0x23fffa680-0x23fffdfff]
Jul  8 09:07:45 aascedu kernel: ACPI: PM-Timer IO Port: 0x608
Jul  8 09:07:45 aascedu kernel: ACPI: LAPIC_NMI (acpi_id[0xff] dfl dfl lint[0x1])
Jul  8 09:07:45 aascedu kernel: IOAPIC[0]: apic_id 0, version 17, address 0xfec00000, GSI 0-23
Jul  8 09:07:45 aascedu kernel: ACPI: INT_SRC_OVR (bus 0 bus_irq 0 global_irq 2 dfl dfl)
Jul  8 09:07:45 aascedu kernel: ACPI: INT_SRC_OVR (bus 0 bus_irq 5 global_irq 5 high level)
Jul  8 09:07:45 aascedu kernel: ACPI: INT_SRC_OVR (bus 0 bus_irq 9 global_irq 9 high level)
Jul  8 09:07:45 aascedu kernel: ACPI: INT_SRC_OVR (bus 0 bus_irq 10 global_irq 10 high level)
Jul  8 09:07:45 aascedu kernel: ACPI: INT_SRC_OVR (bus 0 bus_irq 11 global_irq 11 high level)
Jul  8 09:07:45 aascedu kernel: ACPI: Using ACPI (MADT) for SMP configuration information
Jul  8 09:07:45 aascedu kernel: ACPI: HPET id: 0x8086a201 base: 0xfed00000
Jul  8 09:07:45 aascedu kernel: TSC deadline timer available
Jul  8 09:07:45 aascedu kernel: CPU topo: Max. logical packages:   1
Jul  8 09:07:45 aascedu kernel: CPU topo: Max. logical nodes:      1
Jul  8 09:07:45 aascedu kernel: CPU topo: Num. nodes per package:  1
Jul  8 09:07:45 aascedu kernel: CPU topo: Max. logical dies:       1
Jul  8 09:07:45 aascedu kernel: CPU topo: Max. dies per package:   1
Jul  8 09:07:45 aascedu kernel: CPU topo: Max. threads per core:   1
Jul  8 09:07:45 aascedu kernel: CPU topo: Num. cores per package:    20
Jul  8 09:07:45 aascedu kernel: CPU topo: Num. threads per package:  20
Jul  8 09:07:45 aascedu kernel: CPU topo: Allowing 20 present CPUs plus 0 hotplug CPUs
Jul  8 09:07:45 aascedu kernel: kvm-guest: APIC: eoi() replaced with kvm_guest_apic_eoi_write()
Jul  8 09:07:45 aascedu kernel: kvm-guest: KVM setup pv remote TLB flush
Jul  8 09:07:45 aascedu kernel: kvm-guest: setup PV sched yield
Jul  8 09:07:45 aascedu kernel: PM: hibernation: Registered nosave memory: [mem 0x00000000-0x00000fff]
Jul  8 09:07:45 aascedu kernel: PM: hibernation: Registered nosave memory: [mem 0x0009f000-0x000fffff]
Jul  8 09:07:45 aascedu kernel: PM: hibernation: Registered nosave memory: [mem 0xbffe0000-0xffffffff]
Jul  8 09:07:45 aascedu kernel: [gap 0xc0000000-0xfeffbfff] available for PCI devices
Jul  8 09:07:45 aascedu kernel: Booting paravirtualized kernel on KVM
Jul  8 09:07:45 aascedu kernel: clocksource: refined-jiffies: mask: 0xffffffff max_cycles: 0xffffffff, max_idle_ns: 1910969940391419 ns
Jul  8 09:07:45 aascedu kernel: Zone ranges:
Jul  8 09:07:45 aascedu kernel:   DMA      [mem 0x0000000000001000-0x0000000000ffffff]
Jul  8 09:07:45 aascedu kernel:   DMA32    [mem 0x0000000001000000-0x00000000ffffffff]
Jul  8 09:07:45 aascedu kernel:   Normal   [mem 0x0000000100000000-0x000000023fffffff]
Jul  8 09:07:45 aascedu kernel: Movable zone start for each node
Jul  8 09:07:45 aascedu kernel: Early memory node ranges
Jul  8 09:07:45 aascedu kernel:   node   0: [mem 0x0000000000001000-0x000000000009efff]
Jul  8 09:07:45 aascedu kernel:   node   0: [mem 0x0000000000100000-0x00000000bffdffff]
Jul  8 09:07:45 aascedu kernel:   node   0: [mem 0x0000000100000000-0x000000023fffffff]
Jul  8 09:07:45 aascedu kernel: Initmem setup node 0 [mem 0x0000000000001000-0x000000023fffffff]
Jul  8 09:07:45 aascedu kernel: On node 0, zone DMA: 1 pages in unavailable ranges
Jul  8 09:07:45 aascedu kernel: On node 0, zone DMA: 97 pages in unavailable ranges
Jul  8 09:07:45 aascedu kernel: On node 0, zone Normal: 32 pages in unavailable ranges
Jul  8 09:07:45 aascedu kernel: setup_percpu: NR_CPUS:64 nr_cpumask_bits:20 nr_cpu_ids:20 nr_node_ids:1
Jul  8 09:07:45 aascedu kernel: percpu: Embedded 52 pages/cpu s176088 r8192 d28712 u262144
Jul  8 09:07:45 aascedu kernel: pcpu-alloc: s176088 r8192 d28712 u262144 alloc=1*2097152
Jul  8 09:07:45 aascedu kernel: pcpu-alloc: [0] 00 01 02 03 04 05 06 07 [0] 08 09 10 11 12 13 14 15 
Jul  8 09:07:45 aascedu kernel: pcpu-alloc: [0] 16 17 18 19 -- -- -- -- 
Jul  8 09:07:45 aascedu kernel: Kernel command line: BOOT_IMAGE=/vmlinuz-7.2.0 root=PARTUUID=88408a23-622f-46c6-96b4-4c40c536478e ro
Jul  8 09:07:45 aascedu kernel: random: crng init done
Jul  8 09:07:45 aascedu kernel: printk: log buffer data + meta data: 262144 + 917504 = 1179648 bytes
Jul  8 09:07:45 aascedu kernel: Dentry cache hash table entries: 1048576 (order: 11, 8388608 bytes, linear)
Jul  8 09:07:45 aascedu kernel: Inode-cache hash table entries: 524288 (order: 10, 4194304 bytes, linear)
Jul  8 09:07:45 aascedu kernel: software IO TLB: area num 32.
Jul  8 09:07:45 aascedu kernel: Fallback order for Node 0: 0 
Jul  8 09:07:45 aascedu kernel: Built 1 zonelists, mobility grouping on.  Total pages: 2097022
Jul  8 09:07:45 aascedu kernel: Policy zone: Normal
Jul  8 09:07:45 aascedu kernel: mem auto-init: stack:all(zero), heap alloc:off, heap free:off
Jul  8 09:07:45 aascedu kernel: SLUB: HWalign=64, Order=0-3, MinObjects=0, CPUs=20, Nodes=1
Jul  8 09:07:45 aascedu kernel: Kernel/User page tables isolation: enabled
Jul  8 09:07:45 aascedu kernel: Dynamic Preempt: lazy
Jul  8 09:07:45 aascedu kernel: rcu: Preemptible hierarchical RCU implementation.
Jul  8 09:07:45 aascedu kernel: rcu: \x09RCU event tracing is enabled.
Jul  8 09:07:45 aascedu kernel: rcu: \x09RCU restricting CPUs from NR_CPUS=64 to nr_cpu_ids=20.
Jul  8 09:07:45 aascedu kernel: \x09Trampoline variant of Tasks RCU enabled.
Jul  8 09:07:45 aascedu kernel: \x09Tracing variant of Tasks RCU enabled.
Jul  8 09:07:45 aascedu kernel: rcu: RCU calculated value of scheduler-enlistment delay is 100 jiffies.
Jul  8 09:07:45 aascedu kernel: rcu: Adjusting geometry for rcu_fanout_leaf=16, nr_cpu_ids=20
Jul  8 09:07:45 aascedu kernel: RCU Tasks: Setting shift to 5 and lim to 1 rcu_task_cb_adjust=1 rcu_task_cpu_ids=20.
Jul  8 09:07:45 aascedu kernel: NR_IRQS: 4352, nr_irqs: 584, preallocated irqs: 16
Jul  8 09:07:45 aascedu kernel: rcu: srcu_init: Setting srcu_struct sizes based on contention.
Jul  8 09:07:45 aascedu kernel: clocksource: jiffies: mask: 0xffffffff max_cycles: 0xffffffff, max_idle_ns: 1911260446275000 ns
Jul  8 09:07:45 aascedu kernel: Console: colour dummy device 80x25
Jul  8 09:07:45 aascedu kernel: printk: legacy console [tty0] enabled
Jul  8 09:07:45 aascedu kernel: ACPI: Core revision 20260408
Jul  8 09:07:45 aascedu kernel: clocksource: hpet: mask: 0xffffffff max_cycles: 0xffffffff, max_idle_ns: 19112604467 ns
Jul  8 09:07:45 aascedu kernel: APIC: Switch to symmetric I/O mode setup
Jul  8 09:07:45 aascedu kernel: x2apic enabled
Jul  8 09:07:45 aascedu kernel: APIC: Switched APIC routing to: physical x2apic
Jul  8 09:07:45 aascedu kernel: kvm-guest: APIC: send_IPI_mask() replaced with kvm_send_ipi_mask()
Jul  8 09:07:45 aascedu kernel: kvm-guest: APIC: send_IPI_mask_allbutself() replaced with kvm_send_ipi_mask_allbutself()
Jul  8 09:07:45 aascedu kernel: kvm-guest: setup PV IPIs
Jul  8 09:07:45 aascedu kernel: ..TIMER: vector=0x30 apic1=0 pin1=2 apic2=-1 pin2=-1
Jul  8 09:07:45 aascedu kernel: clocksource: tsc-early: mask: 0xffffffffffffffff max_cycles: 0x311fd208cfc, max_idle_ns: 440795283699 ns
Jul  8 09:07:45 aascedu kernel: Calibrating delay loop (skipped) preset value.. 6815.99 BogoMIPS (lpj=3407998)
Jul  8 09:07:45 aascedu kernel: x86/cpu: User Mode Instruction Prevention (UMIP) activated
Jul  8 09:07:45 aascedu kernel: Last level iTLB entries: 4KB 0, 2MB 0, 4MB 0
Jul  8 09:07:45 aascedu kernel: Last level dTLB entries: 4KB 0, 2MB 0, 4MB 0, 1GB 0
Jul  8 09:07:45 aascedu kernel: mitigations: Enabled attack vectors: user_kernel, user_user, SMT mitigations: auto
Jul  8 09:07:45 aascedu kernel: Speculative Store Bypass: Mitigation: Speculative Store Bypass disabled via prctl
Jul  8 09:07:45 aascedu kernel: SRBDS: Unknown: Dependent on hypervisor status
Jul  8 09:07:45 aascedu kernel: Spectre V2 : Mitigation: IBRS
Jul  8 09:07:45 aascedu kernel: RETBleed: Mitigation: IBRS
Jul  8 09:07:45 aascedu kernel: ITS: Mitigation: Aligned branch/return thunks
Jul  8 09:07:45 aascedu kernel: MDS: Mitigation: Clear CPU buffers
Jul  8 09:07:45 aascedu kernel: MMIO Stale Data: Vulnerable: Clear CPU buffers attempted, no microcode
Jul  8 09:07:45 aascedu kernel: Spectre V1 : Mitigation: usercopy/swapgs barriers and __user pointer sanitization
Jul  8 09:07:45 aascedu kernel: Spectre V2 : Spectre v2 / SpectreRSB: Filling RSB on context switch and VMEXIT
Jul  8 09:07:45 aascedu kernel: Spectre V2 : mitigation: Enabling conditional Indirect Branch Prediction Barrier
Jul  8 09:07:45 aascedu kernel: GDS: Unknown: Dependent on hypervisor status
Jul  8 09:07:45 aascedu kernel: active return thunk: its_return_thunk
Jul  8 09:07:45 aascedu kernel: x86/fpu: Supporting XSAVE feature 0x001: 'x87 floating point registers'
Jul  8 09:07:45 aascedu kernel: x86/fpu: Supporting XSAVE feature 0x002: 'SSE registers'
Jul  8 09:07:45 aascedu kernel: x86/fpu: Supporting XSAVE feature 0x004: 'AVX registers'
Jul  8 09:07:45 aascedu kernel: x86/fpu: Supporting XSAVE feature 0x008: 'MPX bounds registers'
Jul  8 09:07:45 aascedu kernel: x86/fpu: Supporting XSAVE feature 0x010: 'MPX CSR'
Jul  8 09:07:45 aascedu kernel: x86/fpu: xstate_offset[2]:  576, xstate_sizes[2]:  256
Jul  8 09:07:45 aascedu kernel: x86/fpu: xstate_offset[3]:  832, xstate_sizes[3]:   64
Jul  8 09:07:45 aascedu kernel: x86/fpu: xstate_offset[4]:  896, xstate_sizes[4]:   64
Jul  8 09:07:45 aascedu kernel: x86/fpu: Enabled xstate features 0x1f, context size is 960 bytes, using 'compacted' format.
Jul  8 09:07:45 aascedu kernel: pid_max: default: 32768 minimum: 301
Jul  8 09:07:45 aascedu kernel: SELinux:  Initializing.
Jul  8 09:07:45 aascedu kernel: Mount-cache hash table entries: 16384 (order: 5, 131072 bytes, linear)
Jul  8 09:07:45 aascedu kernel: Mountpoint-cache hash table entries: 16384 (order: 5, 131072 bytes, linear)
Jul  8 09:07:45 aascedu kernel: VFS: Finished mounting rootfs on nullfs
Jul  8 09:07:45 aascedu kernel: smpboot: CPU0: Intel(R) Core(TM) i5-7500 CPU @ 3.40GHz (family: 0x6, model: 0x9e, stepping: 0x9)
Jul  8 09:07:45 aascedu kernel: Performance Events: Skylake events, full-width counters, Intel PMU driver.
Jul  8 09:07:45 aascedu kernel: ... version:                   2
Jul  8 09:07:45 aascedu kernel: ... bit width:                 48
Jul  8 09:07:45 aascedu kernel: ... generic counters:          8
Jul  8 09:07:45 aascedu kernel: ... generic bitmap:            00000000000000ff
Jul  8 09:07:45 aascedu kernel: ... fixed-purpose counters:    3
Jul  8 09:07:45 aascedu kernel: ... fixed-purpose bitmap:      0000000000000007
Jul  8 09:07:45 aascedu kernel: ... value mask:                0000ffffffffffff
Jul  8 09:07:45 aascedu kernel: ... max period:                00007fffffffffff
Jul  8 09:07:45 aascedu kernel: ... global_ctrl mask:          00000007000000ff
Jul  8 09:07:45 aascedu kernel: signal: max sigframe size: 2032
Jul  8 09:07:45 aascedu kernel: rcu: Hierarchical SRCU implementation.
Jul  8 09:07:45 aascedu kernel: rcu: \x09Max phase no-delay instances is 400.
Jul  8 09:07:45 aascedu kernel: Timer migration: 2 hierarchy levels; 8 children per group; 2 crossnode level
Jul  8 09:07:45 aascedu kernel: smp: Bringing up secondary CPUs ...
Jul  8 09:07:45 aascedu kernel: smpboot: x86: Booting SMP configuration:
Jul  8 09:07:45 aascedu kernel: .... node  #0, CPUs:        #1  #2  #3  #4  #5  #6  #7  #8  #9 #10 #11 #12 #13 #14 #15 #16 #17 #18 #19
Jul  8 09:07:45 aascedu kernel: smp: Brought up 1 node, 20 CPUs
Jul  8 09:07:45 aascedu kernel: smpboot: Total of 20 processors activated (136319.92 BogoMIPS)
Jul  8 09:07:45 aascedu kernel: Memory: 8117072K/8388088K available (19820K kernel code, 3016K rwdata, 8200K rodata, 2936K init, 612K bss, 257988K reserved, 0K cma-reserved)
Jul  8 09:07:45 aascedu kernel: devtmpfs: initialized
Jul  8 09:07:45 aascedu kernel: posixtimers hash table entries: 16384 (order: 6, 262144 bytes, linear)
Jul  8 09:07:45 aascedu kernel: futex hash table entries: 8192 (524288 bytes on 1 NUMA nodes, total 512 KiB, linear).
Jul  8 09:07:45 aascedu kernel: PM: RTC time: 07:07:46, date: 2026-07-08
Jul  8 09:07:45 aascedu kernel: NET: Registered PF_NETLINK/PF_ROUTE protocol family
Jul  8 09:07:45 aascedu kernel: audit: initializing netlink subsys (disabled)
Jul  8 09:07:45 aascedu kernel: audit: type=2000 audit(1783494466.376:1): state=initialized audit_enabled=0 res=1
Jul  8 09:07:45 aascedu kernel: thermal_sys: Registered thermal governor 'step_wise'
Jul  8 09:07:45 aascedu kernel: cpuidle: using governor menu
Jul  8 09:07:45 aascedu kernel: Freeing SMP alternatives memory: 56K
Jul  8 09:07:45 aascedu kernel: PCI: Using configuration type 1 for base access
Jul  8 09:07:45 aascedu kernel: kprobes: kprobe jump-optimization is enabled. All kprobes are optimized if possible.
Jul  8 09:07:45 aascedu kernel: HugeTLB: registered 2.00 MiB page size, pre-allocated 0 pages
Jul  8 09:07:45 aascedu kernel: HugeTLB: 28 KiB vmemmap can be freed for a 2.00 MiB page
Jul  8 09:07:45 aascedu kernel: ACPI: Added _OSI(Module Device)
Jul  8 09:07:45 aascedu kernel: ACPI: Added _OSI(Processor Device)
Jul  8 09:07:45 aascedu kernel: ACPI: Added _OSI(Processor Aggregator Device)
Jul  8 09:07:45 aascedu kernel: ACPI: 1 ACPI AML tables successfully acquired and loaded
Jul  8 09:07:45 aascedu kernel: ACPI: \x5c_SB_: platform _OSC: OS support mask [002a7eee]
Jul  8 09:07:45 aascedu kernel: ACPI: Interpreter enabled
Jul  8 09:07:45 aascedu kernel: ACPI: PM: (supports S0 S3 S4 S5)
Jul  8 09:07:45 aascedu kernel: ACPI: Using IOAPIC for interrupt routing
Jul  8 09:07:45 aascedu kernel: PCI: Using host bridge windows from ACPI; if necessary, use "pci=nocrs" and report a bug
Jul  8 09:07:45 aascedu kernel: PCI: Using E820 reservations for host bridge windows
Jul  8 09:07:45 aascedu kernel: ACPI: Enabled 2 GPEs in block 00 to 0F
Jul  8 09:07:45 aascedu kernel: ACPI: PCI Root Bridge [PCI0] (domain 0000 [bus 00-ff])
Jul  8 09:07:45 aascedu kernel: acpi PNP0A03:00: _OSC: OS supports [ASPM ClockPM Segments MSI HPX-Type3]
Jul  8 09:07:45 aascedu kernel: acpi PNP0A03:00: _OSC: not requesting OS control; OS requires [ExtendedConfig ASPM ClockPM MSI]
Jul  8 09:07:45 aascedu kernel: acpi PNP0A03:00: _OSC: platform retains control of PCIe features (AE_ERROR)
Jul  8 09:07:45 aascedu kernel: acpi PNP0A03:00: fail to add MMCONFIG information, can't access extended configuration space under this bridge
Jul  8 09:07:45 aascedu kernel: PCI host bridge to bus 0000:00
Jul  8 09:07:45 aascedu kernel: pci_bus 0000:00: root bus resource [io  0x0000-0x0cf7 window]
Jul  8 09:07:45 aascedu kernel: pci_bus 0000:00: root bus resource [io  0x0d00-0xffff window]
Jul  8 09:07:45 aascedu kernel: pci_bus 0000:00: root bus resource [mem 0x000a0000-0x000bffff window]
Jul  8 09:07:45 aascedu kernel: pci_bus 0000:00: root bus resource [mem 0xc0000000-0xfebfffff window]
Jul  8 09:07:45 aascedu kernel: pci_bus 0000:00: root bus resource [mem 0x240000000-0x2bfffffff window]
Jul  8 09:07:45 aascedu kernel: pci_bus 0000:00: root bus resource [bus 00-ff]
Jul  8 09:07:45 aascedu kernel: pci 0000:00:00.0: [8086:1237] type 00 class 0x060000 conventional PCI endpoint
Jul  8 09:07:45 aascedu kernel: pci 0000:00:01.0: [8086:7000] type 00 class 0x060100 conventional PCI endpoint
Jul  8 09:07:45 aascedu kernel: pci 0000:00:01.1: [8086:7010] type 00 class 0x010180 conventional PCI endpoint
Jul  8 09:07:45 aascedu kernel: pci 0000:00:01.1: BAR 4 [io  0xc040-0xc04f]
Jul  8 09:07:45 aascedu kernel: pci 0000:00:01.1: BAR 0 [io  0x01f0-0x01f7]: legacy IDE quirk
Jul  8 09:07:45 aascedu kernel: pci 0000:00:01.1: BAR 1 [io  0x03f6]: legacy IDE quirk
Jul  8 09:07:45 aascedu kernel: pci 0000:00:01.1: BAR 2 [io  0x0170-0x0177]: legacy IDE quirk
Jul  8 09:07:45 aascedu kernel: pci 0000:00:01.1: BAR 3 [io  0x0376]: legacy IDE quirk
Jul  8 09:07:45 aascedu kernel: pci 0000:00:01.3: [8086:7113] type 00 class 0x068000 conventional PCI endpoint
Jul  8 09:07:45 aascedu kernel: pci 0000:00:01.3: quirk: [io  0x0600-0x063f] claimed by PIIX4 ACPI
Jul  8 09:07:45 aascedu kernel: pci 0000:00:01.3: quirk: [io  0x0700-0x070f] claimed by PIIX4 SMB
Jul  8 09:07:45 aascedu kernel: pci 0000:00:02.0: [1af4:1050] type 00 class 0x030000 conventional PCI endpoint
Jul  8 09:07:45 aascedu kernel: pci 0000:00:02.0: BAR 0 [mem 0xfe000000-0xfe7fffff pref]
Jul  8 09:07:45 aascedu kernel: pci 0000:00:02.0: BAR 2 [mem 0xfe800000-0xfe803fff 64bit pref]
Jul  8 09:07:45 aascedu kernel: pci 0000:00:02.0: BAR 4 [mem 0xfebb0000-0xfebb0fff]
Jul  8 09:07:45 aascedu kernel: pci 0000:00:02.0: ROM [mem 0xfeba0000-0xfebaffff pref]
Jul  8 09:07:45 aascedu kernel: pci 0000:00:02.0: Video device with shadowed ROM at [mem 0x000c0000-0x000dffff]
Jul  8 09:07:45 aascedu kernel: pci 0000:00:03.0: [8086:100e] type 00 class 0x020000 conventional PCI endpoint
Jul  8 09:07:45 aascedu kernel: pci 0000:00:03.0: BAR 0 [mem 0xfeb80000-0xfeb9ffff]
Jul  8 09:07:45 aascedu kernel: pci 0000:00:03.0: BAR 1 [io  0xc000-0xc03f]
Jul  8 09:07:45 aascedu kernel: pci 0000:00:03.0: ROM [mem 0xfeb00000-0xfeb7ffff pref]
Jul  8 09:07:45 aascedu kernel: ACPI: PCI: Interrupt link LNKA configured for IRQ 10
Jul  8 09:07:45 aascedu kernel: ACPI: PCI: Interrupt link LNKB configured for IRQ 10
Jul  8 09:07:45 aascedu kernel: ACPI: PCI: Interrupt link LNKC configured for IRQ 11
Jul  8 09:07:45 aascedu kernel: ACPI: PCI: Interrupt link LNKD configured for IRQ 11
Jul  8 09:07:45 aascedu kernel: ACPI: PCI: Interrupt link LNKS configured for IRQ 9
Jul  8 09:07:45 aascedu kernel: iommu: Default domain type: Translated
Jul  8 09:07:45 aascedu kernel: iommu: DMA domain TLB invalidation policy: lazy mode
Jul  8 09:07:45 aascedu kernel: SCSI subsystem initialized
Jul  8 09:07:45 aascedu kernel: libata version 3.00 loaded.
Jul  8 09:07:45 aascedu kernel: ACPI: bus type USB registered
Jul  8 09:07:45 aascedu kernel: usbcore: registered new interface driver usbfs
Jul  8 09:07:45 aascedu kernel: usbcore: registered new interface driver hub
Jul  8 09:07:45 aascedu kernel: usbcore: registered new device driver usb
Jul  8 09:07:45 aascedu kernel: pps_core: LinuxPPS API ver. 1 registered
Jul  8 09:07:45 aascedu kernel: pps_core: Software ver. 5.3.6 - Copyright 2005-2007 Rodolfo Giometti <giometti@linux.it>
Jul  8 09:07:45 aascedu kernel: PTP clock support registered
Jul  8 09:07:45 aascedu kernel: Advanced Linux Sound Architecture Driver Initialized.
Jul  8 09:07:45 aascedu kernel: NetLabel: Initializing
Jul  8 09:07:45 aascedu kernel: NetLabel:  domain hash size = 128
Jul  8 09:07:45 aascedu kernel: NetLabel:  protocols = UNLABELED CIPSOv4 CALIPSO
Jul  8 09:07:45 aascedu kernel: NetLabel:  unlabeled traffic allowed by default
Jul  8 09:07:45 aascedu kernel: PCI: Using ACPI for IRQ routing
Jul  8 09:07:45 aascedu kernel: PCI: pci_cache_line_size set to 64 bytes
Jul  8 09:07:45 aascedu kernel: e820: register RAM buffer resource [mem 0x0009fc00-0x0009ffff]
Jul  8 09:07:45 aascedu kernel: e820: register RAM buffer resource [mem 0xbffe0000-0xbfffffff]
Jul  8 09:07:45 aascedu kernel: pci 0000:00:02.0: vgaarb: setting as boot VGA device
Jul  8 09:07:45 aascedu kernel: pci 0000:00:02.0: vgaarb: bridge control possible
Jul  8 09:07:45 aascedu kernel: pci 0000:00:02.0: vgaarb: VGA device added: decodes=io+mem,owns=io+mem,locks=none
Jul  8 09:07:45 aascedu kernel: vgaarb: loaded
Jul  8 09:07:45 aascedu kernel: hpet0: at MMIO 0xfed00000, IRQs 2, 8, 0
Jul  8 09:07:45 aascedu kernel: hpet0: 3 comparators, 64-bit 100.000000 MHz counter
Jul  8 09:07:45 aascedu kernel: clocksource: Switched to clocksource kvm-clock
Jul  8 09:07:45 aascedu kernel: VFS: Disk quotas dquot_6.6.0
Jul  8 09:07:45 aascedu kernel: VFS: Dquot-cache hash table entries: 512 (4096 bytes)
Jul  8 09:07:45 aascedu kernel: pnp: PnP ACPI init
Jul  8 09:07:45 aascedu kernel: pnp 00:02: [dma 2]
Jul  8 09:07:45 aascedu kernel: pnp: PnP ACPI: found 5 devices
Jul  8 09:07:45 aascedu kernel: clocksource: acpi_pm: mask: 0xffffff max_cycles: 0xffffff, max_idle_ns: 2085701024 ns
Jul  8 09:07:45 aascedu kernel: NET: Registered PF_INET protocol family
Jul  8 09:07:45 aascedu kernel: IP idents hash table entries: 131072 (order: 8, 1048576 bytes, linear)
Jul  8 09:07:45 aascedu kernel: tcp_listen_portaddr_hash hash table entries: 4096 (order: 4, 65536 bytes, linear)
Jul  8 09:07:45 aascedu kernel: Table-perturb hash table entries: 65536 (order: 6, 262144 bytes, linear)
Jul  8 09:07:45 aascedu kernel: TCP established hash table entries: 65536 (order: 7, 524288 bytes, linear)
Jul  8 09:07:45 aascedu kernel: TCP bind hash table entries: 65536 (order: 9, 2097152 bytes, linear)
Jul  8 09:07:45 aascedu kernel: TCP: Hash tables configured (established 65536 bind 65536)
Jul  8 09:07:45 aascedu kernel: UDP hash table entries: 4096 (order: 6, 262144 bytes, linear)
Jul  8 09:07:45 aascedu kernel: NET: Registered PF_UNIX/PF_LOCAL protocol family
Jul  8 09:07:45 aascedu kernel: RPC: Registered named UNIX socket transport module.
Jul  8 09:07:45 aascedu kernel: RPC: Registered udp transport module.
Jul  8 09:07:45 aascedu kernel: RPC: Registered tcp transport module.
Jul  8 09:07:45 aascedu kernel: RPC: Registered tcp-with-tls transport module.
Jul  8 09:07:45 aascedu kernel: RPC: Registered tcp NFSv4.1 backchannel transport module.
Jul  8 09:07:45 aascedu kernel: pci_bus 0000:00: resource 4 [io  0x0000-0x0cf7 window]
Jul  8 09:07:45 aascedu kernel: pci_bus 0000:00: resource 5 [io  0x0d00-0xffff window]
Jul  8 09:07:45 aascedu kernel: pci_bus 0000:00: resource 6 [mem 0x000a0000-0x000bffff window]
Jul  8 09:07:45 aascedu kernel: pci_bus 0000:00: resource 7 [mem 0xc0000000-0xfebfffff window]
Jul  8 09:07:45 aascedu kernel: pci_bus 0000:00: resource 8 [mem 0x240000000-0x2bfffffff window]
Jul  8 09:07:45 aascedu kernel: pci 0000:00:01.0: PIIX3: Enabling Passive Release
Jul  8 09:07:45 aascedu kernel: pci 0000:00:00.0: Limiting direct PCI/PCI transfers
Jul  8 09:07:45 aascedu kernel: PCI: CLS 0 bytes, default 64
Jul  8 09:07:45 aascedu kernel: PCI-DMA: Using software bounce buffering for IO (SWIOTLB)
Jul  8 09:07:45 aascedu kernel: software IO TLB: mapped [mem 0x00000000bbfe0000-0x00000000bffe0000] (64MB)
Jul  8 09:07:45 aascedu kernel: RAPL PMU: API unit is 2^-32 Joules, 0 fixed counters, 10737418240 ms ovfl timer
Jul  8 09:07:45 aascedu kernel: clocksource: tsc: mask: 0xffffffffffffffff max_cycles: 0x311fd208cfc, max_idle_ns: 440795283699 ns
Jul  8 09:07:45 aascedu kernel: Initialise system trusted keyrings
Jul  8 09:07:45 aascedu kernel: workingset: timestamp_bits=40 (anon: 35) max_order=21 bucket_order=0 (anon: 0)
Jul  8 09:07:45 aascedu kernel: NFS: Registering the id_resolver key type
Jul  8 09:07:45 aascedu kernel: Key type id_resolver registered
Jul  8 09:07:45 aascedu kernel: Key type id_legacy registered
Jul  8 09:07:45 aascedu kernel: nfs4filelayout_init: NFSv4 File Layout Driver Registering...
Jul  8 09:07:45 aascedu kernel: nfs4flexfilelayout_init: NFSv4 Flexfile Layout Driver Registering...
Jul  8 09:07:45 aascedu kernel: 9p: Installing v9fs 9p2000 file system support
Jul  8 09:07:45 aascedu kernel: Key type asymmetric registered
Jul  8 09:07:45 aascedu kernel: Asymmetric key parser 'x509' registered
Jul  8 09:07:45 aascedu kernel: Block layer SCSI generic (bsg) driver version 0.4 loaded (major 251)
Jul  8 09:07:45 aascedu kernel: io scheduler mq-deadline registered
Jul  8 09:07:45 aascedu kernel: io scheduler kyber registered
Jul  8 09:07:45 aascedu kernel: input: Power Button as /devices/platform/LNXPWRBN:00/input/input0
Jul  8 09:07:45 aascedu kernel: ACPI: button: Power Button [PWRF]
Jul  8 09:07:45 aascedu kernel: ACPI: \x5c_SB_.LNKB: Enabled at IRQ 10
Jul  8 09:07:45 aascedu kernel: Serial: 8250/16550 driver, 4 ports, IRQ sharing enabled
Jul  8 09:07:45 aascedu kernel: 00:04: ttyS0 at I/O 0x3f8 (irq = 4, base_baud = 115200) is a 16550A
Jul  8 09:07:45 aascedu kernel: Non-volatile memory driver v1.3
Jul  8 09:07:45 aascedu kernel: ACPI: bus type drm_connector registered
Jul  8 09:07:45 aascedu kernel: [drm] pci: virtio-vga detected at 0000:00:02.0
Jul  8 09:07:45 aascedu kernel: virtio-pci 0000:00:02.0: vgaarb: deactivate vga console
Jul  8 09:07:45 aascedu kernel: [drm] features: -virgl +edid -resource_blob -host_visible
Jul  8 09:07:45 aascedu kernel: [drm] features: -context_init -blob_alignment
Jul  8 09:07:45 aascedu kernel: [drm] number of scanouts: 1
Jul  8 09:07:45 aascedu kernel: [drm] number of cap sets: 0
Jul  8 09:07:45 aascedu kernel: virtio-pci 0000:00:02.0: [drm] Registered 1 planes with drm panic
Jul  8 09:07:45 aascedu kernel: [drm] Initialized virtio_gpu 0.1.0 for 0000:00:02.0 on minor 0
Jul  8 09:07:45 aascedu kernel: fbcon: virtio_gpudrmfb (fb0) is primary device
Jul  8 09:07:45 aascedu kernel: Console: switching to colour frame buffer device 80x30
Jul  8 09:07:45 aascedu kernel: virtio-pci 0000:00:02.0: [drm] fb0: virtio_gpudrmfb frame buffer device
Jul  8 09:07:45 aascedu kernel: loop: module loaded
Jul  8 09:07:45 aascedu kernel: scsi host0: ata_piix
Jul  8 09:07:45 aascedu kernel: scsi host1: ata_piix
Jul  8 09:07:45 aascedu kernel: ata1: PATA max MWDMA2 cmd 0x1f0 ctl 0x3f6 bmdma 0xc040 irq 14 lpm-pol 0
Jul  8 09:07:45 aascedu kernel: ata2: PATA max MWDMA2 cmd 0x170 ctl 0x376 bmdma 0xc048 irq 15 lpm-pol 0
Jul  8 09:07:45 aascedu kernel: e100: Intel(R) PRO/100 Network Driver
Jul  8 09:07:45 aascedu kernel: e100: Copyright(c) 1999-2006 Intel Corporation
Jul  8 09:07:45 aascedu kernel: e1000: Intel(R) PRO/1000 Network Driver
Jul  8 09:07:45 aascedu kernel: e1000: Copyright (c) 1999-2006 Intel Corporation.
Jul  8 09:07:45 aascedu kernel: ACPI: \x5c_SB_.LNKC: Enabled at IRQ 11
Jul  8 09:07:45 aascedu kernel: ata2: found unknown device (class 0)
Jul  8 09:07:45 aascedu kernel: ata1: found unknown device (class 0)
Jul  8 09:07:45 aascedu kernel: ata2.00: ATAPI: QEMU DVD-ROM, 2.5+, max UDMA/100
Jul  8 09:07:45 aascedu kernel: ata1.00: Model 'QEMU HARDDISK', rev '2.5+', applying quirks: bridgeok
Jul  8 09:07:45 aascedu kernel: ata1.00: ATA-7: QEMU HARDDISK, 2.5+, max UDMA/100
Jul  8 09:07:45 aascedu kernel: ata1.00: 83886080 sectors, multi 16: LBA48 
Jul  8 09:07:45 aascedu kernel: scsi 0:0:0:0: Direct-Access     ATA      QEMU HARDDISK    2.5+ PQ: 0 ANSI: 5
Jul  8 09:07:45 aascedu kernel: sd 0:0:0:0: [sda] 83886080 512-byte logical blocks: (42.9 GB/40.0 GiB)
Jul  8 09:07:45 aascedu kernel: sd 0:0:0:0: Attached scsi generic sg0 type 0
Jul  8 09:07:45 aascedu kernel: sd 0:0:0:0: [sda] Write Protect is off
Jul  8 09:07:45 aascedu kernel: sd 0:0:0:0: [sda] Mode Sense: 00 3a 00 00
Jul  8 09:07:45 aascedu kernel: sd 0:0:0:0: [sda] Write cache: enabled, read cache: enabled, doesn't support DPO or FUA
Jul  8 09:07:45 aascedu kernel: sd 0:0:0:0: [sda] Preferred minimum I/O size 512 bytes
Jul  8 09:07:45 aascedu kernel: scsi 1:0:0:0: CD-ROM            QEMU     QEMU DVD-ROM     2.5+ PQ: 0 ANSI: 5
Jul  8 09:07:45 aascedu kernel:  sda: sda1 sda3 sda4 sda5
Jul  8 09:07:45 aascedu kernel: sd 0:0:0:0: [sda] Attached SCSI disk
Jul  8 09:07:45 aascedu kernel: sr 1:0:0:0: [sr0] scsi3-mmc drive: 4x/4x cd/rw xa/form2 tray
Jul  8 09:07:45 aascedu kernel: cdrom: Uniform CD-ROM driver Revision: 3.20
Jul  8 09:07:45 aascedu kernel: sr 1:0:0:0: Attached scsi CD-ROM sr0
Jul  8 09:07:45 aascedu kernel: sr 1:0:0:0: Attached scsi generic sg1 type 5
Jul  8 09:07:45 aascedu kernel: e1000 0000:00:03.0 eth0: (PCI:33MHz:32-bit) 52:54:00:12:34:56
Jul  8 09:07:45 aascedu kernel: e1000 0000:00:03.0 eth0: Intel(R) PRO/1000 Network Connection
Jul  8 09:07:45 aascedu kernel: e1000e: Intel(R) PRO/1000 Network Driver
Jul  8 09:07:45 aascedu kernel: e1000e: Copyright(c) 1999 - 2015 Intel Corporation.
Jul  8 09:07:45 aascedu kernel: sky2: driver version 1.30
Jul  8 09:07:45 aascedu kernel: usbcore: registered new interface driver usblp
Jul  8 09:07:45 aascedu kernel: usbcore: registered new interface driver usb-storage
Jul  8 09:07:45 aascedu kernel: i8042: PNP: PS/2 Controller [PNP0303:KBD,PNP0f13:MOU] at 0x60,0x64 irq 1,12
Jul  8 09:07:45 aascedu kernel: serio: i8042 KBD port at 0x60,0x64 irq 1
Jul  8 09:07:45 aascedu kernel: serio: i8042 AUX port at 0x60,0x64 irq 12
Jul  8 09:07:45 aascedu kernel: rtc_cmos PNP0B00:00: RTC can wake from S4
Jul  8 09:07:45 aascedu kernel: rtc_cmos PNP0B00:00: registered as rtc0
Jul  8 09:07:45 aascedu kernel: input: AT Translated Set 2 keyboard as /devices/platform/i8042/serio0/input/input1
Jul  8 09:07:45 aascedu kernel: rtc_cmos PNP0B00:00: alarms up to one day, y3k, 242 bytes nvram, hpet irqs
Jul  8 09:07:45 aascedu kernel: device-mapper: ioctl: 4.50.0-ioctl (2025-04-28) initialised: dm-devel@lists.linux.dev
Jul  8 09:07:45 aascedu kernel: intel_pstate: CPU model not supported
Jul  8 09:07:45 aascedu kernel: hid: raw HID events driver (C) Jiri Kosina
Jul  8 09:07:45 aascedu kernel: usbcore: registered new interface driver usbhid
Jul  8 09:07:45 aascedu kernel: usbhid: USB HID core driver
Jul  8 09:07:45 aascedu kernel: nf_conntrack_irc: The irc conntrack helper is scheduled for removal.\x0aPlease contact the netfilter-devel mailing list if you still need this.
Jul  8 09:07:45 aascedu kernel: Initializing XFRM netlink socket
Jul  8 09:07:45 aascedu kernel: NET: Registered PF_INET6 protocol family
Jul  8 09:07:45 aascedu kernel: Segment Routing with IPv6
Jul  8 09:07:45 aascedu kernel: In-situ OAM (IOAM) with IPv6
Jul  8 09:07:45 aascedu kernel: NET: Registered PF_PACKET protocol family
Jul  8 09:07:45 aascedu kernel: 9pnet: Installing 9P2000 support
Jul  8 09:07:45 aascedu kernel: Key type dns_resolver registered
Jul  8 09:07:45 aascedu kernel: IPI shorthand broadcast: enabled
Jul  8 09:07:45 aascedu kernel: sched_clock: Marking stable (809002341, 1580420)->(876159623, -65576862)
Jul  8 09:07:45 aascedu kernel: registered taskstats version 1
Jul  8 09:07:45 aascedu kernel: Loading compiled-in X.509 certificates
Jul  8 09:07:45 aascedu kernel: Demotion targets for Node 0: null
Jul  8 09:07:45 aascedu kernel: PM:   Magic number: 2:412:116
Jul  8 09:07:45 aascedu kernel: netconsole: network logging started
Jul  8 09:07:45 aascedu kernel: cfg80211: Loading compiled-in X.509 certificates for regulatory database
Jul  8 09:07:45 aascedu kernel: kworker/u81:3 (164) used greatest stack depth: 14032 bytes left
Jul  8 09:07:45 aascedu kernel: Loaded X.509 cert 'sforshee: 00b28ddf47aef9cea7'
Jul  8 09:07:45 aascedu kernel: Loaded X.509 cert 'wens: 61c038651aabdcf94bd0ac7ff06c7248db18c600'
Jul  8 09:07:45 aascedu kernel: ALSA device list:
Jul  8 09:07:45 aascedu kernel: faux_driver regulatory: Direct firmware load for regulatory.db failed with error -2
Jul  8 09:07:45 aascedu kernel: cfg80211: failed to load regulatory.db
Jul  8 09:07:45 aascedu kernel:   No soundcards found.
Jul  8 09:07:46 aascedu kernel: input: ImExPS/2 Generic Explorer Mouse as /devices/platform/i8042/serio1/input/input3
Jul  8 09:07:46 aascedu kernel: md: Waiting for all devices to be available before autodetect
Jul  8 09:07:46 aascedu kernel: md: If you don't use raid, use raid=noautodetect
Jul  8 09:07:46 aascedu kernel: md: Autodetecting RAID arrays.
Jul  8 09:07:46 aascedu kernel: md: autorun ...
Jul  8 09:07:46 aascedu kernel: md: ... autorun DONE.
Jul  8 09:07:46 aascedu kernel: EXT4-fs (sda5): INFO: recovery required on readonly filesystem
Jul  8 09:07:46 aascedu kernel: EXT4-fs (sda5): write access will be enabled during recovery
Jul  8 09:07:46 aascedu kernel: EXT4-fs (sda5): recovery complete
Jul  8 09:07:46 aascedu kernel: EXT4-fs (sda5): mounted filesystem b4d7eb2a-b4ac-4ed8-99e4-9064ea766d25 ro with ordered data mode. Quota mode: none.
Jul  8 09:07:46 aascedu kernel: VFS: Mounted root (ext4 filesystem) readonly on device 8:5.
Jul  8 09:07:46 aascedu kernel: devtmpfs: mounted
Jul  8 09:07:46 aascedu kernel: VFS: Pivoted into new rootfs
Jul  8 09:07:46 aascedu kernel: Freeing unused kernel image (initmem) memory: 2936K
Jul  8 09:07:46 aascedu kernel: Write protecting the kernel read-only data: 30720k
Jul  8 09:07:46 aascedu kernel: Freeing unused kernel image (text/rodata gap) memory: 656K
Jul  8 09:07:46 aascedu kernel: Freeing unused kernel image (rodata/data gap) memory: 2040K
Jul  8 09:07:46 aascedu kernel: x86/mm: Checked W+X mappings: passed, no W+X pages found.
Jul  8 09:07:46 aascedu kernel: x86/mm: Checking user space page tables
Jul  8 09:07:46 aascedu kernel: x86/mm: Checked W+X mappings: passed, no W+X pages found.
Jul  8 09:07:46 aascedu kernel: Run /sbin/init as init process
Jul  8 09:07:46 aascedu kernel:   with arguments:
Jul  8 09:07:46 aascedu kernel:     /sbin/init
Jul  8 09:07:46 aascedu kernel:   with environment:
Jul  8 09:07:46 aascedu kernel:     HOME=/
Jul  8 09:07:46 aascedu kernel:     TERM=linux
Jul  8 09:07:46 aascedu kernel: stty (181) used greatest stack depth: 12400 bytes left
Jul  8 09:07:48 aascedu kernel: e1000 0000:00:03.0 ens3: renamed from eth0
Jul  8 09:07:49 aascedu kernel: clocksource: Watchdog remote CPU 7 read timed out
Jul  8 09:07:49 aascedu kernel: Adding 2097148k swap on /dev/sda4.  Priority:1 extents:1 across:2097148k 
Jul  8 09:07:49 aascedu kernel: EXT4-fs (sda5): re-mounted b4d7eb2a-b4ac-4ed8-99e4-9064ea766d25.
Jul  8 09:07:49 aascedu kernel: EXT4-fs (sda5): re-mounted b4d7eb2a-b4ac-4ed8-99e4-9064ea766d25 r/w.
Jul  8 09:07:49 aascedu kernel: EXT4-fs (sda3): mounting ext2 file system using the ext4 subsystem
Jul  8 09:07:49 aascedu kernel: EXT4-fs (sda3): mounted filesystem 625a4ecc-c41c-46bf-bba8-be9d697adec1 r/w without journal. Quota mode: none.
Jul  8 09:07:51 aascedu kernel: e1000: ens3 NIC Link is Up 1000 Mbps Full Duplex, Flow Control: RX
Jul  8 09:07:56 aascedu kernel: (udev-worker) (382) used greatest stack depth: 12376 bytes left
